{"type":"FeatureCollection","features":[{"type":"Feature","properties":{"id":"01","name":"Adygey"},"geometry":{"type":"Polygon","coordinates":[[[39.648,45.164],[39.781,45.162],[39.875,45.102],[40.029,45.062],[40.142,45.102],[40.3,45.095],[40.539,44.932],[40.639,44.753],[40.714,44.677],[40.68,44.686],[40.644,44.652],[40.736,44.493],[40.744,44.583],[40.69,44.638],[40.716,44.675],[40.757,44.606],[40.815,44.475],[40.725,44.449],[40.683,44.488],[40.68,44.582],[40.563,44.729],[40.457,44.754],[40.387,44.672],[40.357,44.588],[40.5,44.359],[40.416,44.188],[40.476,43.976],[40.429,43.877],[40.354,43.809],[40.29,43.79],[40.165,43.867],[40.038,43.881],[39.938,43.947],[39.731,43.937],[39.648,43.989],[39.741,44.02],[39.718,44.075],[39.793,44.099],[39.712,44.2],[39.77,44.229],[39.871,44.187],[39.946,44.09],[40.018,44.098],[40.095,44.149],[40.09,44.274],[40.028,44.274],[39.982,44.337],[39.912,44.334],[39.861,44.372],[39.896,44.452],[39.841,44.584],[39.92,44.638],[39.917,44.711],[40.049,44.773],[39.955,44.82],[40.006,44.859],[39.999,44.903],[39.898,44.936],[39.929,44.992],[39.827,45.015],[39.761,45],[39.67,45.056],[39.615,44.983],[39.581,44.86],[39.42,44.823],[39.156,44.861],[39.001,44.85],[38.81,44.906],[38.718,44.975],[38.601,44.989],[38.57,45.033],[38.632,45.089],[38.699,45.046],[38.811,45.06],[38.955,44.997],[39.185,45.007],[39.467,45.097],[39.585,45.174],[39.648,45.164]]]}},{"type":"Feature","properties":{"id":"02","name":"Altay"},"geometry":{"type":"Polygon","coordinates":[[[85.361,54.226],[85.39,54.196],[85.517,54.211],[85.762,54.131],[85.81,54.067],[85.902,54.045],[85.914,54.015],[86.11,53.961],[86.161,53.917],[86.186,53.82],[86.271,53.795],[86.356,53.635],[86.453,53.588],[86.514,53.499],[86.904,53.47],[86.903,53.389],[86.847,53.313],[86.65,53.256],[86.628,53.225],[86.698,53.161],[87.008,53.007],[87.027,52.899],[86.947,52.851],[86.945,52.783],[86.99,52.692],[87.082,52.696],[87.115,52.667],[87.115,52.597],[87.002,52.646],[86.91,52.636],[86.712,52.536],[86.664,52.537],[86.645,52.514],[86.692,52.434],[86.658,52.304],[86.711,52.279],[86.719,52.13],[86.434,52.126],[86.407,52.06],[86.353,52.031],[86.043,52.074],[85.805,52.048],[85.784,52.038],[85.83,51.982],[85.851,51.888],[85.753,51.857],[85.752,51.794],[85.719,51.765],[85.461,51.636],[85.485,51.574],[85.232,51.509],[85.027,51.495],[84.897,51.439],[84.737,51.431],[84.447,51.291],[84.194,51.269],[84.14,51.113],[84.091,51.147],[83.975,51.115],[83.992,51.053],[84.104,51.061],[84.165,51.044],[84.197,51.002],[84.499,50.967],[84.473,50.886],[84.604,50.837],[84.499,50.784],[84.51,50.737],[84.437,50.706],[84.387,50.72],[84.109,50.655],[84.051,50.648],[83.96,50.729],[83.944,50.79],[83.792,50.893],[83.39,50.99],[83.41,51.015],[83.19,50.989],[83.093,51.037],[83.075,50.991],[82.96,50.918],[82.719,50.944],[82.693,50.838],[82.548,50.769],[82.262,50.786],[82.141,50.749],[81.987,50.81],[81.862,50.821],[81.793,50.796],[81.78,50.817],[81.763,50.772],[81.452,50.761],[81.478,50.833],[81.413,50.901],[81.434,50.92],[81.391,50.996],[81.061,50.959],[81.077,51.053],[81.145,51.163],[81.127,51.219],[81.05,51.19],[80.904,51.256],[80.682,51.308],[80.647,51.293],[80.622,51.207],[80.441,51.206],[80.436,51.127],[80.478,51.081],[80.469,50.974],[80.2,50.906],[80.193,50.832],[80.065,50.847],[80.079,50.757],[79.161,51.95],[78.445,52.753],[77.872,53.306],[77.916,53.372],[77.957,53.362],[77.979,53.388],[77.942,53.42],[77.96,53.434],[78.063,53.45],[77.959,53.487],[77.956,53.558],[78.1,53.563],[78.173,53.611],[78.196,53.592],[78.178,53.536],[78.291,53.483],[78.591,53.528],[78.629,53.56],[78.614,53.598],[78.64,53.632],[78.693,53.656],[78.927,53.683],[78.997,53.659],[79.028,53.696],[79.088,53.67],[79.183,53.679],[79.265,53.718],[79.366,53.684],[79.462,53.708],[79.581,53.758],[79.601,53.808],[79.821,53.849],[79.846,53.91],[80.066,53.99],[80.038,54.031],[80.1,54.058],[80.146,54.07],[80.186,54.026],[80.246,54.036],[80.41,54.114],[80.529,54.122],[80.508,54.168],[80.578,54.207],[80.819,54.25],[80.781,54.317],[80.857,54.365],[80.913,54.361],[80.948,54.269],[81.078,54.194],[81.111,54.116],[81.448,54.087],[81.563,54.018],[81.567,53.925],[81.828,53.921],[81.82,53.868],[81.716,53.828],[81.784,53.724],[82.135,53.679],[82.188,53.662],[82.156,53.612],[82.353,53.526],[82.453,53.514],[82.558,53.536],[82.526,53.56],[82.652,53.634],[82.633,53.674],[82.709,53.711],[82.702,53.801],[82.753,53.842],[83.157,54.042],[83.288,54.034],[83.328,53.961],[83.407,53.942],[83.499,54.002],[83.484,54.088],[83.803,54.117],[83.954,54.101],[84.239,54.188],[84.419,54.135],[84.616,54.28],[84.904,54.362],[85.081,54.382],[85.086,54.406],[85.141,54.418],[85.361,54.226]]]}},{"type":"Feature","properties":{"id":"03","name":"Amur"},"geometry":{"type":"Polygon","coordinates":[[[120.674,57.056],[121.487,56.994],[121.542,56.964],[121.578,56.876],[121.64,56.858],[121.645,56.771],[121.879,56.746],[122.178,56.764],[122.677,56.506],[122.85,56.53],[122.906,56.605],[123.101,56.49],[123.29,56.441],[123.456,56.415],[123.865,56.423],[123.995,56.378],[124.272,56.123],[124.425,56.067],[124.471,55.95],[124.544,55.921],[124.726,55.927],[124.732,55.897],[124.989,55.848],[125.132,55.888],[125.394,55.878],[125.609,55.768],[125.773,55.795],[125.989,55.754],[126.059,55.728],[126.077,55.623],[126.165,55.611],[126.467,55.597],[126.656,55.669],[126.689,55.639],[126.887,55.613],[126.956,55.682],[127.074,55.705],[127.329,55.701],[127.417,55.6],[127.598,55.623],[127.685,55.713],[127.767,55.72],[127.863,55.663],[127.968,55.69],[128.081,55.676],[128.142,55.704],[128.241,55.69],[128.468,55.611],[128.536,55.559],[128.672,55.557],[128.792,55.507],[128.889,55.523],[128.986,55.501],[129.143,55.581],[129.116,55.633],[129.035,55.679],[129.464,55.761],[129.819,55.742],[129.877,55.766],[129.942,55.76],[130.01,55.71],[130.107,55.734],[130.225,55.712],[130.306,55.755],[130.724,55.773],[131.107,55.67],[131.267,55.668],[131.69,55.715],[131.76,55.713],[131.778,55.675],[132.139,55.7],[132.348,55.754],[132.51,55.739],[132.547,55.723],[132.588,55.64],[132.678,55.603],[132.635,55.542],[132.675,55.506],[132.927,55.424],[132.896,55.391],[132.724,55.379],[132.597,55.242],[132.402,55.213],[132.399,55.124],[132.35,55.08],[132.086,55.042],[132.045,54.968],[131.973,54.921],[131.873,54.905],[131.813,54.848],[131.625,54.808],[131.599,54.766],[131.42,54.75],[131.378,54.691],[131.241,54.65],[131.216,54.603],[131.239,54.559],[131.12,54.342],[130.948,54.344],[130.739,54.286],[130.666,54.214],[130.561,54.177],[130.502,54.012],[130.378,53.929],[130.479,53.897],[130.624,53.908],[130.7,53.855],[130.815,53.851],[130.918,53.784],[131.056,53.825],[131.213,53.778],[131.279,53.796],[131.387,53.777],[131.43,53.75],[131.42,53.705],[131.501,53.541],[131.468,53.495],[131.576,53.357],[131.56,53.312],[131.443,53.222],[131.512,53.207],[131.719,53.259],[131.862,53.25],[131.884,53.221],[131.827,53.187],[131.873,53.133],[131.966,53.116],[132.063,53.145],[132.083,53.198],[132.323,53.237],[132.424,53.213],[132.889,53.227],[132.942,53.288],[133.025,53.306],[133.077,53.281],[133.149,53.314],[133.119,53.364],[133.133,53.405],[133.317,53.476],[133.447,53.478],[133.504,53.535],[133.601,53.522],[133.678,53.458],[133.815,53.471],[133.9,53.424],[134.256,53.524],[134.409,53.522],[134.493,53.585],[134.552,53.574],[134.582,53.533],[134.649,53.524],[134.71,53.472],[134.901,53.394],[134.875,53.362],[134.732,53.365],[134.708,53.338],[134.799,53.297],[134.851,53.227],[134.798,53.16],[134.823,53.09],[134.687,52.998],[134.587,52.881],[134.597,52.799],[134.636,52.769],[134.608,52.7],[134.67,52.682],[134.692,52.631],[134.565,52.535],[134.609,52.495],[134.609,52.452],[134.511,52.413],[134.221,52.466],[134.063,52.465],[133.984,52.505],[133.865,52.512],[133.276,52.666],[133.208,52.61],[133.231,52.54],[133.288,52.497],[133.222,52.453],[133.241,52.4],[133.342,52.352],[133.393,52.291],[133.376,52.236],[133.286,52.182],[133.187,52.154],[132.851,52.167],[132.612,52.066],[132.473,51.955],[132.41,51.939],[132.383,51.84],[132.319,51.794],[131.937,51.71],[131.868,51.719],[131.699,51.664],[131.486,51.673],[131.45,51.65],[131.477,51.621],[131.436,51.565],[131.524,51.427],[131.52,51.392],[131.495,51.361],[131.364,51.364],[131.213,51.233],[131.112,51.228],[130.98,51.011],[130.802,50.948],[130.862,50.856],[130.709,50.688],[130.717,50.643],[130.76,50.621],[130.878,50.675],[130.945,50.675],[130.991,50.641],[131.032,50.537],[130.934,50.464],[130.924,50.418],[130.988,50.389],[131.061,50.417],[131.152,50.407],[131.168,50.377],[131.22,50.372],[131.282,50.393],[131.309,50.298],[131.418,50.276],[131.431,50.228],[131.48,50.211],[131.5,50.17],[131.409,50.085],[131.415,50.061],[131.48,50.052],[131.482,49.967],[131.54,49.912],[131.503,49.828],[131.531,49.8],[131.519,49.762],[131.403,49.685],[131.508,49.567],[131.51,49.39],[131.476,49.299],[131.388,49.253],[131.222,49.261],[131.148,49.234],[131.006,49.093],[130.959,48.994],[130.788,48.978],[130.531,48.852],[130.424,48.902],[130.234,48.864],[129.922,49.037],[129.913,49.097],[129.842,49.12],[129.845,49.168],[129.744,49.198],[129.714,49.278],[129.551,49.291],[129.521,49.412],[129.471,49.432],[129.376,49.426],[129.359,49.355],[129.206,49.399],[129.118,49.349],[129.048,49.372],[128.995,49.45],[128.75,49.478],[128.739,49.5],[128.797,49.563],[128.776,49.586],[128.729,49.591],[128.708,49.564],[128.535,49.602],[128.382,49.588],[128.261,49.5],[128.066,49.542],[127.952,49.614],[127.905,49.578],[127.815,49.586],[127.685,49.673],[127.65,49.778],[127.523,49.818],[127.538,49.926],[127.487,50.018],[127.588,50.157],[127.598,50.217],[127.369,50.293],[127.333,50.328],[127.358,50.425],[127.288,50.477],[127.359,50.583],[127.28,50.687],[127.295,50.747],[127.227,50.783],[127.122,50.926],[126.92,51.062],[126.901,51.203],[126.974,51.32],[126.873,51.31],[126.915,51.264],[126.903,51.244],[126.825,51.272],[126.819,51.322],[126.915,51.343],[126.916,51.386],[126.789,51.429],[126.833,51.527],[126.676,51.595],[126.735,51.633],[126.724,51.713],[126.657,51.727],[126.462,51.943],[126.445,52.022],[126.516,52.033],[126.556,52.121],[126.298,52.207],[126.34,52.251],[126.44,52.285],[126.328,52.306],[126.344,52.396],[126.258,52.469],[126.189,52.466],[126.194,52.535],[126.07,52.6],[126.006,52.581],[125.965,52.623],[125.98,52.664],[126.056,52.671],[126.042,52.739],[126.102,52.773],[126.049,52.796],[125.968,52.761],[125.832,52.895],[125.672,52.857],[125.657,52.909],[125.722,52.934],[125.739,52.979],[125.584,53.08],[125.508,53.046],[125.463,53.101],[125.123,53.197],[124.917,53.174],[124.884,53.155],[124.9,53.106],[124.875,53.094],[124.833,53.133],[124.722,53.15],[124.704,53.189],[124.432,53.217],[124.246,53.366],[124.115,53.344],[123.852,53.487],[123.678,53.489],[123.58,53.548],[123.533,53.494],[123.513,53.501],[123.536,53.544],[123.489,53.551],[123.474,53.496],[123.442,53.53],[123.245,53.56],[123.137,53.503],[123.038,53.511],[122.834,53.453],[122.414,53.442],[122.318,53.499],[122.239,53.464],[122.138,53.467],[122.052,53.421],[122.004,53.533],[121.952,53.553],[121.965,53.636],[121.931,53.671],[121.967,53.713],[121.93,53.761],[121.945,53.82],[121.891,53.85],[121.797,53.974],[121.754,53.988],[121.727,53.955],[121.626,54.044],[121.635,54.123],[121.732,54.199],[121.658,54.373],[121.701,54.419],[121.792,54.453],[121.827,54.401],[121.895,54.4],[122.079,54.451],[122.093,54.49],[121.983,54.525],[121.985,54.549],[121.93,54.577],[121.863,54.67],[121.896,54.748],[121.864,54.792],[121.745,54.777],[121.681,54.739],[121.672,54.784],[121.71,54.873],[121.899,54.967],[121.953,55.022],[121.954,55.145],[122.042,55.195],[121.914,55.212],[121.987,55.391],[121.965,55.468],[121.906,55.542],[121.75,55.613],[121.681,55.609],[121.629,55.518],[121.552,55.485],[121.372,55.508],[121.311,55.557],[121.343,55.608],[121.272,55.745],[121.302,55.828],[121.248,55.868],[121.25,55.983],[121.205,56.019],[120.832,56.025],[120.769,55.981],[120.689,55.98],[120.612,55.932],[120.521,55.932],[120.442,55.897],[120.356,55.89],[120.287,55.931],[120.108,55.891],[120.062,55.953],[120.071,56.012],[120.039,56.077],[120.058,56.156],[120.18,56.222],[120.46,56.247],[120.49,56.276],[120.354,56.316],[120.356,56.369],[120.256,56.39],[120.281,56.457],[119.945,56.496],[119.929,56.54],[119.773,56.606],[119.781,56.651],[119.839,56.673],[119.821,56.698],[119.634,56.754],[119.623,56.786],[119.791,56.876],[119.781,56.906],[120.096,56.921],[120.384,57.027],[120.674,57.056]]]}},{"type":"Feature","properties":{"id":"04","name":"Arkhangel’sk"},"geometry":{"type":"MultiPolygon","coordinates":[[[[37.894,64.004],[37.899,64],[37.887,64],[37.875,64.002],[37.87,64.005],[37.873,64.007],[37.884,64.007],[37.894,64.004]]],[[[39.573,64.544],[39.562,64.547],[39.574,64.549],[39.587,64.551],[39.596,64.549],[39.573,64.544]]],[[[40.276,64.559],[40.239,64.556],[40.23,64.556],[40.224,64.558],[40.241,64.564],[40.271,64.564],[40.276,64.563],[40.276,64.559]]],[[[40.493,64.566],[40.478,64.562],[40.485,64.577],[40.491,64.575],[40.493,64.566]]],[[[40.485,64.586],[40.479,64.585],[40.467,64.598],[40.468,64.602],[40.474,64.602],[40.478,64.601],[40.484,64.598],[40.488,64.593],[40.485,64.586]]],[[[40.058,64.622],[40.056,64.618],[40.04,64.621],[40.025,64.621],[40.025,64.626],[40.042,64.628],[40.058,64.622]]],[[[40.244,64.628],[40.296,64.622],[40.279,64.573],[40.142,64.578],[40.244,64.628]]],[[[40.075,64.633],[40.089,64.627],[40.096,64.628],[40.102,64.63],[40.105,64.626],[40.124,64.606],[40.116,64.604],[40.086,64.616],[40.074,64.624],[40.068,64.63],[40.071,64.631],[40.071,64.631],[40.075,64.633]]],[[[40.322,64.633],[40.453,64.609],[40.474,64.537],[40.405,64.532],[40.288,64.582],[40.313,64.617],[40.288,64.639],[40.322,64.633]]],[[[35.716,64.617],[35.713,64.616],[35.705,64.616],[35.678,64.623],[35.648,64.628],[35.644,64.63],[35.644,64.641],[35.65,64.641],[35.651,64.641],[35.66,64.645],[35.67,64.637],[35.687,64.634],[35.691,64.629],[35.689,64.626],[35.7,64.62],[35.716,64.617]]],[[[40.291,64.659],[40.285,64.659],[40.28,64.663],[40.28,64.663],[40.278,64.668],[40.282,64.67],[40.288,64.67],[40.291,64.659],[40.291,64.659]]],[[[40.275,64.636],[40.19,64.638],[40.201,64.672],[40.239,64.681],[40.275,64.636]]],[[[35.6,64.672],[35.508,64.691],[35.557,64.701],[35.6,64.672]]],[[[39.919,64.716],[39.955,64.683],[40.028,64.691],[40.148,64.654],[40.176,64.597],[40.053,64.666],[39.957,64.662],[39.886,64.699],[39.814,64.68],[39.919,64.716]]],[[[40.023,64.703],[40.018,64.701],[40.001,64.702],[40,64.702],[39.985,64.71],[39.978,64.715],[39.98,64.719],[39.987,64.721],[40,64.722],[40.001,64.722],[40.017,64.717],[40.017,64.717],[40.016,64.711],[40.017,64.711],[40.024,64.707],[40.023,64.703]]],[[[40.407,64.709],[40.395,64.706],[40.39,64.707],[40.381,64.713],[40.381,64.719],[40.383,64.726],[40.389,64.728],[40.391,64.727],[40.392,64.727],[40.396,64.72],[40.404,64.72],[40.407,64.709]]],[[[40.379,64.735],[40.372,64.734],[40.366,64.738],[40.361,64.751],[40.341,64.759],[40.343,64.762],[40.377,64.759],[40.377,64.759],[40.382,64.75],[40.379,64.735]]],[[[40.039,64.739],[39.902,64.724],[39.97,64.765],[40.039,64.739]]],[[[40.319,64.769],[40.405,64.67],[40.4,64.63],[40.309,64.644],[40.233,64.715],[40.112,64.743],[40.319,64.769]]],[[[40.213,64.768],[40.222,64.764],[40.206,64.762],[40.204,64.76],[40.204,64.76],[40.197,64.757],[40.196,64.756],[40.179,64.756],[40.16,64.759],[40.115,64.761],[40.115,64.761],[40.062,64.758],[40.039,64.757],[40.044,64.761],[40.074,64.77],[40.078,64.771],[40.09,64.766],[40.099,64.765],[40.137,64.768],[40.144,64.769],[40.165,64.771],[40.194,64.772],[40.201,64.77],[40.213,64.768]]],[[[40.156,64.773],[40.116,64.773],[40.181,64.779],[40.156,64.773]]],[[[35.646,64.951],[35.635,64.949],[35.629,64.96],[35.632,64.961],[35.635,64.963],[35.648,64.959],[35.655,64.955],[35.649,64.954],[35.646,64.951]]],[[[35.676,64.96],[35.673,64.96],[35.668,64.962],[35.655,64.964],[35.647,64.967],[35.657,64.969],[35.664,64.973],[35.679,64.968],[35.679,64.961],[35.676,64.96]]],[[[40.317,64.879],[40.27,64.855],[40.203,64.979],[40.297,64.93],[40.288,64.902],[40.317,64.879]]],[[[36,64.992],[36,64.988],[35.99,64.989],[35.99,64.989],[35.983,64.993],[35.999,64.992],[36,64.992]]],[[[40.198,64.98],[40.189,64.978],[40.184,64.984],[40.184,64.986],[40.183,64.996],[40.183,64.997],[40.184,65],[40.184,65.001],[40.19,65.004],[40.193,65],[40.193,65],[40.192,64.996],[40.191,64.991],[40.198,64.98]]],[[[35.989,65.046],[36.016,65.036],[36.007,65.016],[35.882,65.029],[35.989,65.046]]],[[[35.823,65.127],[35.854,65.098],[35.83,65.085],[35.847,65.036],[35.794,65.083],[35.751,65.039],[35.86,65.021],[35.863,64.982],[35.756,64.953],[35.713,64.963],[35.734,64.971],[35.691,65.023],[35.514,65.069],[35.496,65.112],[35.524,65.143],[35.592,65.152],[35.556,65.136],[35.606,65.127],[35.753,65.173],[35.817,65.153],[35.823,65.127]]],[[[35.96,65.17],[36.264,65.16],[36.066,65.121],[35.927,65.14],[35.935,65.176],[35.978,65.185],[35.96,65.17]]],[[[39.573,64.544],[39.843,64.584],[39.761,64.581],[39.809,64.614],[39.813,64.668],[40.085,64.609],[40.155,64.55],[40.532,64.523],[40.529,64.561],[40.604,64.592],[40.664,64.668],[40.592,64.597],[40.503,64.561],[40.491,64.612],[40.426,64.661],[40.428,64.744],[40.476,64.764],[40.505,64.71],[40.603,64.702],[40.538,64.71],[40.436,64.784],[40.401,64.916],[40.308,64.97],[40.314,65.004],[40.153,65.052],[40.181,65.01],[40.048,65.103],[40.021,65.157],[39.723,65.339],[39.718,65.494],[39.796,65.591],[40.476,65.805],[40.738,65.983],[41.228,66.041],[41.498,66.111],[41.769,66.245],[41.868,66.326],[41.977,66.346],[41.937,66.34],[42.101,66.484],[42.259,66.515],[42.638,66.416],[42.523,66.379],[43.29,66.399],[43.356,66.325],[43.586,66.294],[43.68,66.237],[43.308,66.088],[43.347,66.039],[43.466,66.132],[43.713,66.193],[43.847,66.185],[43.973,66.091],[44.078,66.063],[44.021,66.005],[44.116,65.933],[44.132,65.886],[44.153,65.912],[44.186,65.893],[44.087,65.986],[44.166,66.083],[44.083,66.159],[44.063,66.23],[44.218,66.401],[44.458,66.376],[44.639,66.274],[45.194,66.21],[45.607,66.089],[45.857,66.116],[46.148,66.029],[46.411,66.075],[47.137,65.835],[47.75,65.839],[47.801,65.858],[47.678,65.942],[47.778,66.015],[48.108,66.135],[48.931,66.109],[49.001,66.024],[48.977,65.795],[49.033,65.647],[49.02,65.444],[49.054,65.274],[49.615,65.32],[49.671,65.283],[49.702,65.203],[49.988,64.959],[50.106,64.897],[50.431,64.854],[50.265,64.524],[49.561,64.61],[49.4,64.476],[49.166,64.507],[48.916,64.497],[48.819,64.366],[48.434,64.36],[48.445,64.291],[48.4,64.243],[48.108,64.274],[48.093,64.376],[47.805,64.398],[46.547,64.366],[46.363,64.293],[45.935,64.328],[45.7,64.302],[45.424,64.228],[45.571,64.083],[45.693,64.024],[46.378,63.931],[46.972,63.696],[47.023,63.647],[47.007,63.556],[46.854,63.465],[47.019,63.294],[47.468,63.171],[47.545,63.124],[47.438,63.033],[47.031,62.886],[47.201,62.658],[47.166,62.346],[47.349,62.346],[47.376,62.218],[47.596,62.215],[47.646,62.332],[48.277,62.328],[48.278,62.423],[48.194,62.481],[48.335,62.725],[48.616,62.73],[48.727,62.835],[49.586,62.769],[49.304,62.145],[49.237,62.137],[49.048,61.674],[49.513,61.61],[49.246,61.178],[49.061,61.195],[48.923,61.15],[48.768,61.15],[48.515,61.063],[48.377,60.991],[48.332,60.856],[47.96,60.888],[47.948,60.996],[47.895,61.02],[47.482,61.074],[47.386,61.044],[47.187,61.059],[47.199,61.02],[47.137,60.982],[47.071,60.86],[46.877,60.855],[46.741,60.897],[46.795,60.958],[46.61,60.966],[46.495,61.028],[46.42,61.029],[46.314,60.973],[46.007,60.963],[45.737,61.037],[45.8,61.119],[45.805,61.168],[45.283,61.202],[45.222,61.068],[45.204,60.909],[44.232,60.957],[44.155,61.003],[44.181,61.021],[44.148,61.046],[44.01,61.05],[43.743,60.997],[43.726,60.94],[43.616,60.925],[43.49,60.854],[43.473,60.802],[43.337,60.784],[43.134,60.827],[43.006,60.736],[42.85,60.836],[42.714,60.882],[42.62,60.87],[42.553,60.812],[42.394,60.769],[42.156,60.836],[42.128,60.848],[42.141,60.877],[42.097,60.891],[42.023,60.85],[41.824,60.928],[41.766,60.846],[41.635,60.878],[41.598,60.924],[41.537,60.906],[41.387,60.85],[41.386,60.816],[41.433,60.782],[41.346,60.722],[41.087,60.67],[40.729,60.784],[40.613,60.757],[40.438,60.797],[40.381,60.792],[40.372,60.753],[40.315,60.72],[40.161,60.732],[39.99,60.689],[39.855,60.712],[39.755,60.772],[39.623,60.774],[39.504,60.709],[39.222,60.73],[39.168,60.686],[38.948,60.709],[38.841,60.748],[38.679,60.742],[38.575,60.835],[38.394,60.865],[38.378,60.89],[38.414,60.964],[38.381,60.996],[38.294,60.937],[38.147,60.975],[38.203,61.089],[38.149,61.152],[37.974,61.196],[37.996,61.239],[37.768,61.433],[37.804,61.507],[37.798,61.69],[37.932,61.765],[37.938,61.786],[37.858,61.825],[37.895,61.853],[37.899,61.908],[37.956,61.942],[37.931,61.979],[37.95,62.014],[37.848,62.052],[37.858,62.104],[37.793,62.146],[37.745,62.233],[37.702,62.254],[37.567,62.243],[37.478,62.294],[37.468,62.335],[37.539,62.337],[37.616,62.451],[37.635,62.532],[37.602,62.622],[37.487,62.705],[37.388,62.722],[37.105,62.699],[36.66,62.824],[36.351,63.025],[36.324,63.139],[36.449,63.213],[36.462,63.25],[36.306,63.239],[36.388,63.288],[36.372,63.32],[36.267,63.369],[36.254,63.45],[35.969,63.63],[36.409,63.618],[36.663,63.78],[36.585,63.905],[36.612,63.942],[36.696,63.905],[37.22,63.874],[37.275,63.806],[37.447,63.785],[37.61,63.814],[37.646,63.854],[37.637,63.882],[37.7,63.902],[37.894,63.896],[38.078,64],[38.005,64.139],[37.894,64.202],[37.97,64.27],[38.05,64.289],[37.916,64.321],[38.042,64.327],[37.789,64.371],[37.844,64.448],[37.668,64.432],[37.597,64.381],[37.632,64.367],[37.615,64.358],[37.48,64.383],[37.331,64.342],[37.105,64.411],[36.708,64.701],[36.536,64.714],[36.551,64.733],[36.502,64.817],[36.559,64.812],[36.457,64.851],[36.436,64.921],[36.615,64.895],[36.809,64.96],[36.833,65.091],[36.806,65.127],[36.831,65.148],[37.007,65.167],[37.385,65.099],[37.688,65.03],[37.708,64.969],[37.765,64.936],[38.062,64.848],[38.37,64.839],[38.343,64.801],[38.375,64.765],[38.292,64.805],[38.212,64.768],[38.151,64.788],[38.016,64.758],[38.008,64.721],[38.121,64.674],[37.997,64.615],[37.983,64.594],[38.016,64.582],[38.054,64.59],[38.059,64.636],[38.155,64.646],[38.171,64.711],[38.328,64.742],[38.499,64.736],[38.402,64.793],[38.439,64.809],[39.309,64.645],[39.573,64.544]]],[[[42.637,66.671],[42.463,66.716],[42.405,66.768],[42.492,66.783],[42.602,66.757],[42.637,66.671]]],[[[57.326,70.485],[57.319,70.483],[57.281,70.489],[57.272,70.494],[57.276,70.496],[57.279,70.496],[57.284,70.496],[57.3,70.491],[57.314,70.489],[57.326,70.485]]],[[[56.445,70.488],[56.434,70.484],[56.421,70.486],[56.398,70.498],[56.383,70.503],[56.382,70.509],[56.394,70.509],[56.406,70.509],[56.416,70.506],[56.431,70.494],[56.439,70.493],[56.444,70.491],[56.445,70.488]]],[[[56.321,70.51],[56.323,70.499],[56.312,70.502],[56.301,70.503],[56.297,70.51],[56.306,70.514],[56.321,70.51]]],[[[56.673,70.512],[56.668,70.509],[56.654,70.51],[56.649,70.508],[56.656,70.503],[56.65,70.5],[56.626,70.501],[56.595,70.498],[56.578,70.5],[56.568,70.51],[56.57,70.514],[56.585,70.517],[56.591,70.518],[56.596,70.518],[56.622,70.517],[56.633,70.516],[56.671,70.513],[56.673,70.512]]],[[[56.74,70.538],[56.734,70.535],[56.693,70.535],[56.69,70.533],[56.692,70.53],[56.717,70.524],[56.671,70.525],[56.67,70.525],[56.661,70.523],[56.631,70.523],[56.62,70.524],[56.63,70.527],[56.667,70.541],[56.68,70.544],[56.688,70.544],[56.7,70.545],[56.73,70.544],[56.739,70.541],[56.74,70.538]]],[[[57.238,70.529],[57.233,70.526],[57.223,70.529],[57.199,70.532],[57.191,70.536],[57.173,70.537],[57.157,70.546],[57.161,70.547],[57.206,70.545],[57.234,70.54],[57.223,70.536],[57.238,70.529]]],[[[57.349,70.534],[57.449,70.513],[57.292,70.533],[57.349,70.534]]],[[[56.278,70.56],[56.281,70.556],[56.263,70.549],[56.255,70.55],[56.242,70.557],[56.249,70.559],[56.261,70.559],[56.268,70.563],[56.277,70.564],[56.281,70.562],[56.278,70.56]]],[[[56.512,70.563],[56.61,70.558],[56.499,70.526],[56.343,70.561],[56.512,70.563]]],[[[55.689,70.559],[55.684,70.556],[55.675,70.56],[55.665,70.568],[55.671,70.57],[55.689,70.559]]],[[[56.683,70.575],[56.682,70.572],[56.642,70.58],[56.636,70.583],[56.639,70.585],[56.656,70.585],[56.683,70.575]]],[[[56.891,70.576],[57.192,70.507],[57.012,70.517],[57.105,70.476],[56.945,70.5],[56.848,70.541],[56.923,70.554],[56.793,70.565],[56.792,70.589],[56.891,70.576]]],[[[57.286,70.59],[57.262,70.59],[57.256,70.591],[57.259,70.593],[57.277,70.597],[57.28,70.596],[57.284,70.596],[57.282,70.594],[57.286,70.59]]],[[[57.456,70.595],[57.447,70.594],[57.436,70.598],[57.43,70.603],[57.444,70.603],[57.456,70.595]]],[[[56.675,70.609],[56.71,70.601],[56.593,70.605],[56.675,70.609]]],[[[57.098,70.619],[57.089,70.617],[57.062,70.624],[57.067,70.627],[57.075,70.626],[57.098,70.619]]],[[[56.093,70.634],[56.166,70.595],[55.999,70.627],[56.093,70.634]]],[[[56.07,70.588],[56.064,70.585],[56.054,70.586],[56.029,70.593],[55.979,70.605],[55.957,70.613],[55.928,70.619],[55.915,70.624],[55.882,70.637],[55.866,70.64],[55.859,70.643],[55.865,70.645],[55.876,70.646],[55.893,70.641],[55.9,70.639],[55.937,70.625],[55.971,70.621],[56.007,70.607],[56.027,70.603],[56.07,70.588]]],[[[55.594,70.639],[55.574,70.638],[55.558,70.645],[55.547,70.648],[55.516,70.648],[55.52,70.652],[55.541,70.654],[55.588,70.643],[55.594,70.639]]],[[[53.555,70.888],[53.553,70.886],[53.528,70.891],[53.478,70.912],[53.468,70.917],[53.47,70.919],[53.483,70.917],[53.513,70.907],[53.551,70.891],[53.555,70.888]]],[[[53.451,71.072],[53.424,71.055],[53.409,71.059],[53.408,71.062],[53.432,71.07],[53.449,71.078],[53.454,71.077],[53.451,71.072]]],[[[53.969,71.097],[54.028,71.088],[53.951,71.09],[53.969,71.097]]],[[[53.639,71.107],[53.585,71.081],[53.451,71.12],[53.599,71.105],[53.541,71.147],[53.561,71.166],[53.639,71.107]]],[[[53.428,71.21],[53.371,71.206],[53.392,71.212],[53.367,71.251],[53.428,71.21]]],[[[53.161,71.28],[53.163,71.272],[53.111,71.284],[53.104,71.288],[53.104,71.288],[53.107,71.291],[53.13,71.287],[53.146,71.281],[53.161,71.28]]],[[[53.243,71.274],[53.149,71.306],[53.246,71.293],[53.243,71.274]]],[[[53.257,71.346],[53.402,71.278],[53.286,71.288],[53.156,71.356],[53.257,71.346]]],[[[53.044,71.366],[53.04,71.355],[53.031,71.356],[53.011,71.374],[53.004,71.381],[53.009,71.384],[53.018,71.385],[53.028,71.371],[53.044,71.366]]],[[[52.766,71.385],[52.912,71.361],[53.082,71.25],[52.848,71.35],[52.83,71.348],[52.924,71.316],[52.83,71.298],[53.107,71.219],[53.091,71.237],[53.157,71.253],[53.227,71.24],[53.192,71.222],[53.264,71.189],[53.212,71.181],[53.24,71.143],[53.16,71.113],[53.181,71.08],[53.061,71.032],[53.093,70.982],[53.181,70.95],[53.045,70.94],[53.038,70.977],[52.954,71.037],[52.806,71.07],[52.828,71.08],[52.804,71.12],[52.719,71.15],[52.696,71.199],[52.623,71.237],[52.635,71.275],[52.595,71.256],[52.609,71.226],[52.401,71.214],[52.239,71.289],[52.317,71.343],[52.542,71.357],[52.581,71.388],[52.775,71.332],[52.711,71.374],[52.74,71.381],[52.716,71.398],[52.766,71.385]]],[[[53.112,71.373],[53.104,71.373],[53.094,71.374],[53.067,71.383],[53.049,71.393],[53.045,71.4],[53.052,71.403],[53.053,71.402],[53.061,71.402],[53.085,71.396],[53.106,71.388],[53.111,71.385],[53.107,71.381],[53.115,71.376],[53.112,71.373]]],[[[53.204,71.405],[53.282,71.384],[53.298,71.351],[53.143,71.393],[53.204,71.405]]],[[[52.673,71.388],[52.667,71.388],[52.652,71.392],[52.649,71.398],[52.64,71.402],[52.653,71.405],[52.654,71.405],[52.675,71.392],[52.673,71.388]]],[[[52.499,71.425],[52.514,71.424],[52.524,71.425],[52.533,71.422],[52.549,71.412],[52.563,71.393],[52.534,71.403],[52.515,71.414],[52.497,71.42],[52.499,71.425]]],[[[53.237,71.431],[53.235,71.424],[53.227,71.424],[53.206,71.437],[53.204,71.44],[53.209,71.442],[53.237,71.431]]],[[[53.07,71.477],[53.078,71.468],[53.06,71.47],[53.059,71.477],[53.058,71.481],[53.07,71.477]]],[[[52.659,71.455],[52.614,71.464],[52.639,71.481],[52.659,71.455]]],[[[52.645,71.505],[52.657,71.496],[52.645,71.497],[52.634,71.503],[52.636,71.507],[52.645,71.505]]],[[[52.619,71.504],[52.625,71.493],[52.594,71.501],[52.588,71.506],[52.593,71.507],[52.604,71.508],[52.618,71.504],[52.619,71.504]]],[[[52.339,72.085],[52.363,72.081],[52.315,72.082],[52.339,72.085]]],[[[52.382,72.087],[52.375,72.087],[52.366,72.091],[52.383,72.1],[52.391,72.099],[52.389,72.095],[52.382,72.087]]],[[[52.314,72.109],[52.323,72.104],[52.323,72.098],[52.317,72.098],[52.307,72.105],[52.298,72.102],[52.291,72.105],[52.311,72.117],[52.319,72.113],[52.314,72.109]]],[[[52.39,72.126],[52.422,72.118],[52.371,72.121],[52.39,72.126]]],[[[52.408,72.158],[52.383,72.152],[52.382,72.178],[52.408,72.158]]],[[[52.488,72.177],[52.487,72.173],[52.476,72.173],[52.468,72.178],[52.467,72.178],[52.453,72.182],[52.458,72.184],[52.481,72.182],[52.488,72.177]]],[[[52.457,72.226],[52.45,72.225],[52.441,72.229],[52.443,72.236],[52.448,72.236],[52.459,72.23],[52.457,72.226]]],[[[55.492,72.249],[55.527,72.23],[55.459,72.24],[55.492,72.249]]],[[[52.576,72.33],[52.531,72.33],[52.547,72.349],[52.576,72.33]]],[[[52.691,72.394],[52.685,72.387],[52.684,72.38],[52.673,72.379],[52.662,72.382],[52.655,72.381],[52.649,72.381],[52.633,72.377],[52.629,72.375],[52.64,72.372],[52.615,72.37],[52.609,72.377],[52.616,72.381],[52.639,72.383],[52.636,72.393],[52.642,72.394],[52.662,72.389],[52.666,72.394],[52.677,72.398],[52.682,72.395],[52.691,72.394]]],[[[55.581,72.44],[55.577,72.435],[55.57,72.436],[55.557,72.446],[55.56,72.449],[55.57,72.449],[55.581,72.44]]],[[[52.874,72.529],[52.844,72.527],[52.837,72.528],[52.838,72.532],[52.851,72.534],[52.853,72.537],[52.849,72.542],[52.864,72.543],[52.881,72.534],[52.879,72.53],[52.874,72.529]]],[[[52.657,72.622],[52.65,72.62],[52.644,72.625],[52.65,72.636],[52.661,72.639],[52.665,72.637],[52.657,72.622]]],[[[53.272,72.898],[53.296,72.891],[53.196,72.88],[53.272,72.898]]],[[[53.129,73.073],[53.083,73.052],[53.08,73.058],[53.093,73.061],[53.091,73.071],[53.109,73.07],[53.127,73.077],[53.129,73.073]]],[[[55.2,73.375],[55.235,73.344],[55.398,73.319],[55.794,73.312],[55.828,73.271],[55.949,73.269],[55.92,73.216],[55.975,73.248],[56.346,73.228],[56.501,73.187],[56.565,73.134],[56.542,73.104],[56.196,73.066],[55.79,73.051],[56.274,73.05],[56.42,73.026],[56.315,72.992],[56.121,72.993],[55.839,72.941],[55.806,72.96],[55.519,72.94],[56.24,72.947],[56.194,72.913],[56.209,72.854],[56.099,72.783],[55.809,72.801],[55.78,72.795],[55.846,72.784],[55.683,72.763],[55.453,72.807],[55.544,72.783],[55.448,72.761],[55.826,72.741],[55.906,72.651],[55.715,72.653],[55.631,72.682],[55.676,72.597],[55.62,72.609],[55.603,72.582],[55.639,72.543],[55.588,72.523],[55.436,72.567],[55.081,72.582],[55.439,72.549],[55.465,72.536],[55.414,72.533],[55.532,72.514],[55.521,72.481],[55.55,72.469],[55.122,72.448],[55.399,72.42],[55.45,72.438],[55.469,72.363],[55.329,72.288],[55.376,72.272],[55.292,72.277],[55.45,72.266],[55.43,72.241],[55.502,72.227],[55.574,72.171],[55.443,72.135],[55.385,72.075],[55.324,72.063],[55.441,72.054],[55.369,72.019],[55.375,71.981],[55.331,71.986],[55.415,71.932],[55.274,71.947],[55.286,71.928],[55.143,71.908],[55.435,71.917],[55.49,71.897],[55.534,71.847],[55.507,71.828],[55.552,71.775],[55.543,71.746],[55.575,71.736],[55.543,71.72],[55.615,71.685],[55.633,71.625],[55.713,71.582],[55.706,71.557],[55.828,71.51],[55.854,71.454],[55.931,71.422],[56.198,71.186],[56.976,70.868],[57.277,70.801],[57.385,70.804],[57.58,70.705],[57.504,70.702],[57.509,70.68],[57.436,70.659],[57.464,70.644],[57.401,70.619],[57.416,70.604],[57.338,70.606],[57.401,70.586],[57.011,70.657],[56.928,70.634],[56.738,70.669],[56.922,70.615],[57.135,70.612],[57.288,70.545],[56.886,70.582],[56.555,70.653],[56.657,70.618],[56.587,70.617],[56.484,70.659],[56.52,70.661],[56.5,70.714],[56.59,70.715],[56.509,70.738],[56.415,70.695],[56.207,70.741],[56.174,70.723],[56.302,70.689],[56.156,70.684],[56.296,70.649],[56.189,70.644],[56.205,70.63],[56.42,70.635],[56.319,70.655],[56.404,70.662],[56.501,70.628],[56.446,70.606],[56.629,70.57],[56.505,70.588],[56.375,70.567],[56.083,70.653],[56.011,70.66],[56.049,70.643],[55.987,70.635],[55.791,70.674],[55.85,70.647],[55.83,70.637],[56.003,70.592],[55.96,70.592],[56.007,70.563],[55.872,70.572],[55.814,70.607],[55.699,70.604],[55.611,70.636],[55.731,70.609],[55.562,70.674],[55.761,70.615],[55.854,70.615],[55.608,70.724],[55.589,70.703],[55.799,70.621],[55.456,70.697],[55.464,70.714],[55.411,70.737],[55.405,70.712],[55.33,70.708],[55.481,70.634],[55.436,70.62],[55.272,70.681],[55.267,70.658],[55.218,70.654],[55.319,70.601],[55.279,70.599],[55.291,70.564],[55.193,70.57],[55.213,70.554],[55.169,70.545],[54.973,70.623],[54.808,70.638],[54.678,70.71],[54.721,70.727],[54.559,70.765],[54.504,70.807],[54.555,70.755],[54.456,70.775],[54.502,70.741],[54.422,70.728],[54.783,70.639],[54.594,70.651],[54.519,70.675],[54.537,70.694],[54.27,70.769],[54.239,70.755],[54.315,70.726],[54.01,70.727],[53.903,70.792],[53.876,70.759],[53.75,70.775],[53.609,70.832],[53.632,70.811],[53.511,70.817],[53.572,70.788],[53.542,70.786],[53.337,70.865],[53.637,70.874],[53.616,70.869],[53.738,70.812],[53.675,70.878],[53.769,70.936],[53.553,71.035],[53.527,71.052],[53.56,71.058],[53.51,71.086],[53.636,71.044],[53.671,71.06],[53.642,71.073],[53.711,71.08],[53.957,71.013],[53.904,71.071],[53.808,71.112],[53.97,71.123],[54.108,71.087],[53.913,71.106],[53.931,71.087],[53.907,71.08],[53.937,71.07],[54.176,71.069],[54.247,71.101],[54.119,71.097],[54.003,71.14],[54.076,71.171],[54.211,71.15],[54.07,71.181],[54.081,71.204],[54.199,71.173],[54.131,71.207],[54.043,71.21],[54.043,71.181],[53.996,71.191],[53.964,71.151],[53.818,71.185],[53.844,71.137],[53.82,71.133],[53.717,71.155],[53.742,71.163],[53.727,71.18],[53.519,71.214],[53.466,71.253],[53.484,71.268],[53.335,71.327],[53.357,71.345],[53.339,71.38],[53.269,71.444],[53.368,71.462],[53.381,71.5],[53.5,71.546],[53.398,71.549],[53.226,71.499],[53.217,71.453],[53.15,71.443],[53.16,71.408],[53.091,71.485],[53.007,71.505],[53.049,71.472],[53.015,71.461],[53.108,71.443],[53.019,71.426],[53.006,71.454],[52.935,71.47],[52.924,71.448],[53.024,71.404],[52.917,71.412],[52.946,71.371],[52.864,71.432],[52.929,71.432],[52.906,71.448],[52.789,71.454],[52.847,71.411],[52.653,71.488],[52.703,71.475],[52.686,71.496],[52.712,71.5],[52.68,71.512],[52.716,71.524],[52.659,71.566],[52.643,71.537],[52.572,71.591],[52.617,71.595],[52.541,71.66],[52.564,71.703],[52.545,71.714],[52.494,71.658],[52.532,71.597],[52.504,71.58],[52.523,71.563],[52.481,71.533],[52.394,71.547],[52.451,71.461],[52.319,71.512],[52.263,71.599],[52.259,71.562],[52.172,71.523],[52.288,71.466],[52.183,71.489],[52.088,71.457],[51.904,71.457],[51.619,71.536],[51.431,71.786],[51.5,71.968],[51.574,72.06],[51.861,72.151],[51.946,72.102],[52.067,72.09],[52.214,72.129],[52.246,72.094],[52.204,72.1],[52.208,72.067],[52.282,72.084],[52.363,72.041],[52.431,72.072],[52.453,72.051],[52.469,72.067],[52.403,72.095],[52.436,72.122],[52.402,72.146],[52.444,72.14],[52.443,72.166],[52.505,72.122],[52.563,72.135],[52.435,72.196],[52.423,72.214],[52.448,72.219],[52.544,72.184],[52.491,72.213],[52.549,72.231],[52.486,72.234],[52.526,72.249],[52.469,72.246],[52.448,72.273],[52.642,72.24],[52.599,72.286],[52.705,72.288],[52.684,72.304],[52.724,72.314],[52.571,72.359],[52.757,72.322],[52.712,72.357],[52.752,72.388],[52.69,72.412],[52.832,72.431],[52.757,72.43],[52.8,72.446],[52.761,72.455],[52.693,72.44],[52.709,72.47],[52.883,72.494],[52.855,72.508],[52.962,72.539],[52.897,72.556],[52.99,72.561],[52.969,72.571],[53.283,72.563],[52.981,72.587],[52.744,72.54],[52.8,72.606],[52.851,72.607],[52.704,72.619],[52.984,72.664],[53.171,72.632],[53.694,72.643],[53.17,72.646],[52.99,72.674],[52.852,72.672],[52.818,72.647],[52.623,72.655],[52.4,72.716],[52.578,72.85],[52.928,72.906],[53.374,72.859],[53.622,72.881],[53.453,72.866],[53.288,72.901],[53.379,72.922],[53.084,72.93],[53.063,72.949],[53.105,73.004],[53.349,72.991],[53.374,73.011],[53.166,73.069],[53.187,73.085],[53.15,73.095],[53.19,73.113],[53.173,73.134],[53.378,73.219],[53.553,73.22],[53.859,73.289],[54.016,73.285],[53.996,73.26],[54.025,73.255],[54.202,73.251],[54.373,73.288],[54.472,73.263],[54.5,73.27],[54.398,73.302],[54.446,73.343],[54.891,73.425],[55.2,73.375]]],[[[54.088,73.429],[54.142,73.424],[53.974,73.417],[54.088,73.429]]],[[[54.605,73.647],[54.596,73.646],[54.59,73.648],[54.573,73.649],[54.562,73.653],[54.566,73.656],[54.585,73.66],[54.593,73.658],[54.614,73.653],[54.605,73.647]]],[[[57.975,73.843],[57.973,73.839],[57.963,73.839],[57.957,73.846],[57.959,73.85],[57.969,73.85],[57.975,73.843]]],[[[58.268,73.983],[58.258,73.983],[58.235,73.984],[58.221,73.988],[58.224,73.99],[58.235,73.991],[58.264,73.986],[58.268,73.983]]],[[[58.35,74.042],[58.341,74.041],[58.337,74.044],[58.342,74.049],[58.336,74.053],[58.322,74.055],[58.321,74.059],[58.332,74.059],[58.352,74.055],[58.361,74.05],[58.35,74.042]]],[[[58.605,74.159],[58.591,74.151],[58.575,74.152],[58.564,74.149],[58.558,74.152],[58.569,74.159],[58.599,74.161],[58.605,74.159]]],[[[55.347,74.155],[55.344,74.153],[55.301,74.154],[55.32,74.162],[55.327,74.163],[55.33,74.163],[55.334,74.159],[55.347,74.155]]],[[[58.791,74.324],[58.744,74.34],[58.808,74.333],[58.791,74.324]]],[[[59.015,74.381],[58.989,74.371],[59.051,74.395],[59.015,74.381]]],[[[59.121,74.402],[59.139,74.394],[59.076,74.391],[59.059,74.376],[59.09,74.363],[59.047,74.352],[59.105,74.337],[58.962,74.34],[59.121,74.402]]],[[[58.735,74.4],[58.726,74.397],[58.719,74.401],[58.706,74.402],[58.703,74.404],[58.708,74.406],[58.717,74.411],[58.727,74.408],[58.726,74.405],[58.735,74.4]]],[[[58.718,74.435],[58.698,74.427],[58.699,74.422],[58.692,74.421],[58.682,74.426],[58.68,74.427],[58.66,74.423],[58.654,74.424],[58.658,74.427],[58.645,74.431],[58.658,74.434],[58.671,74.432],[58.688,74.433],[58.719,74.441],[58.718,74.435]]],[[[59.255,74.431],[59.369,74.433],[59.285,74.389],[59.218,74.433],[59.255,74.431]]],[[[59.23,74.487],[59.289,74.489],[59.161,74.492],[59.23,74.487]]],[[[59.345,74.511],[59.331,74.51],[59.328,74.512],[59.34,74.524],[59.35,74.524],[59.352,74.523],[59.359,74.52],[59.345,74.511]]],[[[59.233,74.514],[59.195,74.542],[59.272,74.575],[59.233,74.514]]],[[[59.482,74.583],[59.467,74.577],[59.458,74.577],[59.456,74.58],[59.473,74.589],[59.474,74.589],[59.487,74.589],[59.49,74.588],[59.482,74.583]]],[[[56.778,74.668],[56.769,74.661],[56.746,74.664],[56.764,74.672],[56.778,74.668]]],[[[58.556,75.8],[58.538,75.801],[58.579,75.81],[58.556,75.8]]],[[[59.284,75.885],[59.023,75.883],[59.18,75.912],[59.284,75.885]]],[[[59.261,75.966],[59.295,75.948],[58.813,75.906],[59.261,75.966]]],[[[60.729,75.987],[60.561,75.998],[60.763,75.995],[60.729,75.987]]],[[[59.585,76.027],[59.529,76.032],[59.728,76.05],[59.585,76.027]]],[[[59.358,76.021],[59.31,76.025],[59.499,76.055],[59.358,76.021]]],[[[59.007,76.058],[58.987,76.059],[59.033,76.065],[59.007,76.058]]],[[[59.067,76.077],[59.025,76.075],[59.092,76.087],[59.067,76.077]]],[[[60.472,76.152],[60.138,76.083],[59.897,76.093],[60.115,76.154],[60.501,76.169],[60.472,76.152]]],[[[62.571,76.222],[62.547,76.225],[62.595,76.231],[62.571,76.222]]],[[[62.97,76.22],[62.939,76.232],[63.012,76.242],[62.97,76.22]]],[[[61.157,76.275],[61.049,76.281],[61.205,76.284],[61.157,76.275]]],[[[61.313,76.276],[61.26,76.279],[61.481,76.289],[61.313,76.276]]],[[[60.729,75.987],[60.776,75.986],[60.803,76.012],[60.789,76.03],[60.844,76.049],[61.091,76.059],[61.183,76.105],[61.139,76.137],[60.935,76.142],[61.025,76.189],[60.987,76.205],[61.007,76.228],[60.989,76.239],[61.157,76.271],[61.591,76.271],[61.668,76.298],[61.797,76.27],[61.909,76.287],[61.946,76.26],[62.388,76.255],[62.418,76.242],[62.388,76.181],[62.526,76.167],[62.582,76.193],[62.572,76.212],[62.65,76.197],[62.762,76.262],[62.843,76.244],[62.822,76.218],[63.02,76.191],[63.696,76.323],[63.895,76.327],[64.073,76.293],[64.32,76.35],[64.417,76.338],[64.471,76.384],[64.74,76.343],[64.638,76.385],[64.688,76.426],[64.791,76.425],[64.819,76.435],[64.782,76.447],[64.8,76.465],[64.898,76.483],[65.065,76.482],[65.115,76.452],[65.23,76.465],[65.469,76.564],[66.003,76.506],[66.062,76.52],[65.97,76.557],[65.957,76.595],[65.796,76.655],[65.965,76.734],[66.124,76.735],[66.443,76.831],[66.932,76.897],[66.958,76.902],[66.939,76.921],[67.045,76.944],[67.193,76.927],[67.538,76.991],[67.921,77.002],[68.465,76.96],[68.533,76.916],[68.616,76.927],[68.835,76.868],[68.776,76.819],[68.962,76.787],[68.942,76.732],[69.07,76.705],[68.853,76.634],[68.804,76.571],[68.901,76.539],[68.744,76.495],[68.582,76.407],[68.431,76.39],[68.46,76.372],[68.334,76.319],[68.199,76.295],[68.315,76.265],[68.273,76.247],[67.933,76.231],[67.059,76.067],[65.551,75.892],[65.211,75.831],[65.171,75.8],[64.11,75.714],[63.831,75.669],[63.754,75.622],[63.702,75.635],[63.766,75.662],[63.674,75.675],[63.686,75.7],[63.627,75.713],[63.64,75.699],[63.598,75.667],[63.303,75.584],[63.042,75.595],[62.814,75.51],[62.569,75.493],[62.294,75.429],[62.224,75.425],[62.27,75.439],[62.233,75.451],[62.011,75.443],[61.829,75.359],[61.815,75.328],[61.781,75.327],[61.809,75.351],[61.769,75.364],[61.785,75.376],[61.722,75.373],[61.718,75.345],[61.667,75.324],[61.692,75.294],[61.443,75.212],[61.389,75.233],[61.417,75.284],[61.387,75.298],[61.413,75.314],[61.331,75.32],[61.297,75.299],[61.347,75.289],[61.255,75.262],[61.178,75.2],[60.809,75.123],[60.84,75.1],[60.786,75.089],[60.839,75.076],[60.761,75.013],[60.658,75.018],[60.613,75.056],[60.635,75.092],[60.543,75.094],[60.466,75.066],[60.489,75.054],[60.402,75.048],[60.458,75.034],[60.435,74.999],[60.224,74.97],[60.266,74.979],[60.197,75.001],[60.205,74.98],[60.179,74.973],[59.992,74.982],[60.183,74.941],[60.592,74.946],[60.66,74.911],[60.515,74.84],[60.16,74.857],[60.237,74.793],[60.331,74.782],[60.309,74.741],[60,74.711],[59.673,74.722],[59.612,74.762],[59.463,74.793],[59.597,74.742],[59.581,74.721],[59.735,74.709],[59.858,74.652],[59.869,74.607],[59.77,74.573],[59.61,74.574],[59.325,74.681],[59.188,74.698],[59.16,74.738],[59.085,74.729],[59.128,74.679],[59.284,74.618],[59.151,74.615],[59.185,74.602],[59.099,74.53],[59.137,74.501],[59.08,74.462],[59.151,74.422],[58.831,74.446],[58.712,74.492],[58.267,74.563],[58.218,74.536],[58.467,74.499],[58.638,74.406],[58.604,74.372],[58.683,74.324],[58.629,74.296],[58.722,74.252],[58.628,74.24],[58.729,74.22],[58.547,74.223],[58.53,74.209],[58.652,74.188],[58.458,74.185],[58.537,74.176],[58.552,74.157],[58.522,74.14],[58.393,74.181],[58.286,74.161],[58.343,74.178],[58.251,74.188],[58.32,74.137],[58.536,74.116],[58.333,74.116],[58.356,74.094],[58.342,74.073],[58.278,74.08],[58.316,74.107],[58.291,74.116],[58.113,74.143],[58.105,74.12],[58.177,74.123],[58.164,74.109],[58.211,74.074],[58.188,74.049],[58.087,74.04],[58.184,74.045],[58.28,73.997],[58.176,73.995],[58.169,73.974],[57.721,74.041],[57.653,74.113],[57.482,74.188],[57.409,74.169],[57.537,74.08],[57.19,74.076],[57.54,74.062],[57.828,73.937],[57.89,73.902],[57.747,73.882],[57.868,73.865],[57.853,73.852],[57.898,73.776],[57.868,73.758],[57.659,73.714],[57.601,73.782],[57.496,73.818],[56.589,73.882],[56.761,73.842],[57.318,73.805],[57.407,73.777],[57.388,73.762],[57.505,73.748],[57.611,73.634],[57.599,73.599],[57.364,73.571],[57.344,73.536],[57.153,73.553],[56.959,73.583],[56.795,73.677],[56.407,73.737],[56.677,73.692],[56.773,73.661],[56.747,73.646],[56.789,73.618],[56.898,73.594],[56.726,73.579],[56.9,73.579],[57.228,73.48],[57.233,73.445],[56.9,73.289],[56.807,73.352],[56.722,73.343],[56.809,73.307],[56.722,73.252],[56.743,73.233],[56.126,73.262],[56.074,73.289],[56.071,73.365],[55.859,73.447],[55.761,73.515],[55.832,73.446],[55.946,73.403],[55.97,73.371],[55.957,73.305],[55.734,73.339],[55.397,73.329],[55.215,73.392],[54.899,73.44],[54.502,73.388],[54.326,73.327],[54.18,73.312],[54.046,73.339],[54.022,73.368],[54.119,73.401],[54.261,73.4],[54.335,73.445],[54.554,73.489],[54.306,73.456],[54.202,73.486],[54.377,73.564],[54.726,73.642],[55.328,73.708],[55.639,73.639],[55.599,73.571],[55.637,73.547],[55.616,73.57],[55.678,73.644],[55.99,73.631],[55.611,73.653],[55.339,73.716],[55.12,73.7],[55.408,73.779],[54.879,73.669],[54.827,73.687],[54.897,73.717],[54.528,73.689],[54.359,73.624],[54.187,73.596],[54.129,73.623],[53.968,73.622],[53.977,73.642],[53.639,73.745],[53.682,73.793],[53.82,73.764],[53.989,73.784],[54.063,73.817],[54.031,73.83],[54.065,73.848],[54.315,73.919],[54.698,73.96],[54.843,73.942],[54.883,73.909],[55.045,73.905],[54.874,73.928],[54.921,73.94],[54.867,73.972],[54.59,73.996],[54.6,74.02],[55.029,74.155],[55.58,74.119],[55.636,74.105],[55.611,74.094],[55.721,74.101],[56,74.037],[56.223,74.044],[56.35,74.007],[56.252,74.052],[56.045,74.046],[55.859,74.091],[56.098,74.15],[55.876,74.108],[55.636,74.136],[55.658,74.149],[55.594,74.183],[55.109,74.242],[55.258,74.289],[55.279,74.278],[55.249,74.257],[55.279,74.251],[55.629,74.282],[55.691,74.251],[55.758,74.277],[55.839,74.265],[55.675,74.318],[55.584,74.31],[55.553,74.346],[55.276,74.354],[55.411,74.423],[55.468,74.406],[55.611,74.434],[55.885,74.433],[56.245,74.486],[56.028,74.476],[55.986,74.484],[56.039,74.494],[56.028,74.52],[55.687,74.51],[55.672,74.536],[55.529,74.552],[55.585,74.591],[55.575,74.629],[55.812,74.686],[55.946,74.65],[56.417,74.716],[56.627,74.655],[56.699,74.67],[56.676,74.682],[56.808,74.656],[56.965,74.68],[56.885,74.707],[56.626,74.685],[56.557,74.731],[56.445,74.736],[56.563,74.768],[56.561,74.797],[56.038,74.762],[55.881,74.787],[55.885,74.809],[56.004,74.844],[56.729,74.937],[56.508,74.954],[56.351,74.917],[56.4,74.945],[56.309,74.945],[56.462,74.983],[56.37,75.022],[55.905,74.963],[55.943,75.002],[55.924,75.019],[55.984,75.054],[55.788,75.07],[55.84,75.134],[55.921,75.171],[56.077,75.194],[56.052,75.18],[56.21,75.181],[56.176,75.161],[56.221,75.148],[56.346,75.17],[56.437,75.107],[56.44,75.044],[56.632,75.074],[56.664,75.086],[56.618,75.098],[56.653,75.119],[56.634,75.128],[56.76,75.156],[56.801,75.194],[56.894,75.2],[56.957,75.242],[56.898,75.243],[56.983,75.259],[56.763,75.269],[56.742,75.296],[56.982,75.363],[57.406,75.364],[57.39,75.342],[57.58,75.309],[57.89,75.314],[57.87,75.347],[57.741,75.347],[57.715,75.372],[57.744,75.408],[57.601,75.441],[57.564,75.476],[57.63,75.505],[58.253,75.583],[58.231,75.624],[57.946,75.624],[58.056,75.665],[58.66,75.721],[58.655,75.757],[58.567,75.754],[58.808,75.775],[58.72,75.802],[58.871,75.85],[59.137,75.842],[59.209,75.873],[59.376,75.877],[59.353,75.92],[59.722,75.901],[59.986,75.933],[60.025,75.964],[60.318,75.972],[60.363,75.99],[60.083,76.046],[60.523,76.122],[60.816,76.111],[60.445,76],[60.508,75.973],[60.729,75.987]]],[[[58.701,79.781],[58.648,79.775],[58.624,79.779],[58.618,79.784],[58.632,79.785],[58.652,79.786],[58.691,79.786],[58.705,79.784],[58.707,79.783],[58.701,79.781],[58.701,79.781]]],[[[59.964,79.928],[60.073,79.912],[59.956,79.886],[59.854,79.899],[59.964,79.928]]],[[[58.737,79.959],[58.996,79.91],[58.814,79.892],[58.612,79.94],[58.296,79.946],[58.666,79.987],[58.737,79.959]]],[[[49.262,80.033],[49.245,80.028],[49.245,80.028],[49.206,80.03],[49.186,80.027],[49.15,80.025],[49.13,80.027],[49.13,80.027],[49.134,80.03],[49.155,80.033],[49.18,80.039],[49.203,80.039],[49.262,80.033]]],[[[50.281,80.074],[50.26,80.068],[50.246,80.068],[50.247,80.07],[50.251,80.075],[50.251,80.075],[50.206,80.082],[50.206,80.082],[50.214,80.085],[50.26,80.081],[50.283,80.077],[50.281,80.074]]],[[[59.967,80],[60.024,79.997],[59.717,79.937],[59.361,79.912],[58.791,80],[59.464,80.087],[59.801,80.068],[59.967,80]]],[[[49.508,80.017],[49.393,80.011],[49.294,80.049],[49.437,80.09],[49.692,80.052],[49.659,80.024],[49.508,80.017]]],[[[51.242,80.052],[51.306,80.05],[51.203,79.983],[51.432,79.919],[51.106,79.906],[50.056,79.952],[50.292,79.993],[50.46,79.967],[50.709,80.045],[50.949,80.072],[50.979,80.104],[51.242,80.052]]],[[[52.813,80.107],[52.901,80.106],[52.769,80.103],[52.813,80.107]]],[[[59.258,80.129],[59.045,80.11],[59.124,80.141],[59.258,80.129]]],[[[60.104,80.185],[60.241,80.144],[60.047,80.143],[59.944,80.178],[60.104,80.185]]],[[[50.335,80.13],[50.106,80.123],[50.091,80.102],[50.148,80.061],[50,80.045],[49.546,80.152],[50.079,80.228],[50.387,80.192],[50.394,80.162],[50.303,80.145],[50.335,80.13]]],[[[58.904,80.277],[58.777,80.288],[58.924,80.284],[58.904,80.277]]],[[[54.257,80.303],[54.447,80.266],[54.393,80.249],[54.426,80.227],[54.399,80.205],[54.205,80.166],[54.169,80.169],[54.149,80.211],[54.185,80.232],[54.097,80.263],[54.124,80.293],[54.257,80.303]]],[[[55.429,80.315],[55.556,80.306],[55.5,80.258],[55.273,80.223],[55.113,80.213],[54.958,80.245],[55.247,80.274],[55.136,80.299],[55.257,80.317],[55.429,80.315]]],[[[53.963,80.293],[53.88,80.323],[54.088,80.331],[54.008,80.309],[54.047,80.297],[53.963,80.293]]],[[[51.589,80.316],[51.532,80.326],[51.575,80.339],[51.589,80.316]]],[[[61.182,80.339],[61.138,80.332],[61.122,80.333],[61.105,80.335],[61.105,80.335],[61.101,80.337],[61.094,80.34],[61.094,80.34],[61.123,80.341],[61.131,80.343],[61.131,80.343],[61.153,80.344],[61.177,80.34],[61.182,80.339]]],[[[57.004,80.35],[57.203,80.303],[57.115,80.22],[57.212,80.195],[57.091,80.175],[57.083,80.113],[57.119,80.101],[57.057,80.063],[56.227,80.056],[55.825,80.09],[56.153,80.178],[56.053,80.227],[56.07,80.243],[56.039,80.269],[55.94,80.297],[55.957,80.303],[56.347,80.333],[56.66,80.307],[56.7,80.314],[56.69,80.342],[56.712,80.349],[57.004,80.35]]],[[[52.391,80.36],[52.666,80.325],[52.426,80.316],[52.255,80.344],[52.391,80.36]]],[[[60.294,80.354],[60.334,80.344],[60.085,80.338],[60.294,80.354]]],[[[53.389,80.379],[53.432,80.367],[53.382,80.339],[53.948,80.23],[53.779,80.185],[53.598,80.199],[53.554,80.187],[53.545,80.143],[53.455,80.132],[52.692,80.154],[52.395,80.188],[52.219,80.246],[52.843,80.293],[52.901,80.327],[52.75,80.344],[52.924,80.377],[53.389,80.379]]],[[[54.708,80.351],[54.597,80.358],[54.928,80.398],[54.708,80.351]]],[[[55.935,80.412],[56.251,80.39],[56.293,80.358],[55.771,80.384],[55.935,80.412]]],[[[55.307,80.43],[55.325,80.405],[55.275,80.375],[55.131,80.371],[54.972,80.406],[55.307,80.43]]],[[[58.079,80.476],[58.956,80.414],[59.317,80.321],[58.665,80.328],[58.626,80.303],[58.176,80.264],[58.101,80.231],[58.491,80.198],[58.418,80.173],[58.45,80.143],[58.011,80.162],[57.981,80.15],[58.086,80.112],[58.057,80.101],[58.075,80.089],[57.857,80.093],[57.35,80.153],[57.276,80.243],[57.291,80.294],[57.254,80.315],[57.299,80.342],[57.221,80.368],[57.21,80.399],[57.006,80.446],[58.079,80.476]]],[[[54.529,80.375],[54.445,80.392],[54.483,80.433],[54.613,80.48],[54.732,80.473],[54.849,80.427],[54.779,80.392],[54.529,80.375]]],[[[56.676,80.473],[56.441,80.476],[56.609,80.498],[56.711,80.481],[56.676,80.473]]],[[[54.939,80.527],[55.121,80.482],[55.034,80.444],[54.916,80.444],[54.617,80.519],[54.939,80.527]]],[[[54.41,80.555],[54.311,80.571],[54.441,80.565],[54.41,80.555]]],[[[54.369,80.494],[54.542,80.475],[54.396,80.449],[54.344,80.412],[53.91,80.445],[53.876,80.474],[53.967,80.519],[53.827,80.563],[53.91,80.597],[54.272,80.582],[54.126,80.54],[54.415,80.513],[54.338,80.498],[54.369,80.494]]],[[[58.783,80.562],[58.488,80.579],[58.875,80.625],[58.772,80.592],[58.783,80.562]]],[[[57.899,80.62],[58.084,80.613],[57.896,80.53],[57.593,80.522],[57.279,80.585],[57.899,80.62]]],[[[57.982,80.626],[57.96,80.626],[57.96,80.626],[57.937,80.63],[57.909,80.639],[57.909,80.64],[57.912,80.644],[57.961,80.638],[57.972,80.636],[57.992,80.632],[57.982,80.626]]],[[[53.403,80.618],[53.431,80.6],[53.431,80.55],[53.561,80.507],[53.458,80.469],[53.316,80.485],[53.216,80.517],[53.258,80.567],[53.326,80.584],[53.063,80.614],[53.174,80.623],[53.157,80.643],[53.188,80.646],[53.403,80.618]]],[[[58.936,80.641],[58.895,80.632],[58.895,80.632],[58.884,80.633],[58.884,80.633],[58.885,80.635],[58.885,80.638],[58.885,80.638],[58.914,80.648],[58.914,80.648],[58.93,80.648],[58.93,80.648],[58.943,80.645],[58.936,80.641],[58.936,80.641]]],[[[63.631,80.665],[63.587,80.666],[63.66,80.669],[63.631,80.665]]],[[[56.493,80.76],[56.899,80.715],[57.014,80.673],[56.892,80.622],[56.413,80.592],[56.325,80.625],[56.06,80.6],[55.632,80.617],[55.569,80.627],[55.752,80.682],[55.415,80.684],[55.935,80.747],[56.493,80.76]]],[[[47.665,80.836],[47.946,80.797],[48.247,80.817],[48.491,80.799],[48.597,80.775],[48.613,80.748],[48.461,80.73],[48.786,80.653],[48.638,80.617],[48.139,80.648],[48.012,80.674],[48.038,80.688],[48.01,80.703],[48.028,80.722],[47.883,80.718],[47.894,80.745],[47.87,80.757],[47.604,80.763],[47.555,80.748],[47.63,80.727],[47.449,80.733],[47.533,80.706],[47.548,80.675],[47.263,80.687],[47.288,80.673],[47.266,80.646],[47.405,80.615],[47.403,80.586],[47.085,80.603],[46.913,80.568],[46.866,80.53],[46.602,80.546],[46.529,80.528],[46.579,80.49],[46.368,80.497],[46.376,80.458],[46.275,80.443],[46.019,80.455],[46.093,80.514],[46.057,80.554],[45.7,80.545],[45.551,80.508],[45.417,80.548],[44.886,80.594],[45.526,80.648],[46.115,80.662],[47.238,80.788],[47.151,80.815],[47.179,80.838],[47.665,80.836]]],[[[62.14,80.827],[62.218,80.766],[62.213,80.704],[62.178,80.66],[62.028,80.612],[62.074,80.59],[61.66,80.555],[61.592,80.505],[61.647,80.468],[61.323,80.452],[61.426,80.442],[61.296,80.385],[61.157,80.366],[60.598,80.395],[60.353,80.451],[59.686,80.381],[59.524,80.452],[59.338,80.485],[59.47,80.521],[59.385,80.544],[59.373,80.566],[59.405,80.596],[59.357,80.608],[59.455,80.616],[59.414,80.634],[59.471,80.691],[59.673,80.74],[59.6,80.779],[59.779,80.808],[60.117,80.827],[60.303,80.81],[60,80.785],[60.267,80.796],[60.414,80.774],[61.356,80.816],[61.605,80.864],[62.044,80.86],[62.14,80.827]]],[[[60.134,80.866],[60.096,80.862],[60.079,80.865],[60.078,80.868],[60.132,80.872],[60.132,80.872],[60.142,80.869],[60.134,80.866]]],[[[55.312,80.84],[55.974,80.769],[54.884,80.711],[54.706,80.735],[54.686,80.743],[54.727,80.769],[54.688,80.778],[54.22,80.776],[54.038,80.821],[54.327,80.861],[54.766,80.868],[54.823,80.863],[54.784,80.844],[54.819,80.839],[55,80.874],[55.195,80.871],[55.312,80.84]]],[[[58.884,80.869],[59.023,80.809],[58.953,80.757],[58.508,80.721],[57.845,80.783],[58.297,80.861],[58.884,80.869]]],[[[50.976,80.852],[50.463,80.811],[50.441,80.8],[50.574,80.8],[50.213,80.749],[50.448,80.722],[50.666,80.766],[50.744,80.748],[50.939,80.785],[51.119,80.763],[51.139,80.789],[51.26,80.798],[51.499,80.741],[51.802,80.713],[51.403,80.632],[51.166,80.619],[51.132,80.584],[50.987,80.546],[49.691,80.483],[49.657,80.472],[49.792,80.44],[49.806,80.387],[49.625,80.352],[48.779,80.372],[48.808,80.33],[48.531,80.314],[48.526,80.28],[48.892,80.281],[48.998,80.236],[48.85,80.212],[49.114,80.17],[48.828,80.143],[48.474,80.188],[48.44,80.167],[48.52,80.123],[48.348,80.074],[48.274,80.115],[48.187,80.121],[47.981,80.099],[48.028,80.084],[48.005,80.068],[47.722,80.05],[47.654,80.075],[47.853,80.164],[48.155,80.194],[47.828,80.204],[47.986,80.222],[47.987,80.241],[47.385,80.223],[47.361,80.216],[47.463,80.188],[47.153,80.159],[46.943,80.187],[47.006,80.221],[46.733,80.295],[47.2,80.377],[47.322,80.361],[47.256,80.322],[47.273,80.312],[48.059,80.301],[47.876,80.326],[48.138,80.338],[47.757,80.354],[47.606,80.394],[48.356,80.401],[48.188,80.428],[48.237,80.444],[48.202,80.452],[47.417,80.451],[47.952,80.53],[48.495,80.545],[48.573,80.529],[48.549,80.506],[48.746,80.484],[48.887,80.494],[48.857,80.523],[49.211,80.52],[49.229,80.532],[49.188,80.548],[49.254,80.561],[49.236,80.586],[49.429,80.598],[49.281,80.632],[49.685,80.673],[49.608,80.689],[49.643,80.704],[49.609,80.718],[49.206,80.707],[49.333,80.752],[49.06,80.718],[48.984,80.74],[49.176,80.772],[49.007,80.777],[49.495,80.824],[49.805,80.907],[50.215,80.947],[50.438,80.927],[49.919,80.882],[50.099,80.851],[50.583,80.896],[50.855,80.95],[51.003,80.858],[50.976,80.852]]],[[[63.149,80.937],[63.122,80.935],[63.094,80.943],[63.094,80.943],[63.041,80.949],[63.044,80.952],[63.065,80.954],[63.065,80.954],[63.122,80.949],[63.153,80.946],[63.165,80.943],[63.149,80.937],[63.149,80.937]]],[[[58.063,80.941],[57.955,80.964],[58.155,80.958],[58.063,80.941]]],[[[58.329,81.074],[58.76,81.004],[58.606,80.933],[58.377,80.929],[57.862,81.04],[58.086,81.051],[58.112,81.083],[58.329,81.074]]],[[[58.641,81.044],[58.556,81.052],[58.518,81.086],[58.846,81.091],[58.641,81.044]]],[[[54.337,81.077],[54.318,81.073],[54.259,81.075],[54.247,81.077],[54.247,81.078],[54.25,81.09],[54.224,81.097],[54.224,81.097],[54.228,81.1],[54.248,81.102],[54.298,81.098],[54.347,81.084],[54.338,81.077],[54.337,81.077]]],[[[54.924,81.077],[55.262,81.055],[55.475,81],[56.025,81.024],[56.254,81.008],[56.655,80.958],[56.893,80.876],[57.586,80.82],[57.831,80.765],[57.582,80.7],[57.107,80.67],[56.662,80.782],[56.057,80.804],[55.759,80.849],[55.85,80.868],[55.811,80.876],[55.441,80.909],[55.372,80.947],[54.978,80.936],[54.835,80.957],[54.901,80.973],[54.831,80.988],[54.616,80.98],[54.446,81.018],[54.677,81.062],[54.632,81.089],[54.689,81.103],[54.924,81.077]]],[[[56.448,81.084],[57.575,81.028],[57.857,80.952],[58.341,80.905],[57.957,80.855],[57.98,80.845],[57.849,80.815],[57.527,80.831],[57.328,80.858],[57.306,80.867],[57.334,80.896],[57.317,80.902],[57.034,80.938],[56.802,81.019],[56.1,81.096],[56.448,81.084]]],[[[61.145,81.113],[61.657,81.089],[61.526,81.072],[61.588,81.034],[61.533,81.003],[61.001,80.897],[60.418,80.904],[60.001,80.974],[61.145,81.113]]],[[[58.448,81.145],[58.627,81.126],[58.369,81.097],[58.345,81.098],[58.442,81.109],[58.133,81.126],[58.448,81.145]]],[[[50.748,81.188],[50.978,81.158],[51.017,81.122],[50.758,81.077],[50.811,81.06],[50.518,81.049],[50.449,81.024],[50.381,81.041],[50.489,81.081],[50.368,81.149],[50.748,81.188]]],[[[64.575,81.19],[65.005,81.171],[65.235,81.124],[65.402,81.014],[65.176,80.977],[65.283,80.973],[65.385,80.913],[64.9,80.764],[64.416,80.705],[63.718,80.69],[63.164,80.638],[63.037,80.641],[63.039,80.662],[62.839,80.722],[62.521,80.78],[63.191,80.936],[64.11,80.967],[64.188,81.007],[64.122,81.067],[64.21,81.122],[64.19,81.136],[64.575,81.19]]],[[[58.159,81.191],[58.149,81.186],[58.12,81.188],[58.12,81.188],[58.102,81.198],[58.102,81.198],[58.102,81.198],[58.136,81.197],[58.159,81.191],[58.159,81.191]]],[[[58.252,81.193],[58.21,81.193],[58.306,81.202],[58.252,81.193]]],[[[59.242,81.213],[59.65,81.202],[59.812,81.168],[59.004,81.203],[59.242,81.213]]],[[[57.913,81.224],[58.093,81.187],[57.985,81.189],[57.872,81.162],[57.812,81.114],[57.657,81.1],[57.309,81.101],[56.924,81.144],[57.36,81.201],[57.913,81.224]]],[[[54.601,81.238],[54.586,81.237],[54.565,81.241],[54.564,81.246],[54.581,81.249],[54.581,81.249],[54.584,81.249],[54.597,81.25],[54.604,81.249],[54.601,81.238]]],[[[57.498,81.247],[57.433,81.247],[57.544,81.251],[57.498,81.247]]],[[[60.562,81.277],[60.61,81.263],[60.412,81.238],[59.842,81.286],[60.037,81.309],[60.562,81.277]]],[[[54.515,81.272],[54.566,81.264],[54.462,81.268],[54.205,81.343],[54.414,81.315],[54.515,81.272]]],[[[55.759,81.35],[55.749,81.341],[55.696,81.347],[55.705,81.35],[55.714,81.352],[55.714,81.353],[55.743,81.352],[55.759,81.35]]],[[[54.887,81.375],[54.841,81.378],[54.956,81.388],[54.887,81.375]]],[[[56.654,81.408],[57.401,81.352],[57.502,81.308],[57.666,81.333],[57.961,81.295],[57.26,81.259],[56.52,81.156],[56.351,81.162],[56.417,81.197],[56.274,81.211],[55.935,81.183],[55.599,81.198],[55.563,81.209],[55.624,81.23],[55.615,81.256],[55.46,81.265],[55.562,81.296],[55.491,81.316],[55.694,81.335],[55.713,81.328],[55.683,81.315],[56.615,81.253],[56.639,81.256],[56.411,81.306],[56.495,81.342],[56.367,81.396],[56.654,81.408]]],[[[59.016,81.423],[59.253,81.42],[59.16,81.405],[59.358,81.334],[58.976,81.293],[58.529,81.345],[58.785,81.41],[59.016,81.423]]],[[[58.794,81.441],[58.771,81.44],[58.747,81.443],[58.747,81.443],[58.709,81.445],[58.772,81.456],[58.804,81.445],[58.805,81.445],[58.794,81.441]]],[[[58.323,81.527],[58.406,81.517],[58.229,81.519],[58.323,81.527]]],[[[56.83,81.539],[56.799,81.532],[56.761,81.535],[56.783,81.537],[56.809,81.541],[56.809,81.541],[56.83,81.539]]],[[[57.667,81.563],[57.838,81.553],[57.82,81.523],[57.912,81.501],[58.359,81.48],[58.583,81.422],[58.302,81.378],[57.896,81.376],[57.46,81.436],[56.834,81.465],[56.954,81.49],[56.926,81.518],[56.946,81.531],[57.667,81.563]]],[[[62.161,81.519],[61.957,81.529],[61.81,81.574],[62.033,81.582],[62.317,81.549],[62.161,81.519]]],[[[58.763,81.62],[58.751,81.619],[58.716,81.627],[58.723,81.628],[58.734,81.63],[58.752,81.628],[58.77,81.62],[58.763,81.62]]],[[[61.984,81.612],[61.9,81.628],[62.019,81.625],[61.984,81.612]]],[[[58.936,81.631],[58.918,81.63],[58.874,81.631],[58.871,81.625],[58.857,81.625],[58.857,81.625],[58.801,81.63],[58.802,81.63],[58.809,81.634],[58.819,81.636],[58.825,81.636],[58.828,81.637],[58.828,81.637],[58.924,81.634],[58.936,81.631],[58.936,81.631]]],[[[58.566,81.579],[58.299,81.589],[58.432,81.63],[58.679,81.638],[58.734,81.607],[58.566,81.579]]],[[[58.812,81.651],[58.812,81.651],[58.817,81.655],[58.845,81.657],[58.855,81.658],[58.889,81.66],[58.889,81.66],[58.909,81.659],[58.909,81.659],[58.898,81.654],[58.855,81.651],[58.812,81.651]]],[[[63.271,81.71],[63.651,81.692],[63.835,81.642],[63.746,81.603],[63.393,81.569],[62.772,81.591],[62.629,81.617],[62.619,81.644],[62.206,81.667],[62.42,81.7],[63.271,81.71]]],[[[59.097,81.857],[59.376,81.824],[59.303,81.784],[59.343,81.759],[59.237,81.734],[58.515,81.723],[58.19,81.686],[57.976,81.714],[57.966,81.747],[58.064,81.768],[57.912,81.811],[59.097,81.857]]]]}},{"type":"Feature","properties":{"id":"05","name":"Astrakhan’"},"geometry":{"type":"Polygon","coordinates":[[[46.584,48.616],[46.492,48.443],[46.772,48.356],[46.925,48.338],[47.038,48.229],[47.107,48.202],[47.097,48.105],[47.208,48.078],[47.018,48],[47.162,47.837],[47.115,47.816],[47.174,47.761],[47.377,47.676],[47.408,47.815],[47.687,47.745],[48.044,47.765],[48.182,47.678],[48.381,47.434],[48.608,47.414],[48.643,47.252],[48.734,47.087],[49.005,46.767],[48.914,46.693],[48.801,46.684],[48.751,46.688],[48.657,46.771],[48.581,46.774],[48.511,46.733],[48.481,46.658],[48.544,46.645],[48.559,46.608],[48.639,46.609],[48.673,46.562],[48.776,46.536],[48.825,46.476],[49.151,46.37],[49.231,46.296],[49.173,46.251],[49.203,46.209],[49.054,46.093],[49.082,46.058],[49.016,45.992],[48.991,46.01],[48.939,45.971],[48.859,45.982],[48.871,45.852],[48.742,46.01],[48.72,46.077],[48.673,46.075],[48.769,45.935],[48.755,45.869],[48.824,45.825],[48.81,45.784],[48.754,45.787],[48.569,45.925],[48.552,45.902],[48.596,45.846],[48.482,45.832],[48.495,45.762],[48.39,45.787],[48.239,45.603],[48.064,45.654],[47.828,45.562],[47.792,45.643],[47.691,45.713],[47.602,45.695],[47.574,45.636],[47.694,45.537],[47.662,45.511],[47.598,45.557],[47.654,45.463],[47.638,45.427],[47.501,45.498],[47.509,45.546],[47.587,45.571],[47.574,45.59],[47.374,45.614],[47.196,45.566],[46.894,45.571],[47.025,45.697],[47.264,46.054],[47.232,46.094],[46.952,46.052],[46.91,46.073],[46.904,46.178],[46.861,46.22],[46.746,46.227],[46.606,46.283],[46.667,46.348],[46.793,46.408],[46.987,46.415],[46.998,46.523],[47.055,46.585],[47.224,46.637],[47.263,46.722],[47.122,46.86],[47.013,46.868],[46.942,46.968],[46.864,46.989],[46.586,47.306],[46.533,47.405],[46.648,47.506],[46.778,47.545],[46.813,47.586],[46.659,47.617],[46.383,47.412],[46.282,47.451],[46.023,47.608],[45.816,47.81],[45.753,47.837],[45.741,47.885],[45.785,47.932],[45.766,48],[45.673,48.021],[45.58,47.997],[45.205,48.217],[45.077,48.245],[45.023,48.304],[45.053,48.365],[45.187,48.478],[45.356,48.439],[45.4,48.466],[45.381,48.494],[45.265,48.512],[45.246,48.535],[45.265,48.548],[45.588,48.569],[45.868,48.692],[46.066,48.854],[46.256,48.849],[46.437,48.782],[46.621,48.683],[46.584,48.616]]]}},{"type":"Feature","properties":{"id":"06","name":"Bashkortostan"},"geometry":{"type":"Polygon","coordinates":[[[54.864,56.457],[54.963,56.405],[55.186,56.446],[55.358,56.388],[55.698,56.499],[55.861,56.5],[56.046,56.309],[56.106,56.289],[56.266,56.315],[56.405,56.381],[56.499,56.384],[56.57,56.355],[56.576,56.313],[56.74,56.225],[56.869,56.114],[57.206,56.188],[57.224,56.23],[57.417,56.342],[57.437,56.289],[57.537,56.223],[57.498,56.173],[57.56,56.136],[57.711,56.174],[57.803,56.171],[57.95,56.11],[58.013,56.104],[58.134,56.147],[58.368,56.111],[58.561,56.185],[58.817,56.092],[58.925,56.081],[59.11,56.18],[59.173,56.161],[59.321,56.181],[59.367,56.143],[59.361,56.115],[59.212,56.05],[59.238,55.957],[59.134,55.836],[59.323,55.769],[59.294,55.728],[59.322,55.639],[59.416,55.657],[59.51,55.61],[59.652,55.607],[59.5,55.481],[59.192,55.456],[59.153,55.424],[59.18,55.369],[59.054,55.3],[58.995,55.286],[58.841,55.331],[58.734,55.285],[58.74,55.248],[58.637,55.187],[58.788,55.15],[58.847,55.068],[58.723,54.999],[58.61,54.972],[58.53,55.058],[58.476,55.046],[58.421,55.072],[58.266,55.207],[58.17,55.152],[58.146,55.073],[58.077,54.988],[58.006,54.951],[57.964,54.961],[58.042,55.036],[57.998,55.097],[57.997,55.149],[58.088,55.233],[58.053,55.28],[57.55,55.341],[57.268,55.249],[57.135,55.125],[57.128,55.087],[57.277,54.986],[57.179,54.897],[57.178,54.866],[57.725,54.615],[57.761,54.542],[57.912,54.436],[57.98,54.424],[58.064,54.436],[58.234,54.535],[58.413,54.563],[58.63,54.495],[58.716,54.499],[58.794,54.586],[59.096,54.651],[59.252,54.634],[59.455,54.751],[59.543,54.858],[59.627,54.877],[59.701,54.937],[59.763,54.876],[59.916,54.891],[59.873,54.827],[59.926,54.76],[59.805,54.585],[59.684,54.521],[59.734,54.457],[59.651,54.387],[59.776,54.33],[59.728,54.242],[59.727,54.171],[59.576,54.205],[59.306,54.187],[59.195,54.026],[59.094,53.972],[58.95,53.955],[58.907,53.699],[58.816,53.605],[58.875,53.549],[58.882,53.454],[58.874,53.309],[58.818,53.281],[58.895,53.228],[58.916,53.12],[58.971,53.067],[58.84,52.972],[58.814,52.724],[58.772,52.647],[58.873,52.572],[58.823,52.515],[58.928,52.329],[58.867,52.276],[58.785,52.291],[58.722,52.264],[58.685,52.135],[58.772,52.077],[58.623,51.789],[58.286,51.705],[58.228,51.711],[58.129,51.791],[57.823,51.82],[57.779,51.851],[57.718,51.842],[57.664,51.735],[57.599,51.687],[57.437,51.715],[57.423,51.63],[57.253,51.561],[57.094,51.689],[56.958,51.742],[56.903,51.722],[56.954,51.619],[56.899,51.575],[56.808,51.584],[56.848,51.677],[56.671,51.853],[56.764,51.939],[56.653,52.084],[56.468,52.2],[56.425,52.199],[56.35,52.122],[56.252,52.184],[56.416,52.283],[56.456,52.353],[56.434,52.455],[56.354,52.52],[56.411,52.588],[56.381,52.606],[56.309,52.574],[56.077,52.672],[56.033,52.564],[55.807,52.376],[55.527,52.427],[55.526,52.487],[55.474,52.528],[55.455,52.608],[55.351,52.661],[55.276,52.649],[55.231,52.679],[55.266,52.728],[55.349,52.715],[55.398,52.748],[55.359,52.766],[55.334,52.869],[55.165,52.837],[55.086,52.869],[55.082,52.931],[54.968,53.038],[54.897,53.246],[54.851,53.27],[54.623,53.241],[54.507,53.359],[54.325,53.41],[54.213,53.402],[54.05,53.484],[53.816,53.7],[53.633,53.813],[53.491,53.992],[53.392,54.058],[53.427,54.125],[53.372,54.268],[53.385,54.334],[53.455,54.531],[53.632,54.705],[53.599,54.805],[53.684,54.895],[53.642,54.931],[53.513,54.927],[53.415,55.014],[53.265,55.086],[53.144,55.108],[53.185,55.16],[53.426,55.215],[53.533,55.213],[53.682,55.322],[53.903,55.392],[53.957,55.488],[54.019,55.525],[54.01,55.59],[54.2,55.688],[54.195,55.768],[54.07,55.805],[54.092,55.823],[54.018,55.85],[53.946,55.941],[53.798,55.98],[53.851,56.036],[54.101,56.134],[54.242,56.274],[54.388,56.306],[54.419,56.342],[54.402,56.372],[54.57,56.541],[54.667,56.555],[54.711,56.542],[54.76,56.472],[54.864,56.457]]]}},{"type":"Feature","properties":{"id":"07","name":"Belgorod"},"geometry":{"type":"Polygon","coordinates":[[[38.108,51.387],[38.403,51.265],[38.546,51.249],[38.583,51.186],[38.479,51.128],[38.492,51.059],[38.712,51.012],[38.843,51.084],[38.935,51.032],[38.912,50.961],[38.986,50.912],[38.951,50.884],[38.849,50.906],[38.821,50.824],[38.925,50.787],[38.91,50.741],[38.992,50.674],[39.064,50.677],[39.13,50.615],[39.223,50.608],[39.289,50.561],[39.17,50.55],[39.212,50.488],[39.138,50.427],[39.218,50.337],[39.186,50.289],[39.248,50.116],[39.365,50.045],[39.374,49.994],[39.316,49.931],[39.292,49.85],[39.228,49.823],[39.172,49.88],[39.122,49.837],[38.963,49.803],[38.922,49.83],[38.93,49.865],[38.74,49.914],[38.698,49.955],[38.723,49.979],[38.689,49.998],[38.665,49.959],[38.504,49.968],[38.478,49.999],[38.405,49.987],[38.366,50.009],[38.339,50.086],[38.2,50.076],[38.191,50.003],[38.227,49.975],[38.034,49.923],[38.048,49.956],[37.918,50.06],[37.76,50.096],[37.652,50.177],[37.625,50.221],[37.647,50.305],[37.582,50.299],[37.482,50.354],[37.487,50.436],[37.336,50.421],[37.167,50.349],[36.859,50.335],[36.711,50.277],[36.66,50.229],[36.615,50.231],[36.572,50.257],[36.595,50.301],[36.558,50.287],[36.459,50.335],[36.315,50.294],[36.283,50.312],[36.281,50.359],[36.155,50.449],[36.074,50.464],[35.833,50.45],[35.81,50.402],[35.739,50.359],[35.631,50.361],[35.588,50.403],[35.582,50.467],[35.512,50.482],[35.413,50.59],[35.432,50.601],[35.418,50.657],[35.502,50.667],[35.475,50.706],[35.491,50.771],[35.428,50.815],[35.427,50.862],[35.396,50.879],[35.405,50.933],[35.344,50.949],[35.347,51.016],[35.487,51.006],[35.535,50.947],[35.675,50.962],[35.759,51.003],[35.845,50.977],[35.911,51.049],[35.988,51.061],[36.012,51.107],[35.951,51.128],[36.039,51.19],[36.123,51.133],[36.255,51.163],[36.347,51.122],[36.61,51.086],[36.806,51.189],[37.059,51.217],[37.158,51.317],[37.432,51.378],[37.793,51.363],[37.929,51.421],[38.034,51.426],[38.108,51.387]]]}},{"type":"Feature","properties":{"id":"08","name":"Bryansk"},"geometry":{"type":"Polygon","coordinates":[[[33.836,53.972],[33.952,53.852],[34.002,53.865],[34.042,53.835],[34.23,53.87],[34.258,53.826],[34.406,53.762],[34.406,53.721],[34.51,53.683],[34.502,53.556],[34.548,53.505],[34.531,53.442],[34.626,53.399],[34.884,53.353],[35.018,53.363],[35.126,53.285],[35.14,53.172],[35.09,53.151],[35.283,53.067],[35.247,53.027],[35.14,53.026],[35.143,52.971],[35.026,52.95],[34.976,52.999],[34.961,52.952],[34.863,52.961],[34.876,52.91],[34.771,52.889],[34.855,52.795],[34.899,52.826],[34.963,52.781],[35.037,52.787],[35.004,52.744],[35.05,52.698],[35.016,52.669],[34.954,52.681],[34.996,52.629],[34.958,52.595],[35.027,52.559],[34.839,52.467],[34.835,52.409],[34.892,52.418],[34.955,52.376],[34.842,52.29],[34.812,52.23],[34.696,52.245],[34.644,52.223],[34.634,52.202],[34.686,52.165],[34.649,52.099],[34.448,52.103],[34.323,52.045],[34.326,52.009],[34.282,51.981],[34.298,51.962],[34.414,51.938],[34.327,51.872],[34.301,51.887],[34.263,51.86],[34.265,51.908],[34.226,51.906],[34.131,51.992],[34.08,51.997],[34.07,52.081],[34.116,52.128],[34.064,52.193],[33.943,52.247],[33.923,52.302],[33.844,52.304],[33.862,52.326],[33.831,52.357],[33.726,52.355],[33.539,52.292],[33.502,52.299],[33.53,52.35],[33.453,52.352],[33.469,52.328],[33.407,52.36],[33.344,52.338],[33.196,52.375],[33.177,52.338],[33.053,52.317],[32.909,52.244],[32.842,52.275],[32.687,52.253],[32.561,52.327],[32.387,52.346],[32.359,52.318],[32.368,52.289],[32.397,52.294],[32.396,52.253],[32.329,52.235],[32.361,52.145],[32.299,52.092],[32.21,52.057],[32.16,52.07],[32.072,52.023],[31.934,52.03],[31.95,52.084],[31.807,52.096],[31.782,52.181],[31.68,52.191],[31.708,52.27],[31.595,52.302],[31.625,52.404],[31.586,52.441],[31.612,52.486],[31.575,52.498],[31.61,52.545],[31.633,52.524],[31.666,52.553],[31.573,52.591],[31.515,52.689],[31.57,52.704],[31.607,52.767],[31.53,52.827],[31.54,52.86],[31.414,52.9],[31.368,52.976],[31.25,53.027],[31.319,53.029],[31.343,53.08],[31.4,53.092],[31.379,53.127],[31.429,53.195],[31.568,53.192],[31.636,53.232],[31.754,53.206],[31.828,53.119],[31.914,53.115],[31.931,53.087],[32.227,53.096],[32.242,53.128],[32.326,53.136],[32.355,53.179],[32.447,53.194],[32.528,53.273],[32.509,53.295],[32.599,53.289],[32.628,53.338],[32.669,53.318],[32.742,53.333],[32.75,53.389],[32.795,53.4],[32.761,53.412],[32.858,53.445],[32.915,53.423],[32.919,53.495],[32.968,53.534],[32.947,53.572],[33.099,53.647],[33.105,53.683],[33.172,53.724],[33.233,53.715],[33.253,53.806],[33.31,53.784],[33.357,53.816],[33.284,53.871],[33.358,53.969],[33.437,53.927],[33.484,53.956],[33.457,53.983],[33.702,54.02],[33.836,53.972]]]}},{"type":"Feature","properties":{"id":"09","name":"Buryat"},"geometry":{"type":"Polygon","coordinates":[[[116.104,57.237],[116.242,57.145],[116.122,57.12],[115.596,56.869],[115.626,56.726],[115.462,56.635],[115.69,56.568],[115.737,56.479],[115.787,56.46],[115.799,56.425],[115.714,56.413],[115.714,56.351],[115.857,56.162],[115.864,56.128],[115.813,56.08],[115.799,56.01],[115.883,55.905],[115.848,55.836],[115.855,55.776],[115.872,55.703],[115.927,55.656],[115.925,55.46],[115.96,55.372],[116.184,55.329],[116.413,55.337],[116.62,55.162],[116.825,55.08],[116.95,54.874],[116.867,54.696],[116.812,54.672],[116.812,54.614],[116.712,54.538],[116.496,54.501],[116.282,54.514],[115.568,54.391],[115.459,54.27],[115.224,54.194],[114.856,54.001],[114.617,53.948],[114.497,53.815],[114.351,53.815],[114.321,53.782],[113.983,53.714],[113.844,53.615],[113.846,53.411],[113.943,53.355],[113.944,53.276],[114.102,53.202],[114.176,53.207],[114.196,53.146],[114.131,53.107],[114.325,53.066],[114.292,52.94],[114.25,52.927],[114.234,52.822],[114.066,52.678],[113.774,52.627],[113.566,52.476],[113.124,52.447],[112.926,52.344],[112.602,52.355],[112.519,52.333],[112.453,52.245],[112.407,52.232],[112.193,52.26],[112.15,52.295],[112.057,52.279],[112.036,52.238],[111.904,52.178],[111.621,51.94],[111.042,51.8],[110.971,51.72],[110.841,51.663],[110.811,51.569],[110.657,51.497],[110.413,51.515],[110.352,51.587],[109.966,51.594],[109.803,51.542],[109.632,51.427],[109.247,51.35],[109.069,51.408],[109.056,51.445],[108.712,51.434],[108.595,51.484],[108.585,51.395],[108.485,51.392],[108.456,51.279],[108.372,51.182],[108.549,51.094],[108.442,51.032],[108.295,51.008],[108.247,50.749],[108.114,50.705],[108.09,50.659],[108.193,50.593],[108.431,50.541],[108.512,50.468],[108.655,50.459],[108.607,50.386],[108.459,50.411],[108.306,50.344],[108.194,50.332],[108.066,50.258],[107.984,50.266],[107.905,50.146],[107.784,50.114],[107.72,50.067],[107.703,50.042],[107.745,49.989],[107.693,49.955],[107.399,49.975],[107.326,50.021],[107.271,49.992],[107.151,50.018],[107.07,50.071],[106.967,50.222],[106.758,50.321],[106.567,50.347],[106.279,50.296],[106.092,50.351],[106.047,50.412],[105.612,50.432],[105.357,50.481],[105.12,50.393],[104.957,50.398],[104.589,50.314],[104.405,50.305],[104.285,50.253],[104.228,50.187],[104.061,50.154],[103.792,50.208],[103.69,50.137],[103.439,50.216],[103.32,50.202],[103.226,50.308],[102.916,50.314],[102.825,50.379],[102.642,50.429],[102.53,50.533],[102.404,50.551],[102.301,50.6],[102.293,50.65],[102.358,50.74],[102.225,50.841],[102.267,50.966],[102.194,51.072],[102.151,51.264],[102.213,51.323],[102.083,51.393],[101.76,51.459],[101.656,51.452],[101.578,51.5],[101.479,51.499],[101.377,51.458],[101.24,51.546],[101.143,51.543],[100.528,51.748],[99.994,51.753],[99.846,51.815],[99.728,51.902],[99.321,51.962],[99.272,52.021],[99.049,52.072],[98.989,52.123],[98.971,52.216],[98.833,52.208],[98.8,52.228],[98.818,52.293],[98.648,52.279],[98.629,52.313],[98.656,52.352],[98.647,52.435],[98.815,52.541],[98.831,52.624],[98.933,52.686],[98.964,52.806],[98.889,52.798],[98.863,52.82],[98.929,52.927],[99.007,52.944],[99.048,52.91],[99.197,52.878],[99.249,53.018],[99.369,53.071],[99.368,53.125],[99.614,53.146],[99.856,53.237],[99.841,53.296],[99.865,53.338],[100.102,53.324],[100.146,53.388],[100.269,53.41],[100.36,53.28],[100.365,53.143],[100.447,53.062],[100.762,52.933],[100.888,52.822],[101.383,52.636],[101.614,52.493],[101.647,52.403],[101.696,52.371],[101.851,52.329],[102.018,52.234],[102.127,52.275],[102.31,52.245],[102.422,52.265],[102.564,52.228],[102.588,52.125],[102.654,52.108],[102.85,51.938],[103.127,51.858],[103.224,51.698],[103.204,51.588],[103.242,51.556],[103.244,51.496],[103.302,51.483],[103.333,51.444],[103.664,51.444],[103.808,51.376],[103.808,51.121],[103.911,51.138],[103.991,51.191],[104.14,51.211],[104.204,51.259],[104.4,51.273],[104.488,51.31],[104.549,51.285],[104.615,51.329],[104.613,51.454],[104.693,51.544],[105.364,51.777],[106.501,52.594],[107.551,52.973],[108.091,53.294],[108.499,54.023],[108.536,54.493],[108.598,54.542],[108.527,54.54],[108.605,54.646],[108.674,54.678],[108.664,54.879],[108.702,54.946],[108.67,54.969],[108.673,55.066],[108.735,55.232],[108.651,55.264],[108.636,55.3],[108.652,55.348],[108.625,55.463],[108.684,55.517],[108.66,55.585],[108.728,55.613],[108.809,55.83],[108.878,55.915],[109.154,55.92],[109.208,55.968],[109.033,56.027],[108.96,56.024],[108.964,56.053],[108.889,56.087],[108.89,56.153],[108.828,56.22],[108.686,56.251],[108.553,56.339],[108.641,56.44],[108.705,56.47],[108.714,56.521],[108.661,56.539],[108.69,56.565],[108.926,56.582],[109.082,56.667],[109.202,56.663],[109.48,56.723],[109.682,56.701],[109.857,56.784],[109.894,56.901],[109.987,56.969],[110.366,56.929],[110.556,56.844],[110.725,56.874],[110.983,56.862],[111.119,56.82],[111.304,56.915],[111.295,56.962],[111.37,57.012],[111.385,57.055],[111.534,57.126],[111.601,57.111],[111.603,57.084],[111.799,56.928],[111.852,56.921],[111.907,56.959],[112.083,56.945],[112.212,56.876],[112.425,56.855],[112.597,56.961],[112.68,56.956],[112.707,56.921],[112.677,56.865],[112.692,56.816],[112.88,56.714],[113.241,56.645],[113.568,56.68],[113.768,56.62],[113.806,56.563],[113.924,56.55],[113.98,56.557],[114.017,56.622],[114.157,56.701],[114.456,56.676],[114.544,56.715],[114.765,56.717],[114.821,56.743],[114.877,56.849],[115.075,57.013],[115.076,57.118],[115.627,57.123],[115.809,57.229],[116.104,57.237]]]}},{"type":"Feature","properties":{"id":"10","name":"Chechnya"},"geometry":{"type":"Polygon","coordinates":[[[46.579,43.844],[46.619,43.79],[46.596,43.706],[46.466,43.58],[46.367,43.417],[46.477,43.211],[46.446,43.144],[46.457,43.073],[46.539,43.031],[46.517,42.962],[46.555,42.922],[46.529,42.895],[46.449,42.843],[46.404,42.847],[46.376,42.895],[46.249,42.865],[46.145,42.802],[46.233,42.713],[46.049,42.674],[46.019,42.578],[45.941,42.586],[45.904,42.518],[45.791,42.463],[45.57,42.549],[45.34,42.53],[45.167,42.698],[45.089,42.696],[45.159,42.762],[45.147,42.826],[45.208,42.89],[45.158,42.96],[45.168,43.003],[45.302,43.188],[45.311,43.309],[45.198,43.348],[45.218,43.438],[44.928,43.536],[44.95,43.636],[45.006,43.63],[45.12,43.684],[45.154,43.754],[45.142,43.875],[45.262,43.896],[45.3,43.814],[45.447,43.811],[45.521,43.848],[45.507,43.921],[45.569,43.975],[45.786,43.901],[45.903,43.934],[46.089,43.9],[46.066,43.798],[46.084,43.778],[46.159,43.83],[46.287,43.844],[46.272,43.903],[46.424,43.995],[46.505,43.916],[46.52,43.855],[46.579,43.844]]]}},{"type":"Feature","properties":{"id":"11","name":"Chelyabinsk"},"geometry":{"type":"Polygon","coordinates":[[[61.298,56.381],[61.439,56.4],[61.537,56.341],[61.709,56.345],[61.721,56.307],[61.83,56.285],[61.885,56.214],[62.12,56.133],[62.202,56.051],[62.2,56.004],[62.241,55.946],[62.366,55.942],[62.321,55.893],[62.541,55.773],[62.505,55.743],[62.563,55.662],[62.558,55.625],[62.481,55.572],[62.576,55.557],[62.546,55.491],[62.358,55.44],[62.161,55.454],[62.21,55.347],[62.057,55.311],[62.253,55.116],[62.19,55.022],[62.139,55.021],[62.07,55.065],[61.961,55.048],[61.956,54.991],[62.083,54.819],[62.044,54.766],[62.184,54.684],[62.484,54.754],[62.568,54.724],[62.532,54.682],[62.714,54.669],[62.991,54.726],[63.204,54.719],[63.288,54.532],[63.12,54.47],[63.152,54.418],[63.109,54.369],[63.364,54.262],[63.378,54.197],[63.168,54.192],[63.162,54.127],[63.121,54.108],[62.816,54.116],[62.799,54.081],[62.594,53.985],[62.551,53.9],[62.442,53.936],[62.414,53.996],[62.49,54.026],[62.438,54.055],[62.183,54.033],[62.073,54.056],[62.003,54.029],[62.045,53.96],[61.992,53.946],[61.875,53.966],[61.908,54.008],[61.851,54.009],[61.854,54.032],[61.792,53.984],[61.738,54.029],[61.659,54.012],[61.613,53.954],[61.581,53.995],[61.496,54.019],[61.461,54.084],[61.395,54.089],[61.306,54.073],[61.255,54.033],[61.277,53.98],[61.256,53.917],[61.187,53.924],[61.158,53.962],[60.999,53.931],[60.99,53.897],[61.136,53.881],[61.218,53.797],[61.047,53.698],[61.041,53.641],[60.999,53.669],[60.919,53.667],[60.916,53.617],[61.355,53.559],[61.503,53.591],[61.586,53.533],[61.579,53.5],[61.481,53.461],[61.251,53.499],[61.235,53.437],[61.158,53.386],[61.183,53.296],[61.395,53.267],[61.518,53.214],[61.622,53.216],[61.677,53.249],[61.799,53.161],[62.111,53.117],[62.137,53.006],[62.008,52.952],[61.893,53.011],[61.715,52.997],[61.641,52.963],[61.46,53.035],[61.38,52.988],[61.237,53.032],[61.116,52.97],[61.025,52.98],[61.074,52.912],[60.854,52.773],[60.729,52.751],[60.715,52.654],[60.841,52.619],[60.849,52.517],[60.974,52.503],[60.979,52.458],[61.072,52.338],[60.964,52.274],[60.795,52.231],[60.722,52.169],[60.531,52.166],[60.271,52.012],[60.116,51.997],[59.984,52.054],[60.026,52.08],[60.091,52.201],[60.234,52.277],[60.219,52.395],[60.181,52.428],[59.97,52.413],[59.836,52.47],[59.801,52.451],[59.682,52.487],[59.558,52.463],[59.527,52.503],[59.482,52.498],[59.287,52.449],[59.255,52.395],[59.289,52.301],[59.094,52.372],[59.013,52.469],[58.87,52.467],[58.823,52.515],[58.873,52.572],[58.772,52.647],[58.774,52.671],[58.814,52.724],[58.84,52.972],[58.971,53.067],[58.916,53.12],[58.895,53.228],[58.818,53.281],[58.874,53.309],[58.882,53.454],[58.875,53.549],[58.816,53.605],[58.907,53.699],[58.95,53.955],[59.094,53.972],[59.195,54.026],[59.306,54.187],[59.576,54.205],[59.727,54.171],[59.728,54.242],[59.776,54.33],[59.651,54.387],[59.734,54.457],[59.684,54.521],[59.805,54.585],[59.926,54.76],[59.873,54.827],[59.916,54.891],[59.763,54.876],[59.701,54.937],[59.627,54.877],[59.543,54.858],[59.455,54.751],[59.252,54.634],[59.096,54.651],[58.794,54.586],[58.716,54.499],[58.63,54.495],[58.413,54.563],[58.234,54.535],[58.064,54.436],[57.98,54.424],[57.912,54.436],[57.761,54.542],[57.725,54.615],[57.178,54.866],[57.179,54.897],[57.277,54.986],[57.128,55.087],[57.135,55.125],[57.268,55.249],[57.55,55.341],[58.053,55.28],[58.088,55.233],[57.997,55.149],[57.998,55.097],[58.042,55.036],[57.964,54.961],[58.006,54.951],[58.077,54.988],[58.146,55.073],[58.17,55.152],[58.266,55.207],[58.421,55.072],[58.476,55.046],[58.53,55.058],[58.61,54.972],[58.847,55.068],[58.788,55.15],[58.637,55.187],[58.74,55.248],[58.734,55.285],[58.841,55.331],[58.995,55.286],[59.054,55.3],[59.18,55.369],[59.153,55.424],[59.192,55.456],[59.5,55.481],[59.652,55.607],[59.51,55.61],[59.416,55.657],[59.322,55.639],[59.294,55.728],[59.323,55.769],[59.134,55.836],[59.238,55.957],[59.212,56.05],[59.361,56.115],[59.367,56.143],[59.321,56.181],[59.031,56.155],[59.051,56.236],[59.108,56.227],[59.18,56.259],[59.159,56.354],[59.195,56.376],[59.606,56.343],[59.722,56.252],[59.964,56.284],[60.126,56.253],[60.411,56.295],[60.577,56.239],[60.694,56.259],[60.778,56.234],[61.118,56.247],[61.135,56.287],[61.071,56.349],[61.098,56.38],[61.205,56.409],[61.298,56.381]]]}},{"type":"Feature","properties":{"id":"12","name":"Chukot"},"geometry":{"type":"MultiPolygon","coordinates":[[[[187.329,64.649],[187.502,64.652],[187.563,64.619],[187.481,64.594],[187.272,64.624],[187.329,64.649]]],[[[187.661,64.833],[187.94,64.76],[187.441,64.685],[187.363,64.701],[187.502,64.817],[187.661,64.833]]],[[[187.419,64.871],[187.363,64.867],[187.485,64.901],[187.419,64.871]]],[[[181.494,65.448],[182.255,65.439],[181.611,65.438],[181.272,65.467],[181.494,65.448]]],[[[187.783,65.474],[187.759,65.487],[187.784,65.494],[187.783,65.474]]],[[[182.809,65.533],[182.84,65.527],[182.658,65.459],[182.265,65.437],[182.646,65.464],[182.809,65.533]]],[[[185.68,66.437],[185.687,66.427],[185.675,66.428],[185.675,66.428],[185.666,66.435],[185.667,66.438],[185.676,66.439],[185.68,66.437]]],[[[185.649,66.44],[185.644,66.439],[185.638,66.444],[185.627,66.447],[185.622,66.451],[185.624,66.453],[185.631,66.454],[185.645,66.448],[185.651,66.443],[185.649,66.44]]],[[[185.901,66.976],[185.922,66.973],[185.839,66.974],[185.901,66.976]]],[[[187.248,67.049],[187.244,67.048],[187.235,67.048],[187.219,67.056],[187.221,67.061],[187.227,67.061],[187.234,67.057],[187.247,67.056],[187.248,67.056],[187.251,67.053],[187.248,67.049]]],[[[185.292,67.013],[185.269,67.111],[185.333,67.041],[185.292,67.013]]],[[[185.283,67.114],[185.275,67.114],[185.272,67.116],[185.273,67.135],[185.268,67.148],[185.27,67.151],[185.274,67.152],[185.296,67.125],[185.294,67.119],[185.283,67.114]]],[[[185.324,67.221],[185.326,67.163],[185.283,67.237],[185.324,67.221]]],[[[185.261,67.233],[185.24,67.232],[185.239,67.233],[185.234,67.235],[185.234,67.235],[185.235,67.241],[185.222,67.248],[185.222,67.248],[185.228,67.256],[185.227,67.26],[185.206,67.265],[185.206,67.266],[185.201,67.269],[185.201,67.269],[185.207,67.27],[185.21,67.27],[185.21,67.27],[185.222,67.27],[185.236,67.266],[185.236,67.266],[185.25,67.257],[185.251,67.257],[185.263,67.24],[185.261,67.233]]],[[[185.228,67.275],[185.214,67.275],[185.198,67.276],[185.194,67.277],[185.202,67.28],[185.231,67.281],[185.232,67.28],[185.237,67.278],[185.238,67.278],[185.23,67.276],[185.228,67.275]]],[[[185.398,67.444],[185.391,67.443],[185.365,67.453],[185.362,67.46],[185.362,67.46],[185.351,67.47],[185.35,67.476],[185.372,67.473],[185.376,67.468],[185.383,67.464],[185.395,67.463],[185.408,67.453],[185.398,67.444]]],[[[180.356,68.895],[180.485,68.909],[180.492,68.93],[180.57,68.916],[180.7,68.852],[181.169,68.745],[181.56,68.565],[182.386,68.306],[183.951,67.868],[184.182,67.848],[184.173,67.804],[184.718,67.665],[184.744,67.65],[184.683,67.631],[184.759,67.571],[184.746,67.553],[185.2,67.369],[185.275,67.244],[185.23,67.306],[185.137,67.278],[185.15,67.255],[185.116,67.223],[185.09,67.082],[185.103,67.033],[185.152,67.01],[185.145,66.986],[185.306,66.911],[185.236,66.908],[185.283,66.83],[185.299,66.729],[185.282,66.713],[185.287,66.741],[185.227,66.75],[185.042,66.661],[185.129,66.622],[185.125,66.596],[185.319,66.594],[185.569,66.528],[185.622,66.462],[185.552,66.46],[185.532,66.388],[185.624,66.324],[185.862,66.418],[185.805,66.467],[185.971,66.469],[186.074,66.443],[186.036,66.417],[186.085,66.329],[185.985,66.303],[186.162,66.29],[186.204,66.305],[186.117,66.327],[186.29,66.355],[186.319,66.431],[186.153,66.511],[185.841,66.532],[185.777,66.573],[185.75,66.565],[185.77,66.519],[185.745,66.5],[185.729,66.571],[186.086,66.676],[186.053,66.839],[185.988,66.907],[185.969,66.97],[185.997,66.98],[185.74,66.975],[185.799,66.991],[185.811,67.024],[185.711,67.038],[185.805,67.048],[185.784,67.056],[185.44,67.031],[185.823,67.079],[185.435,67.035],[185.374,67.054],[185.519,67.077],[186.281,67.078],[186.361,67.116],[186.935,67.04],[187.24,67.036],[187.571,66.989],[187.085,67.037],[187.935,66.939],[187.966,66.949],[187.594,66.988],[188.28,66.956],[188.37,66.918],[188.306,66.886],[188.349,66.848],[188.661,66.758],[188.625,66.726],[188.631,66.685],[188.736,66.632],[189.271,66.447],[189.43,66.351],[189.745,66.298],[189.957,66.194],[189.888,66.205],[189.895,66.179],[190.146,66.151],[190.1,66.139],[190.147,66.127],[190.181,66.158],[189.967,66.193],[190.267,66.159],[190.326,66.13],[190.341,66.083],[190.251,66.007],[190.091,66.05],[189.956,66.048],[189.977,66.041],[189.403,65.85],[189.499,65.846],[189.52,65.808],[189.469,65.774],[189.503,65.718],[189.493,65.656],[189.417,65.604],[189.151,65.62],[189.133,65.649],[188.837,65.701],[188.737,65.783],[188.526,65.839],[188.589,65.817],[188.586,65.785],[188.626,65.76],[188.746,65.72],[188.685,65.714],[188.771,65.654],[188.956,65.622],[189.02,65.582],[189.013,65.496],[188.947,65.464],[188.74,65.527],[187.936,65.472],[188.263,65.501],[188.062,65.512],[187.938,65.553],[187.751,65.544],[187.784,65.582],[187.696,65.622],[187.742,65.651],[187.689,65.672],[187.682,65.653],[187.595,65.681],[187.42,65.668],[187.448,65.685],[187.414,65.691],[187.259,65.666],[187.133,65.693],[187.148,65.707],[187.089,65.696],[187.377,65.659],[187.356,65.624],[187.382,65.61],[187.648,65.575],[187.614,65.535],[187.728,65.452],[187.565,65.461],[187.652,65.418],[187.803,65.43],[187.92,65.482],[187.786,65.311],[187.826,65.284],[187.801,65.203],[187.907,65.103],[187.818,65.116],[187.85,65.073],[187.832,65.071],[187.925,65.087],[187.737,64.963],[187.613,64.917],[187.504,64.903],[187.544,64.911],[187.482,64.923],[187.502,64.909],[187.247,64.838],[187.058,64.872],[186.922,64.836],[186.948,64.81],[186.909,64.79],[186.82,64.781],[186.826,64.758],[186.944,64.778],[187.092,64.846],[187.082,64.823],[187.128,64.828],[187.258,64.769],[187.23,64.736],[187.166,64.73],[187.158,64.696],[186.943,64.659],[187.083,64.679],[187.169,64.659],[187.024,64.569],[187.117,64.571],[187.16,64.613],[187.217,64.617],[187.356,64.588],[187.326,64.571],[187.367,64.557],[187.403,64.556],[187.382,64.585],[187.429,64.555],[187.583,64.546],[187.638,64.478],[187.773,64.406],[187.408,64.375],[187.277,64.404],[187.285,64.445],[187.245,64.466],[187.236,64.512],[187.082,64.494],[187.117,64.48],[187.046,64.493],[186.972,64.455],[187.142,64.466],[187.211,64.43],[187.181,64.409],[187.161,64.301],[186.916,64.246],[186.632,64.297],[186.642,64.372],[186.738,64.408],[186.754,64.389],[186.841,64.442],[186.748,64.426],[186.789,64.526],[186.735,64.521],[186.722,64.58],[186.656,64.606],[186.682,64.517],[186.72,64.486],[186.699,64.439],[186.47,64.334],[186.373,64.328],[186.021,64.423],[185.965,64.49],[185.963,64.539],[185.727,64.63],[185.794,64.643],[185.772,64.659],[185.656,64.638],[185.075,64.799],[184.953,64.773],[184.58,64.788],[184.568,64.812],[184.646,64.845],[184.536,64.847],[184.529,64.888],[184.244,64.948],[184.245,64.972],[184.124,65],[184.229,65.038],[184.22,65.072],[184.279,65.141],[183.977,65.396],[184.145,65.273],[184.158,65.293],[184.107,65.327],[184.129,65.353],[184.101,65.407],[183.961,65.443],[183.979,65.456],[183.863,65.452],[183.439,65.533],[183.607,65.51],[183.53,65.54],[183.077,65.6],[182.877,65.584],[182.692,65.485],[182.549,65.459],[181.745,65.447],[181.474,65.49],[181.528,65.545],[181.598,65.715],[181.544,65.748],[181.421,65.732],[181.318,65.798],[181.294,65.848],[181.141,65.902],[181.197,65.929],[181.095,66.034],[181.245,65.975],[181.354,66.023],[181.357,66.089],[181.523,66.122],[181.493,66.164],[181.558,66.217],[181.5,66.24],[181.569,66.278],[181.531,66.39],[181.482,66.385],[181.462,66.339],[181.392,66.328],[181.376,66.273],[181.312,66.246],[181.277,66.181],[181.166,66.152],[181.04,66.159],[180.907,66.244],[180.975,66.263],[180.962,66.365],[180.9,66.339],[180.895,66.27],[180.86,66.261],[180.68,66.306],[180.61,66.297],[180.812,66.189],[180.708,66.12],[180.369,66.105],[180.352,66.112],[180.482,66.118],[180.415,66.163],[180.328,66.16],[180.349,66.144],[180.255,66.083],[180.26,66.031],[180.221,65.978],[180.229,65.896],[180.376,65.743],[180.574,65.657],[180.73,65.627],[180.673,65.567],[180.741,65.53],[180.527,65.406],[180.543,65.368],[180.493,65.326],[180.471,65.231],[180.333,65.13],[180.247,65.13],[180,65.028],[180,68.98],[180.356,68.895]]],[[[168.253,69.631],[168.233,69.63],[168.221,69.633],[168.216,69.636],[168.217,69.64],[168.226,69.641],[168.243,69.639],[168.261,69.633],[168.253,69.631]]],[[[168.124,69.648],[168.12,69.646],[168.111,69.646],[168.103,69.66],[168.108,69.663],[168.12,69.655],[168.124,69.648]]],[[[168.093,69.661],[168.085,69.652],[168.079,69.653],[168.082,69.657],[168.08,69.663],[168.092,69.666],[168.093,69.661]]],[[[170.134,69.679],[170.119,69.678],[170.091,69.682],[170.084,69.685],[170.084,69.69],[170.094,69.697],[170.105,69.699],[170.117,69.699],[170.118,69.696],[170.111,69.688],[170.113,69.683],[170.132,69.681],[170.134,69.679]]],[[[170.26,69.757],[170.165,69.703],[170.048,69.739],[170.321,69.769],[170.26,69.757]]],[[[169.269,69.929],[169.285,69.924],[169.277,69.922],[169.269,69.923],[169.246,69.927],[169.216,69.926],[169.196,69.93],[169.177,69.938],[169.175,69.941],[169.188,69.941],[169.198,69.94],[169.228,69.933],[169.269,69.929]]],[[[169.156,69.943],[169.16,69.94],[169.157,69.939],[169.138,69.941],[169.136,69.941],[169.114,69.933],[169.104,69.934],[169.094,69.937],[169.094,69.949],[169.11,69.948],[169.126,69.947],[169.156,69.943]]],[[[168.701,69.979],[168.692,69.979],[168.669,69.982],[168.661,69.984],[168.666,69.986],[168.668,69.987],[168.686,69.984],[168.704,69.981],[168.701,69.979]]],[[[168.647,69.986],[168.643,69.984],[168.587,69.986],[168.556,69.989],[168.555,69.989],[168.53,69.995],[168.547,69.996],[168.636,69.989],[168.648,69.986],[168.647,69.986]]],[[[168.373,70.015],[168.337,70.008],[168.514,70.004],[168.507,69.985],[168.624,69.978],[168.601,69.957],[168.751,69.945],[168.734,69.933],[168.795,69.959],[168.805,69.932],[168.878,69.918],[169.239,69.895],[169.416,69.861],[169.458,69.81],[169.42,69.759],[169.27,69.748],[169.327,69.723],[169.273,69.713],[169.306,69.643],[169.186,69.551],[168.918,69.554],[168.38,69.63],[168.139,69.692],[168.114,69.726],[168.153,69.734],[167.777,69.811],[167.982,69.935],[168.125,69.956],[168.102,69.97],[168.263,70.013],[168.373,70.015]]],[[[170.679,70.103],[171.472,70.051],[172.518,69.932],[172.762,69.964],[172.831,69.933],[172.809,69.917],[172.838,69.901],[173.15,69.833],[173.215,69.836],[173.193,69.852],[173.211,69.878],[173.27,69.906],[173.506,69.934],[173.729,69.864],[173.689,69.853],[173.791,69.804],[174.146,69.871],[174.26,69.871],[174.276,69.848],[174.335,69.871],[175.088,69.837],[176.112,69.877],[176.42,69.735],[176.891,69.637],[177.475,69.585],[177.86,69.488],[178.262,69.446],[178.265,69.423],[178.403,69.449],[178.813,69.388],[179.42,69.223],[180,68.98],[180,65.028],[179.851,64.989],[179.534,64.8],[179.133,64.752],[178.561,64.558],[178.515,64.581],[178.627,64.581],[178.811,64.643],[178.752,64.672],[178.38,64.633],[178.166,64.668],[178.028,64.642],[178.038,64.664],[178.01,64.679],[177.643,64.692],[177.691,64.701],[177.633,64.751],[177.54,64.76],[177.569,64.779],[177.549,64.795],[177.414,64.812],[177.537,64.841],[177.493,64.853],[177.502,64.92],[177.28,64.908],[177.268,64.845],[177.348,64.804],[177.082,64.75],[176.982,64.78],[176.962,64.823],[176.783,64.845],[176.676,64.85],[176.561,64.796],[176.467,64.793],[176.45,64.842],[176.06,64.943],[175.958,64.885],[175.907,64.813],[175.775,64.762],[175.698,64.744],[175.605,64.776],[175.205,64.724],[175.376,64.698],[175.534,64.741],[175.727,64.725],[175.941,64.79],[176.01,64.835],[176.021,64.89],[176.156,64.891],[176.222,64.871],[176.325,64.76],[176.453,64.695],[176.442,64.661],[176.21,64.612],[176.186,64.585],[176.379,64.596],[176.479,64.658],[176.54,64.662],[176.714,64.617],[176.775,64.534],[177.082,64.702],[177.221,64.698],[177.363,64.748],[177.52,64.738],[177.534,64.715],[177.484,64.653],[177.498,64.619],[177.422,64.555],[177.429,64.483],[177.502,64.406],[177.829,64.245],[178.254,64.179],[178.121,64.229],[178.334,64.336],[178.271,64.406],[178.238,64.385],[178.23,64.439],[178.684,64],[178.661,64],[178.798,63.686],[178.815,63.537],[178.892,63.419],[179.098,63.262],[179.329,63.191],[179.452,63.108],[179.465,63.056],[179.321,63.046],[179.27,62.973],[179.315,62.888],[179.519,62.86],[179.576,62.825],[179.628,62.682],[179.596,62.621],[179.461,62.585],[179.448,62.524],[179.364,62.469],[179.214,62.483],[179.138,62.451],[179.112,62.414],[179.185,62.383],[179.147,62.35],[179.176,62.313],[179.087,62.269],[179.027,62.33],[178.325,62.449],[178.08,62.521],[177.563,62.553],[176.985,62.514],[176.544,62.408],[176.241,62.275],[175.573,62.152],[175.236,62.013],[174.924,61.946],[174.739,61.857],[174.495,61.81],[174.443,61.825],[174.455,61.872],[174.384,61.902],[174.361,61.964],[174.28,61.996],[174.279,62.045],[174.238,62.079],[174.119,62.065],[174.051,62.089],[174.06,62.155],[174.029,62.21],[173.925,62.239],[174.092,62.329],[174.042,62.405],[173.828,62.441],[173.782,62.484],[173.673,62.5],[173.08,62.407],[172.769,62.311],[172.466,62.392],[172.108,62.347],[172.06,62.389],[171.939,62.412],[171.75,62.364],[171.685,62.334],[171.68,62.306],[171.231,62.232],[171.251,62.279],[171.11,62.247],[171.124,62.309],[171.091,62.32],[171.033,62.307],[171,62.262],[170.905,62.256],[170.901,62.217],[170.728,62.205],[170.698,62.17],[170.221,62.25],[170.089,62.197],[170.03,62.221],[170.026,62.259],[169.984,62.287],[169.991,62.32],[169.912,62.363],[169.937,62.404],[169.835,62.453],[169.864,62.526],[169.824,62.581],[169.539,62.621],[169.421,62.717],[168.953,62.875],[168.797,62.858],[168.621,62.891],[168.554,62.938],[168.293,63.007],[168.304,63.052],[168.56,63.114],[168.683,63.178],[168.681,63.248],[168.762,63.273],[168.807,63.329],[168.942,63.352],[169.114,63.454],[169.391,63.513],[169.38,63.538],[169.447,63.581],[169.334,63.771],[169.19,63.81],[169.2,63.868],[168.863,63.9],[168.719,63.976],[168.665,64.052],[168.642,64.148],[168.445,64.167],[168.378,64.209],[168.342,64.291],[168.097,64.287],[167.844,64.231],[167.751,64.244],[167.733,64.295],[167.526,64.287],[167.512,64.384],[167.249,64.468],[167.095,64.587],[167.027,64.578],[166.924,64.513],[166.762,64.484],[166.473,64.471],[166.309,64.551],[166.018,64.587],[165.915,64.523],[165.805,64.512],[165.734,64.531],[165.771,64.59],[165.707,64.687],[165.653,64.714],[165.285,64.723],[165.203,64.798],[165.112,64.813],[164.952,64.79],[164.907,64.754],[164.954,64.67],[164.873,64.644],[164.705,64.763],[164.586,64.764],[164.189,64.889],[163.795,64.852],[163.532,64.911],[163.315,64.784],[163.158,64.777],[163.153,64.742],[163.229,64.709],[163.234,64.669],[162.791,64.661],[162.582,64.755],[162.109,64.79],[161.907,64.85],[161.686,65.043],[161.534,65.055],[161.307,65.124],[160.64,65.175],[160.225,65.381],[160.188,65.461],[160.132,65.5],[159.851,65.525],[159.769,65.578],[159.13,65.674],[158.968,65.75],[158.978,65.99],[159.047,66.062],[159.232,66.166],[159.244,66.203],[158.971,66.209],[158.746,66.266],[158.709,66.313],[158.575,66.318],[158.496,66.36],[158.456,66.426],[158.575,66.459],[158.613,66.524],[158.788,66.628],[158.778,66.677],[158.844,66.73],[158.997,66.764],[158.976,66.798],[158.817,66.878],[158.859,66.97],[158.825,67.032],[158.347,67.103],[158.155,67.204],[157.97,67.227],[157.94,67.255],[157.968,67.371],[157.851,67.453],[157.83,67.544],[157.882,67.68],[158.169,67.686],[158.307,67.709],[158.361,67.745],[158.226,67.79],[158.17,67.842],[158.319,67.915],[158.324,67.962],[158.406,68.046],[158.59,68.096],[158.959,68.087],[159.347,68.212],[159.431,68.176],[159.589,68.19],[159.744,68.164],[159.811,68.224],[159.991,68.264],[160.736,68.236],[160.95,68.268],[161.265,68.374],[161.407,68.386],[162.401,68.251],[162.482,68.302],[162.474,68.386],[162.532,68.425],[162.52,68.521],[162.643,68.549],[162.628,68.592],[162.677,68.639],[162.564,68.671],[162.551,68.728],[162.676,68.757],[162.773,68.82],[162.671,68.899],[162.499,68.923],[162.439,68.963],[162.463,69.072],[162.505,69.113],[162.706,69.129],[162.7,69.158],[162.403,69.293],[162.39,69.369],[162.262,69.392],[162.299,69.442],[162.195,69.496],[162.294,69.513],[162.368,69.588],[162.371,69.671],[162.563,69.61],[162.499,69.65],[162.599,69.665],[162.85,69.632],[163.302,69.702],[163.665,69.665],[163.874,69.685],[164.05,69.75],[164.142,69.742],[164.269,69.661],[164.461,69.6],[164.4,69.597],[164.598,69.574],[164.902,69.553],[165.201,69.584],[165.742,69.566],[166.238,69.501],[166.68,69.509],[166.762,69.479],[166.964,69.474],[167.663,69.739],[167.807,69.763],[168.097,69.679],[168,69.667],[167.973,69.627],[168.28,69.546],[168.227,69.333],[168.251,69.262],[168.305,69.218],[168.737,69.199],[169.17,69.083],[169.342,69.085],[169.423,69.049],[169.481,68.935],[169.442,68.859],[169.514,68.796],[169.635,68.76],[170.361,68.806],[170.501,68.866],[170.864,68.952],[171.066,69.05],[171.069,69.106],[171.026,69.14],[170.897,69.17],[170.938,69.22],[170.94,69.287],[170.859,69.363],[170.795,69.37],[170.79,69.457],[170.727,69.477],[170.741,69.513],[170.682,69.566],[170.577,69.594],[170.203,69.587],[170.245,69.67],[170.325,69.692],[170.299,69.697],[170.634,69.758],[170.594,69.879],[170.553,69.906],[170.617,70.071],[170.467,70.109],[170.564,70.128],[170.679,70.103]]],[[[184.311,71.405],[184.457,71.382],[184.385,71.363],[184.234,71.42],[184.311,71.405]]],[[[179.783,71.481],[179.745,71.472],[179.735,71.473],[179.736,71.473],[179.749,71.479],[179.777,71.483],[179.777,71.483],[179.781,71.483],[179.787,71.484],[179.787,71.484],[179.783,71.481]]],[[[179.983,71.522],[180,71.528],[180,70.975],[179.504,70.853],[179.36,70.864],[179.507,70.865],[179.463,70.881],[179.234,70.875],[178.942,70.821],[179.181,70.872],[179.141,70.872],[178.75,70.782],[178.779,70.805],[178.746,70.878],[178.615,71.015],[178.604,71.068],[178.865,71.168],[178.888,71.22],[179.16,71.274],[179.464,71.413],[179.693,71.464],[179.618,71.441],[179.729,71.442],[179.905,71.522],[179.983,71.522]]],[[[179.83,71.5],[179.823,71.498],[179.815,71.504],[179.826,71.511],[179.85,71.516],[179.85,71.516],[179.869,71.521],[179.879,71.523],[179.88,71.523],[179.921,71.533],[179.93,71.535],[179.936,71.536],[179.957,71.539],[179.96,71.54],[179.963,71.54],[179.966,71.541],[179.969,71.541],[179.972,71.542],[179.974,71.542],[179.977,71.543],[179.98,71.543],[179.984,71.542],[179.988,71.541],[179.986,71.538],[179.982,71.537],[179.978,71.537],[179.975,71.536],[179.972,71.536],[179.969,71.536],[179.965,71.536],[179.961,71.536],[179.958,71.536],[179.956,71.536],[179.95,71.535],[179.936,71.532],[179.936,71.532],[179.918,71.528],[179.891,71.523],[179.84,71.509],[179.83,71.5]]],[[[181.657,71.535],[181.754,71.521],[181.169,71.584],[181.657,71.535]]],[[[180.907,71.589],[181.348,71.568],[181.738,71.513],[181.651,71.508],[181.757,71.486],[181.742,71.464],[181.849,71.485],[181.986,71.445],[181.921,71.43],[181.977,71.411],[181.901,71.411],[181.988,71.384],[181.976,71.402],[182.048,71.398],[182.246,71.306],[182.008,71.443],[181.853,71.497],[182.037,71.436],[182.264,71.301],[182.375,71.268],[182.465,71.276],[182.542,71.223],[182.513,71.157],[182.408,71.108],[182.075,71.026],[181.221,70.956],[180.762,70.885],[180.573,70.87],[180.554,70.874],[180.782,70.897],[180.545,70.901],[180.523,70.889],[180.599,70.888],[180.438,70.861],[180.419,70.871],[180.528,70.882],[180.426,70.917],[180.49,70.911],[180.484,70.931],[180,70.975],[180,71.528],[180.188,71.523],[180.11,71.541],[180.265,71.575],[180.308,71.548],[180.377,71.583],[180.473,71.561],[180.476,71.54],[180.772,71.539],[180.907,71.589]]],[[[180.492,71.589],[180.439,71.588],[180.436,71.589],[180.45,71.59],[180.482,71.592],[180.495,71.591],[180.492,71.59],[180.492,71.589]]],[[[180.841,71.594],[180.844,71.592],[180.842,71.59],[180.841,71.59],[180.818,71.591],[180.805,71.59],[180.787,71.593],[180.772,71.591],[180.753,71.591],[180.738,71.588],[180.723,71.588],[180.703,71.592],[180.684,71.594],[180.672,71.593],[180.657,71.588],[180.649,71.589],[180.632,71.595],[180.631,71.595],[180.634,71.597],[180.645,71.599],[180.683,71.601],[180.748,71.596],[180.82,71.596],[180.834,71.596],[180.841,71.594]]],[[[180.923,71.601],[181.153,71.586],[180.897,71.599],[180.923,71.601]]],[[[180.704,71.612],[180.877,71.605],[180.594,71.598],[180.704,71.612]]]]}},{"type":"Feature","properties":{"id":"13","name":"Chuvash"},"geometry":{"type":"Polygon","coordinates":[[[47.353,56.348],[47.414,56.32],[47.415,56.286],[47.499,56.193],[47.611,56.157],[47.913,56.129],[48.03,55.957],[48.434,55.836],[48.439,55.778],[48.296,55.762],[48.222,55.695],[48.055,55.659],[48.036,55.64],[48.061,55.606],[48.171,55.574],[48.02,55.505],[47.854,55.365],[47.745,55.347],[47.726,55.317],[47.711,55.235],[47.772,55.222],[47.846,55.273],[47.905,55.269],[47.897,55.326],[47.974,55.312],[47.96,55.294],[48.083,55.153],[47.951,55.112],[47.931,55.055],[47.989,55.01],[48.12,55.042],[48.119,55.011],[47.805,54.98],[47.855,54.876],[47.716,54.881],[47.751,54.844],[47.733,54.824],[47.572,54.836],[47.434,54.897],[47.447,54.863],[47.379,54.83],[47.454,54.765],[47.253,54.717],[47.168,54.668],[47.084,54.71],[46.992,54.704],[46.872,54.633],[46.799,54.682],[46.69,54.679],[46.456,54.776],[46.417,54.891],[46.276,54.959],[46.285,54.994],[46.341,55.019],[46.284,55.08],[46.251,55.083],[46.176,54.988],[46.14,54.987],[46.057,55.181],[46.116,55.236],[46.245,55.28],[46.287,55.37],[46.422,55.422],[46.396,55.483],[46.18,55.535],[45.978,55.644],[45.977,55.709],[46.119,55.817],[46.124,55.89],[46.093,55.952],[46.146,55.987],[46.168,56.045],[46.532,56.162],[46.722,56.134],[46.821,56.201],[47.186,56.339],[47.353,56.348]]]}},{"type":"Feature","properties":{"id":"14","name":"City of St. Petersburg"},"geometry":{"type":"MultiPolygon","coordinates":[[[[29.719,59.975],[29.719,59.973],[29.718,59.973],[29.718,59.973],[29.717,59.973],[29.717,59.973],[29.716,59.973],[29.716,59.974],[29.715,59.974],[29.715,59.974],[29.715,59.974],[29.715,59.975],[29.715,59.975],[29.715,59.975],[29.716,59.975],[29.716,59.975],[29.717,59.975],[29.717,59.975],[29.718,59.975],[29.718,59.975],[29.719,59.975]]],[[[29.747,59.98],[29.747,59.979],[29.749,59.979],[29.749,59.978],[29.746,59.978],[29.746,59.978],[29.746,59.978],[29.746,59.979],[29.745,59.979],[29.745,59.979],[29.746,59.979],[29.746,59.981],[29.749,59.981],[29.749,59.98],[29.748,59.98],[29.748,59.98],[29.747,59.98]]],[[[29.736,59.99],[29.736,59.989],[29.733,59.989],[29.733,59.99],[29.733,59.99],[29.733,59.99],[29.732,59.99],[29.732,59.99],[29.736,59.99]]],[[[30.011,59.997],[30.011,59.996],[30.014,59.996],[30.014,59.996],[30.015,59.996],[30.015,59.996],[30.015,59.996],[30.015,59.995],[30.016,59.995],[30.016,59.994],[30.015,59.994],[30.015,59.994],[30.015,59.994],[30.015,59.994],[30.014,59.994],[30.014,59.992],[30.011,59.992],[30.011,59.992],[30.01,59.992],[30.01,59.992],[30.01,59.992],[30.01,59.993],[30.009,59.993],[30.009,59.993],[30.009,59.993],[30.009,59.994],[30.008,59.994],[30.008,59.994],[30.007,59.994],[30.007,59.995],[30.005,59.995],[30.005,59.995],[30.004,59.995],[30.004,59.995],[30.005,59.995],[30.005,59.996],[30.005,59.996],[30.005,59.996],[30.007,59.996],[30.007,59.996],[30.007,59.996],[30.007,59.996],[30.008,59.996],[30.008,59.996],[30.009,59.996],[30.009,59.997],[30.011,59.997]]],[[[29.889,60.213],[30.384,60.128],[30.352,60.051],[30.525,59.986],[30.495,59.887],[30.517,59.851],[30.758,59.777],[30.771,59.744],[30.681,59.694],[30.567,59.694],[30.483,59.623],[30.237,59.614],[29.85,59.805],[29.85,59.828],[29.676,59.863],[29.695,59.933],[30.029,59.862],[30.179,59.879],[29.591,60],[29.77,59.978],[29.643,60.036],[29.728,60.023],[29.806,59.992],[29.775,59.977],[29.796,59.965],[30.169,59.888],[30.241,59.915],[30.202,59.947],[30.25,59.967],[29.972,60.01],[29.958,60.081],[29.919,60.093],[29.946,60.111],[29.93,60.144],[29.874,60.164],[29.574,60.199],[29.409,60.163],[29.455,60.217],[29.584,60.266],[29.889,60.213]]]]}},{"type":"Feature","properties":{"id":"15","name":"Crimea"},"geometry":{"type":"MultiPolygon","coordinates":[[[[36.432,45.242],[36.432,45.248],[36.432,45.254],[36.433,45.26],[36.441,45.26],[36.441,45.254],[36.432,45.242]]],[[[36.59,45.233],[36.591,45.227],[36.581,45.229],[36.57,45.237],[36.559,45.246],[36.542,45.258],[36.525,45.267],[36.516,45.271],[36.516,45.277],[36.524,45.277],[36.533,45.277],[36.542,45.271],[36.546,45.265],[36.55,45.258],[36.559,45.258],[36.569,45.244],[36.579,45.242],[36.59,45.233]]],[[[33.417,45.814],[33.417,45.82],[33.426,45.826],[33.417,45.814]]],[[[33.426,45.826],[33.435,45.832],[33.452,45.838],[33.461,45.838],[33.443,45.832],[33.435,45.826],[33.426,45.826]]],[[[34.057,46.012],[34.084,46.016],[34.07,46.049],[34.328,46.028],[34.427,46.102],[34.519,46.056],[34.555,46.064],[34.541,46.106],[34.568,46.115],[34.619,46.082],[34.594,46.008],[34.563,46.047],[34.515,46.007],[34.492,46.047],[34.459,45.985],[34.502,45.978],[34.431,45.966],[34.489,45.943],[34.492,45.901],[34.631,45.968],[34.664,46.011],[34.663,46.084],[34.859,46.052],[34.903,45.863],[35.042,45.655],[35.329,45.384],[35.48,45.297],[35.712,45.328],[35.825,45.463],[35.867,45.45],[35.841,45.441],[35.867,45.403],[35.992,45.356],[36.068,45.395],[36.087,45.442],[36.332,45.469],[36.422,45.437],[36.481,45.447],[36.52,45.417],[36.588,45.434],[36.646,45.37],[36.575,45.337],[36.484,45.357],[36.458,45.321],[36.491,45.302],[36.416,45.267],[36.432,45.236],[36.407,45.163],[36.43,45.099],[36.462,45.085],[36.453,45.061],[36.23,45.014],[36.027,45.029],[35.859,44.984],[35.847,45.021],[35.749,45.083],[35.539,45.125],[35.39,45.042],[35.38,45.024],[35.427,45.005],[35.362,44.981],[35.396,44.944],[35.245,44.954],[35.243,44.912],[35.145,44.888],[35.079,44.791],[34.94,44.84],[34.898,44.817],[34.715,44.814],[34.462,44.72],[34.367,44.625],[34.337,44.54],[34.181,44.493],[34.129,44.425],[33.98,44.386],[33.861,44.406],[33.787,44.382],[33.926,44.442],[33.87,44.53],[33.798,44.492],[33.679,44.545],[33.669,44.586],[33.744,44.59],[33.774,44.68],[33.619,44.701],[33.613,44.742],[33.681,44.77],[33.593,44.802],[33.571,44.844],[33.615,44.908],[33.612,44.99],[33.554,45.104],[33.426,45.197],[33.291,45.158],[33.007,45.318],[33.043,45.313],[33.043,45.336],[33.086,45.343],[33.06,45.348],[33.077,45.371],[33.155,45.39],[33.137,45.395],[33.249,45.449],[33.265,45.483],[33.007,45.341],[32.954,45.352],[32.999,45.324],[32.928,45.358],[32.751,45.356],[32.634,45.304],[32.479,45.338],[32.505,45.362],[32.462,45.374],[32.541,45.449],[32.828,45.54],[32.846,45.563],[32.819,45.574],[32.906,45.626],[33.157,45.721],[33.173,45.79],[33.191,45.756],[33.252,45.746],[33.503,45.856],[33.551,45.83],[33.615,45.885],[33.683,45.838],[33.677,45.897],[33.756,45.913],[33.733,45.943],[33.624,45.937],[33.622,46.186],[33.747,46.143],[33.883,46.138],[33.973,46.088],[33.969,46.05],[34.059,46.039],[34.057,46.012]]]]}},{"type":"Feature","properties":{"id":"16","name":"Dagestan"},"geometry":{"type":"Polygon","coordinates":[[[46.708,44.807],[46.915,44.822],[46.861,44.759],[46.849,44.693],[46.793,44.692],[46.799,44.634],[46.834,44.626],[46.789,44.581],[46.855,44.555],[46.766,44.541],[46.774,44.486],[46.866,44.495],[47.017,44.422],[47.082,44.247],[47.113,44.212],[47.193,44.241],[47.227,44.212],[47.278,44.097],[47.525,43.836],[47.535,43.778],[47.482,43.72],[47.454,43.605],[47.387,43.566],[47.441,43.566],[47.421,43.53],[47.457,43.497],[47.525,43.704],[47.627,43.891],[47.721,43.918],[47.757,43.891],[47.581,43.629],[47.475,43.388],[47.512,43.323],[47.553,43.372],[47.603,43.313],[47.51,43.243],[47.452,43.04],[47.688,42.901],[47.731,42.655],[48.072,42.339],[48.372,41.911],[48.505,41.864],[48.402,41.612],[48.235,41.516],[48.045,41.488],[48.012,41.414],[47.941,41.36],[47.879,41.219],[47.753,41.189],[47.624,41.238],[47.542,41.206],[47.484,41.266],[47.299,41.303],[47.262,41.325],[47.251,41.394],[47.216,41.404],[47.227,41.442],[47.117,41.583],[47.01,41.556],[46.999,41.63],[46.94,41.657],[46.903,41.73],[46.846,41.731],[46.781,41.785],[46.755,41.86],[46.561,41.808],[46.533,41.88],[46.431,41.895],[46.382,41.96],[46.309,41.937],[46.241,42.002],[46.177,41.987],[46.122,42.019],[46.103,41.991],[46.06,42.041],[45.94,42.026],[45.884,42.102],[45.769,42.126],[45.606,42.219],[45.641,42.289],[45.744,42.303],[45.726,42.372],[45.773,42.462],[45.904,42.518],[45.941,42.586],[46.019,42.578],[46.049,42.674],[46.233,42.713],[46.145,42.802],[46.249,42.865],[46.376,42.895],[46.404,42.847],[46.449,42.843],[46.555,42.922],[46.517,42.962],[46.531,43.046],[46.457,43.073],[46.446,43.144],[46.477,43.211],[46.367,43.417],[46.466,43.58],[46.596,43.706],[46.619,43.79],[46.605,43.833],[46.504,43.871],[46.505,43.916],[46.424,43.995],[46.272,43.903],[46.287,43.844],[46.159,43.83],[46.084,43.778],[46.066,43.798],[46.089,43.9],[45.903,43.934],[45.786,43.901],[45.569,43.975],[45.558,44.049],[45.583,44.107],[45.542,44.144],[45.438,44.147],[45.358,44.114],[45.291,44.15],[45.219,44.146],[45.199,44.168],[45.227,44.208],[45.441,44.255],[45.503,44.343],[45.438,44.419],[45.297,44.431],[45.331,44.463],[45.309,44.525],[45.504,44.598],[45.645,44.775],[45.59,44.883],[45.709,44.99],[45.787,45.012],[46.385,44.951],[46.552,44.851],[46.708,44.807]]]}},{"type":"Feature","properties":{"id":"17","name":"Gorno-Altay"},"geometry":{"type":"Polygon","coordinates":[[[87.115,52.597],[87.163,52.57],[87.296,52.588],[87.337,52.546],[87.32,52.508],[87.634,52.429],[87.702,52.434],[87.854,52.543],[87.917,52.547],[88.166,52.411],[88.283,52.437],[88.399,52.417],[88.446,52.338],[88.416,52.291],[88.422,52.183],[88.275,52.07],[88.054,52.036],[88.048,51.982],[87.916,51.809],[88.01,51.75],[88.098,51.769],[88.113,51.722],[88.005,51.607],[87.906,51.588],[87.902,51.536],[87.936,51.491],[88.068,51.468],[88.171,51.393],[88.333,51.354],[88.33,51.328],[88.406,51.292],[88.596,51.337],[88.671,51.406],[88.691,51.508],[88.742,51.549],[88.81,51.538],[88.865,51.469],[88.97,51.417],[88.994,51.392],[88.936,51.286],[89.045,51.142],[89.037,51.058],[89.188,50.981],[89.201,50.917],[89.291,50.861],[89.366,50.865],[89.427,50.786],[89.542,50.723],[89.559,50.647],[89.843,50.502],[89.866,50.459],[89.797,50.374],[89.71,50.35],[89.591,50.373],[89.541,50.451],[89.485,50.459],[89.527,50.358],[89.402,50.311],[89.327,50.236],[89.332,50.199],[89.49,50.178],[89.584,50.095],[89.608,50.058],[89.576,49.991],[89.637,49.911],[89.636,49.826],[89.739,49.794],[89.7,49.722],[89.445,49.659],[89.377,49.595],[89.24,49.654],[89.19,49.599],[89.221,49.547],[88.992,49.477],[88.927,49.53],[88.93,49.556],[88.891,49.556],[88.846,49.516],[88.863,49.45],[88.679,49.475],[88.632,49.528],[88.552,49.482],[88.341,49.508],[88.223,49.49],[88.177,49.459],[88.188,49.43],[88.097,49.375],[88.196,49.3],[88.149,49.254],[88.055,49.266],[87.985,49.179],[87.702,49.17],[87.557,49.126],[87.512,49.142],[87.504,49.105],[87.377,49.084],[87.313,49.1],[87.265,49.218],[87.037,49.257],[87.001,49.298],[86.942,49.303],[86.902,49.351],[86.909,49.414],[86.807,49.46],[86.824,49.506],[86.785,49.527],[86.802,49.544],[86.633,49.583],[86.622,49.641],[86.783,49.711],[86.768,49.743],[86.803,49.803],[86.614,49.803],[86.609,49.756],[86.426,49.639],[86.239,49.583],[86.194,49.514],[86.204,49.481],[86.169,49.461],[86.106,49.517],[85.972,49.486],[85.93,49.501],[85.931,49.552],[85.675,49.557],[85.575,49.601],[85.365,49.567],[85.212,49.627],[85.197,49.738],[85.114,49.864],[84.981,49.921],[84.988,49.996],[85.034,50.002],[85,50.055],[84.932,50.091],[84.834,50.097],[84.815,50.135],[84.559,50.202],[84.478,50.25],[84.336,50.22],[84.241,50.292],[84.257,50.358],[84.21,50.453],[84.233,50.515],[84.051,50.648],[84.387,50.72],[84.437,50.706],[84.51,50.737],[84.499,50.784],[84.604,50.837],[84.473,50.886],[84.499,50.967],[84.197,51.002],[84.165,51.044],[84.104,51.061],[83.992,51.053],[83.975,51.115],[84.091,51.147],[84.14,51.113],[84.194,51.269],[84.447,51.291],[84.737,51.431],[84.897,51.439],[85.027,51.495],[85.232,51.509],[85.485,51.574],[85.461,51.636],[85.719,51.765],[85.752,51.794],[85.753,51.857],[85.851,51.888],[85.83,51.982],[85.784,52.038],[85.805,52.048],[86.043,52.074],[86.353,52.031],[86.407,52.06],[86.434,52.126],[86.719,52.13],[86.711,52.279],[86.658,52.304],[86.692,52.434],[86.645,52.514],[86.664,52.537],[86.712,52.536],[86.91,52.636],[87.002,52.646],[87.115,52.597]]]}},{"type":"Feature","properties":{"id":"18","name":"Ingush"},"geometry":{"type":"Polygon","coordinates":[[[44.893,43.544],[45.218,43.438],[45.198,43.348],[45.311,43.309],[45.302,43.188],[45.182,43.047],[45.158,42.96],[45.213,42.91],[45.147,42.826],[45.159,42.762],[45.133,42.734],[45.083,42.695],[44.971,42.745],[44.878,42.747],[44.798,42.632],[44.768,42.626],[44.727,42.721],[44.677,42.748],[44.689,42.834],[44.714,42.856],[44.751,42.806],[44.852,42.789],[44.98,42.885],[44.93,43.045],[44.792,43.12],[44.75,43.179],[44.644,43.182],[44.661,43.346],[44.584,43.398],[44.598,43.527],[44.71,43.538],[44.735,43.483],[44.791,43.477],[44.826,43.507],[44.829,43.575],[44.877,43.573],[44.893,43.544]]]}},{"type":"Feature","properties":{"id":"19","name":"Irkutsk"},"geometry":{"type":"Polygon","coordinates":[[[108.515,64.249],[108.499,64.209],[108.572,64.182],[108.562,64.14],[108.519,64.124],[108.564,64.036],[108.606,63.997],[108.772,63.985],[108.839,63.943],[108.793,63.854],[108.849,63.837],[108.853,63.801],[108.765,63.762],[108.36,63.75],[108.359,63.683],[108.198,63.552],[108.238,63.509],[108.635,63.547],[108.895,63.489],[109.1,63.502],[109.306,63.318],[109.432,63.336],[109.511,63.04],[109.503,62.933],[109.693,62.807],[109.683,62.776],[109.512,62.701],[109.475,62.625],[109.401,62.601],[109.397,62.562],[109.322,62.531],[109.322,62.447],[109.473,62.345],[109.59,62.382],[109.886,62.385],[109.927,62.37],[109.898,62.342],[109.985,62.262],[109.942,62.229],[109.999,62.145],[109.916,62.066],[109.928,62.011],[109.734,61.965],[109.594,61.863],[109.57,61.806],[109.623,61.696],[109.851,61.525],[109.81,61.303],[109.856,61.258],[110.013,61.266],[110.079,61.243],[110.144,61.164],[110.263,61.123],[110.434,61.135],[110.544,61.096],[110.501,60.95],[110.267,60.792],[110.319,60.745],[110.258,60.675],[110.072,60.659],[110.059,60.631],[110.137,60.602],[110.132,60.572],[110.038,60.552],[110.024,60.508],[109.917,60.463],[109.931,60.391],[109.837,60.359],[109.801,60.329],[109.801,60.28],[109.719,60.227],[109.658,60.096],[109.73,60.019],[109.612,59.928],[109.611,59.86],[109.416,59.712],[109.46,59.651],[109.422,59.583],[109.25,59.479],[109.223,59.429],[109.281,59.405],[109.214,59.369],[109.196,59.317],[109.387,59.271],[109.416,59.208],[109.537,59.133],[109.525,59.057],[109.57,59.035],[109.679,59.06],[109.729,59.014],[109.723,58.968],[109.848,58.992],[110.225,58.983],[110.445,59.025],[110.529,59.072],[110.599,59.193],[110.664,59.235],[110.928,59.213],[111.052,59.233],[111.112,59.192],[111.195,59.188],[111.242,59.231],[111.432,59.255],[111.584,59.199],[111.683,59.253],[111.964,59.289],[112.232,59.48],[112.315,59.409],[112.256,59.299],[112.271,59.275],[112.609,59.306],[112.607,59.221],[112.38,59.132],[112.406,59.034],[112.363,58.948],[112.4,58.845],[112.471,58.844],[112.54,58.869],[112.54,59.058],[112.61,59.086],[112.612,59.031],[112.72,58.991],[112.851,59.103],[113.141,59.158],[113.252,59.152],[113.453,59.246],[113.474,59.299],[113.422,59.351],[113.42,59.401],[113.561,59.457],[113.601,59.536],[113.714,59.593],[113.823,59.599],[113.826,59.639],[113.875,59.675],[113.97,59.679],[113.96,59.722],[114.013,59.744],[114.155,59.74],[114.154,59.8],[114.238,59.858],[114.438,59.941],[114.546,59.951],[114.567,60.002],[114.526,60.018],[114.519,60.056],[114.695,60.182],[114.969,60.2],[115.046,60.268],[115.082,60.373],[115.224,60.475],[115.403,60.445],[115.751,60.525],[115.875,60.481],[115.868,60.443],[116.034,60.443],[116.14,60.416],[116.145,60.383],[116.258,60.382],[116.299,60.345],[116.496,60.354],[116.598,60.288],[116.718,60.275],[116.731,60.222],[116.877,60.198],[116.955,60.155],[117.004,60.115],[117.01,60.039],[117.06,60.012],[117.275,60.039],[117.197,59.926],[117.039,59.863],[117.13,59.82],[117.143,59.632],[117.111,59.58],[117.148,59.532],[117.27,59.485],[117.563,59.475],[117.71,59.534],[117.762,59.439],[117.815,59.415],[117.923,59.441],[117.954,59.535],[118.021,59.553],[118.07,59.623],[118.091,59.588],[118.232,59.607],[118.327,59.55],[118.366,59.479],[118.739,59.413],[118.827,59.295],[118.689,59.198],[118.743,59.006],[118.81,58.983],[118.747,58.914],[118.761,58.856],[118.817,58.802],[118.818,58.701],[118.764,58.595],[119.075,58.487],[119.089,58.436],[119.034,58.393],[119.122,58.276],[119.089,58.224],[118.636,58.177],[118.445,58.226],[118.297,58.337],[118.084,58.393],[118.003,58.374],[117.7,58.421],[117.622,58.365],[117.463,58.33],[117.427,58.288],[117.53,58.248],[117.574,58.144],[117.511,58.131],[117.437,58.174],[117.385,58.13],[117.407,58.071],[117.372,58.048],[117.345,57.938],[117.379,57.93],[117.373,57.898],[117.324,57.891],[117.294,57.848],[117.121,57.853],[117.072,57.823],[117.133,57.8],[117.169,57.735],[117.114,57.679],[117.167,57.632],[117.286,57.627],[117.26,57.563],[117.204,57.53],[117.238,57.485],[117.322,57.454],[117.322,57.347],[117.403,57.351],[117.421,57.314],[117.365,57.268],[117.428,57.239],[117.543,57.283],[117.559,57.326],[117.622,57.33],[117.793,57.283],[117.726,57.264],[117.684,57.191],[117.577,57.166],[117.664,57.08],[117.609,56.963],[117.556,56.948],[117.581,56.898],[117.537,56.849],[117.472,56.874],[117.403,56.854],[117.262,56.965],[117.148,56.904],[117.096,56.83],[116.961,56.833],[116.977,56.794],[116.871,56.802],[116.765,56.76],[116.716,56.784],[116.465,56.792],[116.307,56.87],[116.138,56.833],[116.074,56.846],[116.025,56.891],[115.758,56.951],[116.122,57.12],[116.242,57.145],[116.104,57.237],[115.809,57.229],[115.627,57.123],[115.076,57.118],[115.075,57.013],[114.877,56.849],[114.821,56.743],[114.765,56.717],[114.544,56.715],[114.456,56.676],[114.157,56.701],[114.017,56.622],[113.98,56.557],[113.924,56.55],[113.806,56.563],[113.768,56.62],[113.568,56.68],[113.241,56.645],[112.88,56.714],[112.692,56.816],[112.677,56.865],[112.707,56.921],[112.68,56.956],[112.597,56.961],[112.425,56.855],[112.212,56.876],[112.083,56.945],[111.907,56.959],[111.852,56.921],[111.799,56.928],[111.603,57.084],[111.601,57.111],[111.534,57.126],[111.385,57.055],[111.37,57.012],[111.295,56.962],[111.304,56.915],[111.119,56.82],[110.983,56.862],[110.725,56.874],[110.556,56.844],[110.366,56.929],[109.987,56.969],[109.894,56.901],[109.857,56.784],[109.682,56.701],[109.48,56.723],[109.202,56.663],[109.082,56.667],[108.926,56.582],[108.69,56.565],[108.661,56.539],[108.714,56.521],[108.705,56.47],[108.641,56.44],[108.553,56.339],[108.686,56.251],[108.828,56.22],[108.89,56.153],[108.889,56.087],[108.964,56.053],[108.96,56.024],[109.033,56.027],[109.208,55.968],[109.154,55.92],[108.878,55.915],[108.809,55.83],[108.728,55.613],[108.66,55.585],[108.684,55.517],[108.625,55.463],[108.652,55.348],[108.636,55.3],[108.651,55.264],[108.735,55.232],[108.673,55.066],[108.67,54.969],[108.702,54.946],[108.664,54.879],[108.674,54.678],[108.605,54.646],[108.527,54.54],[108.598,54.542],[108.536,54.493],[108.499,54.023],[108.091,53.294],[107.551,52.973],[106.501,52.594],[105.364,51.777],[104.693,51.544],[104.613,51.454],[104.615,51.329],[104.549,51.285],[104.488,51.31],[104.4,51.273],[104.204,51.259],[104.14,51.211],[103.991,51.191],[103.832,51.119],[103.793,51.161],[103.808,51.376],[103.664,51.444],[103.333,51.444],[103.302,51.483],[103.244,51.496],[103.242,51.556],[103.204,51.588],[103.224,51.698],[103.127,51.858],[102.85,51.938],[102.654,52.108],[102.588,52.125],[102.564,52.228],[102.422,52.265],[102.31,52.245],[102.127,52.275],[102.018,52.234],[101.851,52.329],[101.696,52.371],[101.647,52.403],[101.614,52.493],[101.383,52.636],[100.888,52.822],[100.762,52.933],[100.447,53.062],[100.365,53.143],[100.36,53.28],[100.269,53.41],[100.146,53.388],[100.102,53.324],[99.865,53.338],[99.841,53.296],[99.856,53.237],[99.614,53.146],[99.368,53.125],[99.369,53.071],[99.249,53.018],[99.209,52.937],[98.877,53.059],[98.951,53.112],[98.864,53.149],[98.796,53.158],[98.71,53.127],[98.613,53.163],[98.528,53.122],[98.208,53.105],[98.192,53.217],[97.994,53.236],[97.925,53.29],[97.923,53.36],[97.698,53.399],[97.513,53.382],[97.48,53.448],[97.333,53.497],[97.3,53.558],[97.208,53.612],[97.048,53.611],[97.001,53.652],[96.922,53.665],[96.815,53.753],[96.671,53.747],[96.657,53.673],[96.427,53.706],[96.326,53.8],[96.235,53.834],[96.089,53.986],[95.982,54.024],[95.976,54.082],[95.77,54.168],[95.695,54.235],[95.582,54.246],[95.631,54.401],[95.887,54.445],[96.009,54.574],[96.449,54.544],[96.442,54.594],[96.616,54.863],[96.604,54.934],[96.532,54.981],[96.529,55.015],[96.597,55.07],[96.583,55.136],[96.619,55.18],[96.567,55.27],[96.819,55.335],[96.726,55.431],[96.746,55.505],[96.713,55.548],[96.745,55.611],[96.649,55.657],[96.691,55.69],[96.656,55.747],[96.676,55.789],[96.859,55.884],[96.898,56.021],[97.027,56.03],[97.066,56.108],[97.19,56.098],[97.246,56.06],[97.36,56.125],[97.374,56.221],[97.48,56.216],[97.463,56.385],[97.816,56.411],[97.791,56.483],[97.833,56.553],[97.815,56.576],[97.679,56.587],[97.723,56.798],[97.432,56.809],[97.393,56.843],[97.406,56.888],[97.521,56.923],[97.549,56.974],[97.272,57.055],[97.851,57.808],[98.7,57.79],[98.761,57.733],[98.992,57.74],[99.064,57.786],[99.362,57.802],[99.368,57.877],[99.428,57.899],[99.427,57.958],[99.527,57.992],[99.562,58.074],[99.698,58.09],[99.803,58.061],[99.931,58.09],[100.045,58.03],[99.968,57.949],[100.017,57.899],[100.005,57.864],[100.257,57.815],[100.246,57.776],[100.323,57.74],[100.286,57.684],[100.366,57.639],[100.321,57.605],[100.344,57.55],[100.55,57.487],[100.597,57.427],[100.662,57.425],[100.737,57.489],[100.828,57.477],[100.873,57.502],[100.849,57.574],[100.767,57.601],[100.717,57.681],[100.774,57.783],[100.722,57.831],[100.714,57.886],[100.974,57.879],[100.978,57.938],[101.148,58.046],[101.065,58.073],[101.077,58.116],[101.342,58.233],[101.47,58.247],[101.619,58.423],[101.701,58.463],[102.078,58.513],[102.259,58.641],[102.432,58.691],[102.496,58.752],[102.491,58.826],[102.471,58.888],[102.361,58.972],[102.321,59.044],[102.353,59.119],[102.401,59.167],[102.614,59.221],[102.751,59.207],[102.776,59.249],[102.89,59.306],[103.023,59.272],[103.118,59.294],[103.298,59.282],[103.302,59.251],[103.177,59.25],[103.174,59.189],[103.284,59.12],[103.288,59.068],[103.468,58.953],[103.879,58.893],[103.903,58.743],[104.052,58.78],[104.193,58.771],[104.209,58.721],[104.293,58.713],[104.283,58.625],[104.435,58.61],[104.619,58.637],[104.838,58.737],[104.763,58.766],[104.708,58.83],[104.734,58.874],[105.071,59.038],[105.236,59.066],[105.301,59.101],[105.294,59.167],[105.277,59.231],[105.111,59.32],[105.16,59.366],[105.145,59.444],[105.003,59.443],[104.836,59.538],[104.817,59.606],[104.736,59.673],[104.967,59.765],[105.058,59.858],[105.494,59.849],[105.487,59.891],[105.407,59.931],[105.463,60.011],[105.415,60.066],[105.434,60.265],[105.339,60.255],[105.264,60.297],[105.09,60.285],[104.933,60.317],[104.56,60.509],[104.477,60.603],[104.571,60.712],[104.536,60.75],[104.455,60.76],[104.448,60.806],[104.564,60.835],[104.556,60.986],[104.597,61.039],[104.704,61.062],[104.711,61.106],[105.013,61.189],[104.982,61.256],[104.905,61.296],[104.919,61.343],[105.247,61.415],[105.265,61.454],[105.57,61.566],[105.618,61.611],[105.807,61.613],[105.947,61.664],[105.886,61.793],[106.358,62.006],[106.436,62.175],[106.373,62.201],[106.367,62.234],[106.454,62.284],[106.476,62.334],[106.746,62.468],[106.734,62.52],[106.808,62.578],[106.553,62.612],[106.482,62.657],[106.528,62.71],[106.39,62.82],[106.204,62.901],[106.21,62.964],[106.175,63.023],[106.396,63.053],[106.445,63.164],[106.357,63.21],[106.395,63.273],[106.478,63.292],[106.585,63.257],[106.743,63.323],[106.568,63.429],[106.525,63.484],[106.651,63.562],[106.639,63.618],[106.668,63.688],[106.759,63.793],[106.692,63.93],[106.735,63.948],[107.113,63.858],[107.224,63.917],[107.371,63.85],[107.528,63.839],[107.601,63.86],[107.641,63.929],[107.816,63.951],[108.211,63.959],[108.291,63.92],[108.42,64.041],[108.288,64.108],[108.225,64.2],[108.07,64.231],[108.18,64.258],[108.32,64.232],[108.437,64.283],[108.515,64.249]]]}},{"type":"Feature","properties":{"id":"20","name":"Ivanovo"},"geometry":{"type":"Polygon","coordinates":[[[41.618,57.712],[41.955,57.658],[41.973,57.622],[42.134,57.57],[42.186,57.592],[42.358,57.585],[42.387,57.623],[42.474,57.643],[42.515,57.622],[42.683,57.635],[42.725,57.688],[42.842,57.666],[42.81,57.543],[42.859,57.496],[42.774,57.451],[42.812,57.416],[42.96,57.383],[43.096,57.391],[43.146,57.421],[43.175,57.456],[43.134,57.558],[43.208,57.63],[43.237,57.434],[43.367,57.522],[43.595,57.543],[43.711,57.496],[43.714,57.414],[43.873,57.362],[43.858,57.34],[43.81,57.356],[43.781,57.313],[43.72,57.338],[43.651,57.311],[43.678,57.277],[43.557,57.247],[43.509,57.206],[43.481,57.132],[43.498,57.114],[43.624,57.098],[43.618,57.077],[43.686,57.061],[43.515,56.883],[43.123,56.857],[43.119,56.831],[43.052,56.813],[42.973,56.837],[42.862,56.813],[42.802,56.769],[42.854,56.73],[42.8,56.695],[42.801,56.662],[42.85,56.64],[42.906,56.663],[42.913,56.473],[42.679,56.467],[42.62,56.405],[42.547,56.391],[42.282,56.456],[42.188,56.442],[42.182,56.399],[42.06,56.34],[41.934,56.369],[41.9,56.497],[41.532,56.416],[41.47,56.465],[41.26,56.471],[41.227,56.498],[41.125,56.475],[41.099,56.443],[41.033,56.478],[40.85,56.504],[40.815,56.579],[40.723,56.595],[40.504,56.563],[40.481,56.534],[40.383,56.531],[40.364,56.502],[40.314,56.51],[40.224,56.409],[40.007,56.464],[39.97,56.49],[39.984,56.534],[39.912,56.607],[39.822,56.611],[39.894,56.699],[39.885,56.765],[39.635,56.808],[39.438,56.761],[39.414,56.837],[39.466,56.837],[39.499,56.868],[39.466,56.889],[39.618,56.947],[39.539,56.992],[39.653,57.025],[39.648,57.055],[39.793,57.103],[39.819,57.089],[39.914,57.158],[40.046,57.204],[40.209,57.181],[40.208,57.213],[40.277,57.237],[40.175,57.27],[40.418,57.258],[40.598,57.315],[40.697,57.302],[40.73,57.331],[40.921,57.345],[41.035,57.308],[41.035,57.339],[41.093,57.338],[41.157,57.383],[41.157,57.425],[41.23,57.405],[41.609,57.469],[41.648,57.524],[41.652,57.596],[41.597,57.698],[41.618,57.712]]]}},{"type":"Feature","properties":{"id":"21","name":"Kabardin-Balkar"},"geometry":{"type":"Polygon","coordinates":[[[44.503,43.867],[44.427,43.802],[44.403,43.673],[44.531,43.574],[44.535,43.501],[44.494,43.421],[44.523,43.37],[44.505,43.347],[44.476,43.328],[44.384,43.356],[44.283,43.305],[44.218,43.349],[44.183,43.341],[44.144,43.307],[44.167,43.201],[44.114,43.156],[44.061,43.163],[44.041,43.188],[44.092,43.194],[44.054,43.227],[43.987,43.203],[43.933,43.265],[43.852,43.13],[43.623,42.912],[43.565,42.902],[43.486,42.938],[43.418,42.895],[43.343,42.89],[43.192,42.934],[43.036,43.038],[43.039,43.091],[42.925,43.115],[42.893,43.17],[42.68,43.174],[42.683,43.137],[42.55,43.185],[42.509,43.236],[42.538,43.303],[42.523,43.359],[42.602,43.439],[42.586,43.539],[42.825,43.643],[42.853,43.666],[42.85,43.749],[43.298,43.832],[43.374,43.88],[43.419,43.853],[43.434,43.784],[43.476,43.742],[43.673,43.785],[43.884,43.74],[43.969,43.868],[44.073,43.924],[44.395,43.836],[44.521,43.949],[44.503,43.867]]]}},{"type":"Feature","properties":{"id":"22","name":"Kaliningrad"},"geometry":{"type":"MultiPolygon","coordinates":[[[[19.95,54.634],[19.95,54.633],[19.949,54.633],[19.949,54.633],[19.949,54.633],[19.949,54.633],[19.949,54.633],[19.949,54.633],[19.945,54.633],[19.945,54.632],[19.945,54.632],[19.945,54.632],[19.942,54.632],[19.941,54.632],[19.941,54.632],[19.94,54.632],[19.939,54.632],[19.939,54.632],[19.939,54.632],[19.938,54.632],[19.938,54.632],[19.938,54.632],[19.934,54.632],[19.934,54.632],[19.934,54.632],[19.934,54.632],[19.934,54.632],[19.934,54.631],[19.931,54.631],[19.931,54.631],[19.931,54.631],[19.93,54.631],[19.93,54.631],[19.93,54.631],[19.929,54.631],[19.929,54.631],[19.929,54.63],[19.922,54.63],[19.92,54.63],[19.92,54.63],[19.92,54.63],[19.913,54.63],[19.913,54.63],[19.913,54.63],[19.912,54.63],[19.911,54.63],[19.911,54.63],[19.911,54.631],[19.913,54.631],[19.912,54.631],[19.916,54.631],[19.916,54.632],[19.917,54.632],[19.92,54.632],[19.92,54.632],[19.92,54.632],[19.921,54.632],[19.922,54.632],[19.922,54.632],[19.922,54.632],[19.922,54.632],[19.923,54.632],[19.928,54.632],[19.928,54.633],[19.929,54.633],[19.929,54.633],[19.93,54.633],[19.93,54.633],[19.931,54.633],[19.931,54.633],[19.932,54.633],[19.932,54.633],[19.932,54.633],[19.935,54.633],[19.935,54.633],[19.935,54.633],[19.936,54.633],[19.938,54.633],[19.938,54.633],[19.944,54.633],[19.944,54.634],[19.944,54.634],[19.944,54.634],[19.946,54.634],[19.946,54.634],[19.946,54.634],[19.948,54.634],[19.95,54.634]]],[[[20.005,54.638],[20.005,54.637],[20.001,54.637],[20.001,54.637],[20.001,54.637],[20,54.637],[19.999,54.637],[19.999,54.636],[19.999,54.636],[19.999,54.636],[19.999,54.636],[19.999,54.636],[19.995,54.636],[19.995,54.636],[19.993,54.636],[19.993,54.636],[19.993,54.636],[19.99,54.636],[19.99,54.636],[19.986,54.636],[19.986,54.636],[19.983,54.636],[19.983,54.636],[19.983,54.636],[19.981,54.636],[19.981,54.635],[19.979,54.635],[19.978,54.635],[19.978,54.635],[19.978,54.635],[19.972,54.635],[19.97,54.635],[19.97,54.635],[19.969,54.635],[19.969,54.635],[19.969,54.635],[19.965,54.635],[19.964,54.635],[19.964,54.635],[19.964,54.634],[19.96,54.634],[19.959,54.634],[19.959,54.634],[19.959,54.634],[19.955,54.634],[19.955,54.635],[19.956,54.635],[19.956,54.635],[19.956,54.635],[19.96,54.635],[19.96,54.635],[19.963,54.635],[19.963,54.635],[19.963,54.635],[19.964,54.635],[19.968,54.635],[19.968,54.636],[19.97,54.636],[19.97,54.636],[19.973,54.636],[19.973,54.636],[19.979,54.636],[19.979,54.637],[19.979,54.637],[19.98,54.637],[19.984,54.637],[19.984,54.637],[19.984,54.637],[19.984,54.637],[19.986,54.637],[19.986,54.637],[19.987,54.637],[19.987,54.637],[19.988,54.637],[19.988,54.637],[19.99,54.637],[19.99,54.637],[19.99,54.637],[19.992,54.637],[19.992,54.638],[19.997,54.638],[19.997,54.638],[20,54.638],[20.001,54.638],[20.001,54.638],[20.001,54.638],[20.006,54.638],[20.006,54.638],[20.005,54.638]]],[[[19.877,54.64],[19.883,54.609],[19.643,54.46],[19.877,54.64]]],[[[19.999,54.641],[19.999,54.64],[20,54.64],[20.001,54.64],[20.001,54.64],[20.001,54.64],[20.001,54.64],[20.002,54.64],[20.002,54.64],[20.002,54.64],[20.002,54.64],[20.002,54.64],[20.002,54.64],[20.002,54.64],[20.001,54.64],[20.001,54.639],[20.001,54.639],[20,54.639],[20,54.639],[20,54.639],[20,54.639],[20,54.639],[20,54.639],[19.998,54.639],[19.998,54.639],[19.995,54.639],[19.994,54.639],[19.994,54.639],[19.994,54.639],[19.993,54.639],[19.992,54.639],[19.992,54.638],[19.99,54.638],[19.99,54.639],[19.99,54.639],[19.989,54.639],[19.989,54.639],[19.989,54.638],[19.988,54.638],[19.988,54.638],[19.987,54.638],[19.987,54.638],[19.987,54.638],[19.986,54.638],[19.986,54.638],[19.986,54.638],[19.985,54.638],[19.985,54.638],[19.985,54.638],[19.981,54.638],[19.981,54.638],[19.98,54.638],[19.975,54.638],[19.975,54.638],[19.974,54.638],[19.974,54.639],[19.974,54.639],[19.973,54.639],[19.973,54.639],[19.973,54.638],[19.971,54.638],[19.971,54.639],[19.971,54.639],[19.97,54.639],[19.97,54.64],[19.974,54.64],[19.979,54.64],[19.979,54.64],[19.979,54.64],[19.981,54.64],[19.981,54.64],[19.981,54.64],[19.984,54.64],[19.984,54.64],[19.985,54.64],[19.985,54.64],[19.985,54.639],[19.987,54.639],[19.987,54.64],[19.987,54.64],[19.987,54.64],[19.987,54.64],[19.99,54.64],[19.99,54.64],[19.992,54.64],[19.993,54.64],[19.996,54.64],[19.996,54.64],[19.996,54.64],[19.996,54.64],[19.996,54.64],[19.997,54.64],[19.997,54.64],[19.997,54.64],[19.997,54.64],[19.997,54.64],[19.997,54.64],[19.997,54.641],[19.999,54.641],[19.999,54.641]]],[[[20.149,54.673],[20.149,54.672],[20.148,54.672],[20.148,54.671],[20.148,54.671],[20.147,54.671],[20.147,54.671],[20.147,54.671],[20.147,54.671],[20.147,54.671],[20.147,54.671],[20.146,54.671],[20.146,54.67],[20.146,54.67],[20.146,54.67],[20.146,54.67],[20.145,54.67],[20.145,54.67],[20.145,54.67],[20.145,54.669],[20.145,54.669],[20.144,54.669],[20.144,54.669],[20.144,54.669],[20.144,54.668],[20.143,54.668],[20.143,54.668],[20.143,54.668],[20.142,54.668],[20.142,54.668],[20.142,54.668],[20.142,54.667],[20.142,54.667],[20.141,54.667],[20.141,54.667],[20.141,54.667],[20.141,54.667],[20.141,54.667],[20.141,54.666],[20.14,54.666],[20.14,54.666],[20.14,54.666],[20.14,54.666],[20.14,54.666],[20.139,54.666],[20.139,54.666],[20.139,54.666],[20.139,54.665],[20.138,54.665],[20.138,54.665],[20.138,54.665],[20.138,54.665],[20.138,54.665],[20.137,54.665],[20.137,54.665],[20.137,54.664],[20.137,54.664],[20.136,54.664],[20.136,54.664],[20.136,54.664],[20.136,54.664],[20.136,54.664],[20.136,54.663],[20.136,54.663],[20.136,54.663],[20.135,54.663],[20.135,54.663],[20.135,54.663],[20.135,54.663],[20.135,54.663],[20.134,54.663],[20.134,54.663],[20.134,54.662],[20.134,54.662],[20.134,54.662],[20.134,54.662],[20.133,54.662],[20.133,54.661],[20.132,54.661],[20.132,54.661],[20.132,54.661],[20.132,54.661],[20.131,54.661],[20.131,54.66],[20.131,54.66],[20.131,54.66],[20.13,54.66],[20.13,54.66],[20.13,54.66],[20.13,54.66],[20.13,54.66],[20.129,54.66],[20.129,54.659],[20.129,54.659],[20.129,54.659],[20.129,54.659],[20.128,54.659],[20.128,54.658],[20.128,54.658],[20.128,54.658],[20.127,54.658],[20.127,54.658],[20.127,54.657],[20.127,54.657],[20.126,54.657],[20.126,54.657],[20.126,54.657],[20.126,54.657],[20.125,54.657],[20.125,54.656],[20.124,54.656],[20.124,54.656],[20.124,54.656],[20.124,54.656],[20.124,54.656],[20.124,54.655],[20.124,54.655],[20.124,54.655],[20.124,54.655],[20.124,54.655],[20.124,54.655],[20.124,54.655],[20.122,54.655],[20.122,54.655],[20.121,54.655],[20.121,54.655],[20.121,54.654],[20.121,54.654],[20.12,54.654],[20.12,54.654],[20.12,54.654],[20.12,54.653],[20.12,54.653],[20.119,54.653],[20.119,54.653],[20.119,54.653],[20.119,54.653],[20.118,54.653],[20.118,54.653],[20.118,54.653],[20.117,54.653],[20.116,54.653],[20.116,54.653],[20.116,54.652],[20.116,54.652],[20.115,54.652],[20.115,54.652],[20.115,54.652],[20.114,54.652],[20.114,54.652],[20.114,54.652],[20.113,54.652],[20.113,54.652],[20.113,54.652],[20.113,54.652],[20.112,54.652],[20.112,54.652],[20.111,54.651],[20.111,54.651],[20.111,54.651],[20.111,54.651],[20.11,54.651],[20.11,54.651],[20.11,54.651],[20.11,54.651],[20.11,54.651],[20.11,54.65],[20.109,54.65],[20.109,54.65],[20.109,54.65],[20.109,54.65],[20.109,54.65],[20.109,54.65],[20.109,54.65],[20.109,54.65],[20.108,54.65],[20.108,54.65],[20.108,54.65],[20.107,54.65],[20.107,54.649],[20.107,54.649],[20.107,54.649],[20.107,54.649],[20.107,54.649],[20.106,54.649],[20.106,54.649],[20.106,54.648],[20.106,54.648],[20.106,54.648],[20.105,54.648],[20.105,54.648],[20.104,54.648],[20.104,54.647],[20.104,54.647],[20.104,54.647],[20.104,54.647],[20.104,54.647],[20.104,54.647],[20.103,54.647],[20.103,54.647],[20.102,54.647],[20.102,54.646],[20.102,54.646],[20.101,54.646],[20.101,54.646],[20.101,54.646],[20.101,54.645],[20.1,54.645],[20.1,54.646],[20.099,54.646],[20.099,54.646],[20.099,54.646],[20.099,54.646],[20.099,54.647],[20.098,54.647],[20.096,54.647],[20.096,54.647],[20.096,54.647],[20.096,54.647],[20.094,54.647],[20.094,54.647],[20.094,54.647],[20.093,54.647],[20.093,54.647],[20.093,54.647],[20.093,54.647],[20.093,54.647],[20.092,54.647],[20.092,54.647],[20.09,54.647],[20.09,54.647],[20.089,54.647],[20.089,54.647],[20.089,54.647],[20.089,54.647],[20.089,54.648],[20.089,54.648],[20.088,54.648],[20.088,54.648],[20.087,54.648],[20.088,54.648],[20.088,54.649],[20.088,54.649],[20.088,54.649],[20.088,54.65],[20.089,54.65],[20.091,54.65],[20.091,54.65],[20.091,54.65],[20.093,54.65],[20.093,54.65],[20.093,54.65],[20.093,54.651],[20.094,54.651],[20.094,54.65],[20.094,54.65],[20.094,54.651],[20.094,54.651],[20.097,54.651],[20.097,54.651],[20.097,54.651],[20.097,54.651],[20.099,54.651],[20.099,54.651],[20.099,54.651],[20.103,54.651],[20.103,54.651],[20.104,54.652],[20.104,54.652],[20.104,54.652],[20.105,54.652],[20.105,54.652],[20.105,54.652],[20.107,54.652],[20.107,54.652],[20.107,54.652],[20.108,54.652],[20.109,54.652],[20.109,54.653],[20.109,54.653],[20.11,54.653],[20.11,54.653],[20.11,54.653],[20.111,54.653],[20.111,54.653],[20.111,54.653],[20.112,54.653],[20.112,54.653],[20.112,54.654],[20.113,54.653],[20.113,54.654],[20.114,54.654],[20.114,54.654],[20.114,54.654],[20.114,54.654],[20.114,54.654],[20.114,54.654],[20.114,54.654],[20.114,54.654],[20.115,54.654],[20.115,54.654],[20.115,54.655],[20.115,54.655],[20.116,54.655],[20.116,54.655],[20.116,54.655],[20.116,54.655],[20.116,54.655],[20.117,54.655],[20.117,54.655],[20.117,54.655],[20.119,54.655],[20.119,54.656],[20.119,54.656],[20.119,54.656],[20.119,54.656],[20.12,54.656],[20.12,54.656],[20.12,54.656],[20.12,54.656],[20.12,54.657],[20.121,54.657],[20.121,54.657],[20.121,54.657],[20.121,54.657],[20.121,54.658],[20.122,54.658],[20.122,54.658],[20.122,54.658],[20.122,54.658],[20.122,54.658],[20.122,54.658],[20.123,54.658],[20.123,54.658],[20.123,54.659],[20.124,54.659],[20.124,54.659],[20.124,54.659],[20.124,54.659],[20.124,54.659],[20.125,54.659],[20.125,54.659],[20.125,54.66],[20.125,54.66],[20.125,54.66],[20.126,54.66],[20.126,54.66],[20.126,54.66],[20.126,54.66],[20.126,54.66],[20.127,54.66],[20.127,54.661],[20.127,54.661],[20.128,54.661],[20.128,54.661],[20.128,54.661],[20.128,54.661],[20.128,54.662],[20.129,54.662],[20.129,54.662],[20.129,54.662],[20.129,54.662],[20.13,54.662],[20.13,54.663],[20.13,54.663],[20.13,54.663],[20.13,54.663],[20.131,54.663],[20.131,54.663],[20.131,54.663],[20.131,54.663],[20.131,54.663],[20.131,54.663],[20.132,54.663],[20.132,54.663],[20.132,54.664],[20.132,54.664],[20.132,54.664],[20.133,54.664],[20.133,54.664],[20.133,54.664],[20.134,54.664],[20.134,54.664],[20.134,54.665],[20.134,54.665],[20.134,54.665],[20.134,54.665],[20.135,54.665],[20.135,54.666],[20.135,54.666],[20.135,54.666],[20.136,54.666],[20.136,54.666],[20.136,54.666],[20.136,54.666],[20.136,54.666],[20.136,54.666],[20.136,54.667],[20.137,54.667],[20.137,54.667],[20.137,54.667],[20.138,54.667],[20.138,54.667],[20.138,54.667],[20.138,54.667],[20.138,54.667],[20.139,54.667],[20.139,54.668],[20.139,54.668],[20.139,54.668],[20.139,54.668],[20.139,54.668],[20.14,54.668],[20.14,54.669],[20.141,54.669],[20.141,54.669],[20.142,54.669],[20.142,54.669],[20.142,54.669],[20.142,54.669],[20.142,54.669],[20.142,54.67],[20.143,54.67],[20.143,54.67],[20.143,54.67],[20.144,54.67],[20.144,54.67],[20.144,54.67],[20.144,54.67],[20.144,54.671],[20.144,54.671],[20.145,54.671],[20.145,54.671],[20.145,54.671],[20.145,54.671],[20.145,54.672],[20.146,54.672],[20.146,54.672],[20.146,54.672],[20.146,54.672],[20.146,54.672],[20.147,54.672],[20.147,54.672],[20.147,54.673],[20.148,54.673],[20.148,54.673],[20.149,54.673]]],[[[20.341,54.684],[20.341,54.684],[20.341,54.684],[20.341,54.683],[20.341,54.683],[20.341,54.683],[20.34,54.683],[20.34,54.683],[20.338,54.683],[20.338,54.682],[20.336,54.682],[20.336,54.682],[20.335,54.682],[20.335,54.682],[20.333,54.682],[20.333,54.682],[20.332,54.682],[20.332,54.681],[20.331,54.681],[20.331,54.681],[20.331,54.681],[20.331,54.681],[20.331,54.681],[20.331,54.681],[20.329,54.681],[20.329,54.681],[20.328,54.681],[20.328,54.681],[20.326,54.681],[20.326,54.682],[20.324,54.682],[20.324,54.682],[20.324,54.682],[20.323,54.682],[20.322,54.682],[20.322,54.682],[20.323,54.683],[20.326,54.683],[20.326,54.683],[20.327,54.683],[20.327,54.683],[20.327,54.683],[20.333,54.683],[20.333,54.683],[20.333,54.683],[20.333,54.683],[20.334,54.683],[20.334,54.683],[20.336,54.683],[20.336,54.684],[20.336,54.684],[20.337,54.684],[20.338,54.684],[20.339,54.684],[20.339,54.684],[20.339,54.684],[20.341,54.684]]],[[[20.256,54.685],[20.256,54.685],[20.258,54.685],[20.258,54.685],[20.26,54.685],[20.26,54.685],[20.261,54.685],[20.261,54.685],[20.262,54.685],[20.262,54.685],[20.262,54.684],[20.264,54.684],[20.264,54.685],[20.264,54.685],[20.265,54.685],[20.265,54.684],[20.265,54.684],[20.267,54.684],[20.267,54.684],[20.267,54.684],[20.267,54.684],[20.275,54.684],[20.275,54.684],[20.279,54.684],[20.279,54.684],[20.279,54.684],[20.281,54.684],[20.281,54.685],[20.281,54.685],[20.282,54.685],[20.282,54.685],[20.282,54.684],[20.283,54.684],[20.283,54.685],[20.283,54.685],[20.284,54.685],[20.284,54.685],[20.284,54.684],[20.285,54.684],[20.285,54.684],[20.286,54.684],[20.286,54.684],[20.286,54.684],[20.286,54.684],[20.288,54.684],[20.288,54.684],[20.294,54.684],[20.294,54.684],[20.294,54.683],[20.302,54.683],[20.302,54.684],[20.302,54.684],[20.305,54.684],[20.305,54.683],[20.305,54.683],[20.305,54.683],[20.305,54.683],[20.305,54.683],[20.306,54.683],[20.306,54.683],[20.307,54.683],[20.307,54.683],[20.308,54.683],[20.314,54.683],[20.314,54.684],[20.314,54.684],[20.314,54.684],[20.314,54.683],[20.315,54.683],[20.315,54.684],[20.315,54.684],[20.315,54.684],[20.316,54.684],[20.316,54.683],[20.316,54.683],[20.316,54.683],[20.316,54.683],[20.317,54.683],[20.317,54.683],[20.314,54.683],[20.314,54.682],[20.31,54.682],[20.309,54.682],[20.309,54.682],[20.308,54.682],[20.308,54.682],[20.308,54.682],[20.304,54.682],[20.304,54.683],[20.294,54.683],[20.294,54.683],[20.283,54.683],[20.283,54.683],[20.283,54.683],[20.282,54.683],[20.282,54.683],[20.282,54.683],[20.28,54.683],[20.28,54.683],[20.28,54.683],[20.279,54.683],[20.275,54.683],[20.275,54.683],[20.271,54.683],[20.271,54.683],[20.271,54.683],[20.271,54.683],[20.271,54.683],[20.27,54.683],[20.27,54.683],[20.268,54.683],[20.267,54.683],[20.267,54.683],[20.267,54.683],[20.265,54.683],[20.265,54.683],[20.265,54.683],[20.264,54.683],[20.261,54.683],[20.261,54.683],[20.259,54.683],[20.259,54.684],[20.258,54.684],[20.258,54.683],[20.258,54.683],[20.258,54.684],[20.257,54.684],[20.256,54.684],[20.256,54.683],[20.256,54.683],[20.256,54.684],[20.255,54.684],[20.255,54.684],[20.255,54.684],[20.254,54.684],[20.254,54.684],[20.253,54.684],[20.253,54.684],[20.252,54.684],[20.252,54.684],[20.251,54.684],[20.251,54.683],[20.251,54.683],[20.251,54.684],[20.249,54.684],[20.249,54.683],[20.248,54.683],[20.248,54.684],[20.247,54.684],[20.247,54.684],[20.245,54.684],[20.245,54.684],[20.245,54.684],[20.245,54.684],[20.245,54.685],[20.246,54.685],[20.246,54.685],[20.247,54.685],[20.247,54.685],[20.249,54.685],[20.249,54.685],[20.25,54.685],[20.25,54.685],[20.25,54.684],[20.251,54.684],[20.251,54.685],[20.251,54.685],[20.252,54.685],[20.254,54.685],[20.254,54.685],[20.255,54.685],[20.255,54.685],[20.255,54.685],[20.255,54.685],[20.256,54.685],[20.256,54.685],[20.256,54.685],[20.256,54.685]]],[[[20.188,54.686],[20.241,54.684],[20.151,54.674],[20.188,54.686]]],[[[20.371,54.69],[20.371,54.689],[20.372,54.689],[20.372,54.689],[20.372,54.688],[20.372,54.688],[20.371,54.688],[20.371,54.688],[20.369,54.688],[20.369,54.688],[20.369,54.688],[20.369,54.688],[20.367,54.688],[20.366,54.688],[20.366,54.688],[20.365,54.688],[20.365,54.687],[20.364,54.687],[20.364,54.687],[20.364,54.687],[20.364,54.687],[20.362,54.687],[20.362,54.687],[20.362,54.687],[20.362,54.687],[20.362,54.687],[20.361,54.687],[20.361,54.686],[20.357,54.686],[20.356,54.686],[20.356,54.686],[20.355,54.686],[20.355,54.686],[20.355,54.686],[20.353,54.686],[20.353,54.685],[20.352,54.685],[20.352,54.685],[20.352,54.685],[20.352,54.685],[20.349,54.685],[20.349,54.685],[20.349,54.685],[20.349,54.685],[20.347,54.685],[20.347,54.685],[20.347,54.685],[20.347,54.684],[20.343,54.684],[20.343,54.685],[20.343,54.685],[20.343,54.685],[20.344,54.685],[20.344,54.686],[20.344,54.686],[20.346,54.686],[20.346,54.686],[20.347,54.686],[20.347,54.686],[20.347,54.686],[20.347,54.687],[20.348,54.687],[20.348,54.687],[20.348,54.687],[20.349,54.687],[20.351,54.687],[20.351,54.687],[20.352,54.687],[20.352,54.687],[20.353,54.687],[20.354,54.687],[20.354,54.688],[20.354,54.688],[20.355,54.688],[20.355,54.688],[20.356,54.688],[20.356,54.688],[20.356,54.688],[20.357,54.688],[20.358,54.688],[20.357,54.688],[20.359,54.688],[20.359,54.689],[20.359,54.689],[20.359,54.689],[20.362,54.689],[20.362,54.689],[20.363,54.689],[20.363,54.689],[20.366,54.689],[20.366,54.689],[20.369,54.689],[20.369,54.689],[20.37,54.689],[20.37,54.69],[20.37,54.69],[20.371,54.69]]],[[[21.389,55.291],[21.502,55.192],[21.651,55.186],[21.75,55.126],[21.905,55.083],[22.039,55.085],[22.037,55.047],[22.071,55.026],[22.257,55.068],[22.479,55.05],[22.579,55.074],[22.66,54.974],[22.684,54.991],[22.766,54.944],[22.762,54.922],[22.857,54.901],[22.888,54.788],[22.745,54.729],[22.726,54.693],[22.753,54.639],[22.687,54.588],[22.71,54.572],[22.702,54.46],[22.793,54.368],[21.471,54.321],[19.793,54.436],[19.94,54.498],[19.989,54.576],[20.092,54.555],[20.328,54.663],[20.392,54.666],[20.374,54.688],[20.474,54.704],[20.201,54.694],[20.086,54.65],[20.044,54.724],[19.978,54.726],[19.945,54.699],[19.963,54.639],[19.869,54.648],[19.963,54.767],[19.929,54.897],[19.977,54.961],[20.135,54.944],[20.271,54.963],[20.375,54.937],[20.5,54.968],[20.685,55.06],[20.951,55.277],[20.998,55.265],[20.916,55.227],[20.859,55.149],[20.501,54.951],[20.78,54.948],[20.868,54.901],[21.091,54.893],[21.216,54.924],[21.249,54.957],[21.213,55.006],[21.18,55.205],[21.289,55.187],[21.259,55.198],[21.291,55.229],[21.276,55.246],[21.389,55.291]]]]}},{"type":"Feature","properties":{"id":"23","name":"Kalmyk"},"geometry":{"type":"Polygon","coordinates":[[[44.607,48.076],[44.641,48.048],[44.788,48.093],[44.838,48.056],[44.918,48.06],[44.981,48.083],[44.943,48.133],[44.969,48.166],[45.06,48.167],[45.26,48.107],[45.331,48.131],[45.58,47.997],[45.673,48.021],[45.766,48],[45.785,47.932],[45.741,47.885],[45.753,47.837],[45.816,47.81],[46.023,47.608],[46.383,47.412],[46.659,47.617],[46.813,47.586],[46.778,47.545],[46.648,47.506],[46.533,47.405],[46.586,47.306],[46.864,46.989],[46.942,46.968],[47.013,46.868],[47.122,46.86],[47.263,46.722],[47.224,46.637],[47.055,46.585],[46.998,46.523],[46.987,46.415],[46.793,46.408],[46.667,46.348],[46.606,46.283],[46.746,46.227],[46.861,46.22],[46.904,46.178],[46.91,46.073],[46.952,46.052],[47.232,46.094],[47.264,46.054],[47.025,45.697],[46.894,45.571],[47.196,45.566],[47.374,45.614],[47.574,45.59],[47.587,45.571],[47.509,45.546],[47.501,45.498],[47.594,45.44],[47.513,45.103],[47.476,45.106],[47.378,45.215],[47.431,45.085],[47.376,45.067],[47.396,45.021],[47.319,44.941],[47.259,44.956],[47.116,44.788],[47.048,44.847],[46.974,44.789],[46.959,44.824],[46.897,44.835],[46.75,44.792],[46.552,44.851],[46.385,44.951],[45.828,45.016],[45.709,44.99],[45.575,45.128],[45.459,45.187],[44.95,45.353],[44.872,45.413],[44.432,45.498],[44.215,45.66],[44.115,45.824],[44.047,45.877],[43.73,45.962],[43.494,45.979],[43.366,46.067],[43.043,46.158],[42.945,46.226],[42.86,46.173],[42.813,46.092],[42.694,46.074],[42.564,45.994],[42.328,45.972],[42.312,45.99],[42.348,46.118],[42.248,46.139],[42.198,46.134],[42.186,46.097],[42.226,46.062],[42.165,46.022],[42.185,45.947],[42.146,45.935],[41.964,45.999],[41.723,46.01],[41.741,46.05],[41.663,46.154],[41.7,46.191],[41.783,46.212],[41.882,46.169],[41.984,46.221],[41.971,46.313],[42.068,46.349],[42.189,46.328],[42.238,46.36],[42.087,46.531],[42.075,46.559],[42.099,46.575],[42.452,46.473],[42.56,46.396],[42.721,46.345],[42.99,46.396],[43.343,46.178],[43.425,46.154],[43.645,46.157],[43.713,46.231],[43.786,46.396],[43.857,46.355],[43.862,46.282],[43.969,46.321],[43.991,46.348],[43.917,46.47],[43.96,46.549],[43.844,46.578],[43.938,46.658],[43.964,46.719],[44.109,46.827],[44.17,46.824],[44.284,46.896],[44.292,47.03],[44.36,47.173],[44.373,47.443],[44.328,47.483],[44.26,47.49],[44.287,47.528],[44.205,47.539],[44.173,47.523],[44.17,47.436],[43.997,47.389],[43.958,47.28],[43.907,47.282],[43.825,47.309],[43.798,47.404],[43.731,47.47],[43.72,47.635],[43.795,47.711],[44.058,47.805],[44.056,47.884],[44.105,47.912],[44.307,47.867],[44.402,47.87],[44.459,47.903],[44.548,48.005],[44.349,48.072],[44.404,48.19],[44.495,48.211],[44.636,48.176],[44.607,48.076]]]}},{"type":"Feature","properties":{"id":"24","name":"Kaluga"},"geometry":{"type":"Polygon","coordinates":[[[36.637,55.296],[36.641,55.227],[36.794,55.224],[36.819,55.176],[36.861,55.171],[36.976,55.22],[37.019,55.159],[37.134,55.132],[37.09,55.122],[37.088,55.091],[37.153,55.077],[37.155,55.041],[37.118,55.032],[37.231,54.901],[37.206,54.873],[37.204,54.843],[37.238,54.828],[37.212,54.679],[37.111,54.534],[37.01,54.587],[36.896,54.57],[36.931,54.524],[36.844,54.489],[36.873,54.43],[36.973,54.421],[36.943,54.312],[36.98,54.281],[36.708,54.268],[36.65,54.296],[36.507,54.271],[36.42,54.211],[36.307,54.226],[36.208,54.147],[36.043,54.162],[36.156,54.123],[36.048,54.094],[36.244,54.08],[36.145,54.018],[36.146,53.93],[36.064,53.94],[35.985,53.901],[36.02,53.869],[35.926,53.836],[35.976,53.796],[35.927,53.759],[36.073,53.688],[35.842,53.569],[35.808,53.524],[35.712,53.519],[35.678,53.554],[35.599,53.522],[35.53,53.419],[35.482,53.428],[35.53,53.489],[35.463,53.475],[35.39,53.361],[35.258,53.334],[35.264,53.29],[35.211,53.307],[35.126,53.285],[35.018,53.363],[34.884,53.353],[34.626,53.399],[34.531,53.442],[34.548,53.505],[34.502,53.556],[34.51,53.683],[34.406,53.721],[34.406,53.762],[34.258,53.826],[34.23,53.87],[34.042,53.835],[34.002,53.865],[33.952,53.852],[33.836,53.972],[33.702,54.02],[33.544,54.008],[33.484,54.064],[33.585,54.073],[33.619,54.169],[33.691,54.189],[33.654,54.229],[33.749,54.31],[33.659,54.35],[33.712,54.423],[33.659,54.444],[33.702,54.5],[33.763,54.494],[33.874,54.556],[33.902,54.529],[34.017,54.558],[34.142,54.523],[34.22,54.533],[34.216,54.509],[34.265,54.484],[34.331,54.509],[34.492,54.496],[34.527,54.538],[34.514,54.577],[34.559,54.612],[34.461,54.691],[34.675,54.659],[34.952,54.75],[34.979,54.772],[34.901,54.813],[34.889,54.861],[34.935,54.874],[34.956,54.922],[35.121,54.998],[35.165,54.951],[35.188,54.962],[35.176,54.979],[35.256,55.071],[35.29,55.07],[35.381,55.161],[35.377,55.229],[35.425,55.195],[35.531,55.192],[35.648,55.253],[35.778,55.262],[35.874,55.202],[35.99,55.21],[36.053,55.17],[36.302,55.142],[36.34,55.158],[36.377,55.229],[36.413,55.227],[36.427,55.274],[36.637,55.296]]]}},{"type":"Feature","properties":{"id":"25","name":"Kamchatka"},"geometry":{"type":"MultiPolygon","coordinates":[[[[157.276,51.242],[157.275,51.242],[157.275,51.242],[157.274,51.242],[157.274,51.242],[157.274,51.242],[157.274,51.243],[157.275,51.243],[157.276,51.243],[157.277,51.243],[157.278,51.243],[157.278,51.243],[157.277,51.242],[157.276,51.242]]],[[[157.693,51.5],[157.692,51.5],[157.692,51.5],[157.691,51.5],[157.691,51.501],[157.689,51.502],[157.688,51.502],[157.689,51.503],[157.689,51.504],[157.691,51.504],[157.693,51.504],[157.693,51.501],[157.692,51.501],[157.693,51.501],[157.694,51.5],[157.693,51.5],[157.693,51.5]]],[[[157.703,51.506],[157.706,51.505],[157.708,51.505],[157.708,51.504],[157.707,51.503],[157.706,51.502],[157.703,51.503],[157.703,51.505],[157.702,51.505],[157.701,51.505],[157.7,51.505],[157.699,51.505],[157.699,51.505],[157.698,51.505],[157.698,51.505],[157.697,51.505],[157.696,51.505],[157.695,51.505],[157.695,51.505],[157.694,51.505],[157.693,51.506],[157.693,51.506],[157.692,51.507],[157.693,51.507],[157.693,51.508],[157.694,51.508],[157.695,51.508],[157.695,51.509],[157.696,51.509],[157.696,51.51],[157.696,51.51],[157.697,51.51],[157.698,51.51],[157.699,51.51],[157.699,51.51],[157.7,51.509],[157.7,51.509],[157.7,51.509],[157.7,51.508],[157.701,51.508],[157.701,51.508],[157.701,51.507],[157.701,51.507],[157.701,51.507],[157.702,51.506],[157.702,51.506],[157.703,51.506]]],[[[159.537,53.225],[159.537,53.225],[159.538,53.225],[159.545,53.222],[159.545,53.222],[159.546,53.222],[159.547,53.222],[159.548,53.221],[159.549,53.221],[159.55,53.221],[159.551,53.221],[159.551,53.22],[159.551,53.22],[159.55,53.22],[159.55,53.219],[159.549,53.219],[159.549,53.219],[159.549,53.218],[159.548,53.218],[159.548,53.218],[159.548,53.218],[159.548,53.216],[159.548,53.216],[159.549,53.216],[159.549,53.216],[159.551,53.215],[159.551,53.215],[159.552,53.214],[159.552,53.212],[159.552,53.212],[159.552,53.212],[159.549,53.21],[159.549,53.21],[159.548,53.21],[159.548,53.209],[159.547,53.209],[159.546,53.209],[159.546,53.209],[159.544,53.209],[159.544,53.209],[159.541,53.211],[159.54,53.211],[159.539,53.211],[159.539,53.212],[159.54,53.212],[159.54,53.213],[159.54,53.213],[159.541,53.213],[159.541,53.214],[159.541,53.214],[159.541,53.214],[159.542,53.214],[159.542,53.215],[159.541,53.215],[159.542,53.215],[159.542,53.215],[159.542,53.216],[159.542,53.216],[159.541,53.216],[159.541,53.217],[159.541,53.217],[159.54,53.217],[159.54,53.217],[159.539,53.218],[159.539,53.218],[159.538,53.218],[159.538,53.218],[159.537,53.219],[159.536,53.219],[159.535,53.219],[159.535,53.221],[159.534,53.221],[159.534,53.221],[159.533,53.222],[159.533,53.222],[159.534,53.222],[159.534,53.222],[159.535,53.223],[159.537,53.223],[159.537,53.223],[159.536,53.224],[159.536,53.225],[159.536,53.225],[159.537,53.225]]],[[[159.952,53.631],[159.952,53.63],[159.951,53.63],[159.951,53.63],[159.95,53.63],[159.949,53.63],[159.949,53.63],[159.946,53.631],[159.946,53.631],[159.944,53.632],[159.944,53.632],[159.947,53.633],[159.947,53.634],[159.947,53.634],[159.949,53.634],[159.949,53.634],[159.95,53.634],[159.951,53.634],[159.951,53.633],[159.952,53.633],[159.952,53.632],[159.952,53.631]]],[[[167.679,54.783],[167.675,54.783],[167.675,54.783],[167.676,54.783],[167.676,54.784],[167.678,54.784],[167.68,54.784],[167.68,54.784],[167.681,54.784],[167.681,54.783],[167.679,54.783],[167.679,54.783]]],[[[166.378,54.825],[166.378,54.825],[166.379,54.825],[166.379,54.824],[166.38,54.824],[166.38,54.824],[166.379,54.823],[166.379,54.823],[166.379,54.822],[166.379,54.822],[166.379,54.822],[166.379,54.821],[166.379,54.821],[166.378,54.821],[166.376,54.822],[166.376,54.822],[166.376,54.823],[166.376,54.823],[166.376,54.824],[166.377,54.825],[166.377,54.825],[166.378,54.825]]],[[[167.528,54.849],[167.527,54.848],[167.526,54.848],[167.523,54.848],[167.522,54.848],[167.522,54.848],[167.521,54.848],[167.52,54.848],[167.519,54.848],[167.518,54.848],[167.519,54.848],[167.52,54.849],[167.521,54.849],[167.521,54.849],[167.522,54.85],[167.522,54.85],[167.523,54.85],[167.524,54.85],[167.525,54.85],[167.527,54.85],[167.528,54.849]]],[[[167.442,54.868],[167.565,54.826],[167.542,54.799],[167.73,54.762],[167.787,54.682],[167.832,54.696],[167.879,54.646],[167.936,54.654],[167.942,54.604],[168.102,54.499],[167.56,54.751],[167.453,54.817],[167.442,54.868]]],[[[167.44,54.871],[167.439,54.871],[167.439,54.871],[167.439,54.871],[167.439,54.872],[167.439,54.872],[167.439,54.872],[167.439,54.872],[167.437,54.873],[167.436,54.874],[167.435,54.875],[167.436,54.875],[167.436,54.876],[167.435,54.876],[167.435,54.876],[167.436,54.876],[167.437,54.876],[167.437,54.875],[167.438,54.875],[167.439,54.874],[167.439,54.874],[167.44,54.874],[167.441,54.873],[167.441,54.873],[167.44,54.872],[167.44,54.871],[167.44,54.871]]],[[[167.435,54.877],[167.433,54.877],[167.432,54.877],[167.431,54.877],[167.43,54.878],[167.429,54.878],[167.428,54.878],[167.428,54.879],[167.428,54.88],[167.428,54.88],[167.429,54.88],[167.43,54.88],[167.431,54.88],[167.434,54.878],[167.433,54.878],[167.435,54.877],[167.435,54.877],[167.435,54.877],[167.435,54.877]]],[[[165.937,55.204],[165.936,55.204],[165.936,55.203],[165.934,55.203],[165.934,55.204],[165.933,55.204],[165.932,55.204],[165.931,55.204],[165.931,55.205],[165.931,55.206],[165.931,55.206],[165.931,55.206],[165.931,55.207],[165.932,55.207],[165.932,55.208],[165.932,55.209],[165.932,55.209],[165.934,55.209],[165.935,55.208],[165.936,55.208],[165.937,55.207],[165.937,55.207],[165.937,55.206],[165.937,55.206],[165.937,55.205],[165.937,55.204],[165.937,55.204]]],[[[165.791,55.211],[165.789,55.211],[165.788,55.212],[165.788,55.212],[165.789,55.213],[165.789,55.213],[165.789,55.213],[165.789,55.214],[165.789,55.215],[165.788,55.215],[165.788,55.216],[165.789,55.216],[165.789,55.216],[165.789,55.217],[165.79,55.217],[165.791,55.217],[165.791,55.216],[165.791,55.216],[165.792,55.216],[165.792,55.215],[165.792,55.214],[165.793,55.213],[165.792,55.212],[165.792,55.212],[165.791,55.212],[165.791,55.211],[165.791,55.211]]],[[[165.983,55.363],[166.129,55.321],[166.257,55.329],[166.3,55.301],[166.242,55.266],[166.247,55.177],[166.29,55.117],[166.352,55.091],[166.444,54.963],[166.588,54.916],[166.587,54.891],[166.644,54.865],[166.672,54.679],[166.487,54.788],[166.504,54.831],[166.411,54.824],[166.386,54.849],[166.378,54.826],[166.342,54.869],[166.307,54.869],[166.291,54.913],[166.179,54.956],[166.156,55.013],[166.076,55.064],[166.079,55.131],[165.981,55.195],[166.022,55.211],[165.757,55.284],[165.983,55.363]]],[[[162.491,56.208],[162.491,56.208],[162.491,56.208],[162.49,56.208],[162.489,56.208],[162.488,56.207],[162.487,56.207],[162.486,56.207],[162.484,56.207],[162.485,56.207],[162.486,56.207],[162.487,56.207],[162.487,56.208],[162.488,56.208],[162.488,56.208],[162.489,56.208],[162.49,56.209],[162.491,56.209],[162.492,56.209],[162.493,56.209],[162.493,56.209],[162.493,56.209],[162.491,56.208]]],[[[162.44,56.21],[162.44,56.209],[162.441,56.209],[162.439,56.209],[162.439,56.208],[162.437,56.207],[162.436,56.207],[162.436,56.206],[162.433,56.206],[162.432,56.206],[162.432,56.206],[162.431,56.206],[162.431,56.206],[162.43,56.205],[162.429,56.205],[162.428,56.205],[162.428,56.205],[162.427,56.204],[162.427,56.204],[162.426,56.204],[162.426,56.204],[162.425,56.204],[162.424,56.204],[162.424,56.204],[162.423,56.204],[162.422,56.203],[162.421,56.203],[162.42,56.204],[162.422,56.204],[162.422,56.204],[162.423,56.205],[162.423,56.205],[162.424,56.205],[162.426,56.206],[162.429,56.206],[162.431,56.207],[162.433,56.207],[162.433,56.208],[162.431,56.208],[162.429,56.207],[162.426,56.207],[162.426,56.206],[162.425,56.206],[162.423,56.206],[162.422,56.205],[162.422,56.205],[162.421,56.205],[162.421,56.205],[162.42,56.205],[162.419,56.205],[162.419,56.204],[162.417,56.204],[162.417,56.204],[162.415,56.204],[162.414,56.204],[162.413,56.204],[162.413,56.204],[162.412,56.204],[162.411,56.203],[162.411,56.203],[162.41,56.203],[162.409,56.203],[162.408,56.203],[162.407,56.202],[162.406,56.202],[162.404,56.202],[162.403,56.201],[162.401,56.201],[162.4,56.201],[162.399,56.2],[162.398,56.2],[162.397,56.2],[162.396,56.2],[162.395,56.199],[162.394,56.199],[162.394,56.199],[162.393,56.199],[162.393,56.199],[162.393,56.2],[162.394,56.201],[162.396,56.201],[162.397,56.201],[162.397,56.201],[162.399,56.202],[162.399,56.202],[162.398,56.202],[162.4,56.203],[162.401,56.203],[162.402,56.204],[162.404,56.204],[162.404,56.204],[162.406,56.204],[162.406,56.204],[162.408,56.204],[162.408,56.205],[162.409,56.205],[162.41,56.205],[162.411,56.205],[162.411,56.205],[162.412,56.205],[162.412,56.206],[162.413,56.206],[162.413,56.206],[162.415,56.206],[162.416,56.206],[162.419,56.206],[162.419,56.206],[162.422,56.206],[162.423,56.207],[162.424,56.207],[162.426,56.207],[162.426,56.207],[162.427,56.208],[162.427,56.208],[162.428,56.208],[162.428,56.208],[162.43,56.209],[162.431,56.209],[162.431,56.209],[162.432,56.209],[162.434,56.21],[162.434,56.21],[162.436,56.21],[162.437,56.21],[162.438,56.21],[162.439,56.21],[162.439,56.21],[162.44,56.21]]],[[[162.447,56.209],[162.447,56.209],[162.448,56.209],[162.448,56.209],[162.447,56.208],[162.444,56.207],[162.444,56.207],[162.443,56.207],[162.441,56.206],[162.44,56.206],[162.437,56.205],[162.434,56.204],[162.433,56.204],[162.431,56.204],[162.429,56.203],[162.428,56.203],[162.426,56.202],[162.424,56.202],[162.421,56.201],[162.419,56.201],[162.417,56.2],[162.415,56.2],[162.412,56.2],[162.409,56.2],[162.405,56.199],[162.403,56.199],[162.399,56.198],[162.395,56.197],[162.392,56.197],[162.389,56.196],[162.385,56.195],[162.38,56.194],[162.376,56.193],[162.375,56.193],[162.376,56.194],[162.378,56.194],[162.381,56.195],[162.385,56.196],[162.388,56.196],[162.395,56.198],[162.399,56.199],[162.403,56.199],[162.407,56.2],[162.411,56.201],[162.413,56.201],[162.416,56.201],[162.421,56.202],[162.425,56.203],[162.43,56.204],[162.433,56.205],[162.436,56.206],[162.439,56.206],[162.44,56.207],[162.442,56.208],[162.443,56.209],[162.443,56.21],[162.444,56.211],[162.445,56.211],[162.446,56.211],[162.446,56.21],[162.447,56.21],[162.447,56.209]]],[[[162.494,56.213],[162.494,56.212],[162.494,56.212],[162.494,56.213],[162.493,56.213],[162.493,56.212],[162.49,56.212],[162.49,56.213],[162.491,56.213],[162.491,56.214],[162.493,56.214],[162.494,56.214],[162.496,56.214],[162.496,56.214],[162.497,56.214],[162.496,56.213],[162.494,56.213],[162.494,56.213]]],[[[162.513,56.224],[162.512,56.224],[162.512,56.224],[162.512,56.224],[162.511,56.225],[162.511,56.226],[162.512,56.226],[162.512,56.226],[162.513,56.226],[162.513,56.226],[162.513,56.226],[162.513,56.226],[162.514,56.226],[162.515,56.226],[162.515,56.225],[162.515,56.225],[162.516,56.225],[162.516,56.225],[162.514,56.224],[162.513,56.224],[162.513,56.224],[162.513,56.224]]],[[[162.501,56.227],[162.501,56.226],[162.5,56.226],[162.499,56.228],[162.499,56.228],[162.5,56.229],[162.5,56.229],[162.501,56.229],[162.501,56.229],[162.502,56.228],[162.502,56.228],[162.502,56.228],[162.502,56.227],[162.502,56.227],[162.502,56.227],[162.501,56.227]]],[[[162.506,56.235],[162.506,56.234],[162.505,56.234],[162.505,56.234],[162.504,56.234],[162.504,56.234],[162.503,56.234],[162.503,56.234],[162.503,56.235],[162.503,56.235],[162.503,56.235],[162.503,56.236],[162.503,56.236],[162.503,56.237],[162.502,56.237],[162.501,56.238],[162.501,56.238],[162.502,56.238],[162.504,56.237],[162.504,56.237],[162.505,56.237],[162.506,56.237],[162.506,56.236],[162.506,56.235],[162.506,56.235],[162.506,56.235]]],[[[162.5,56.233],[162.5,56.233],[162.499,56.234],[162.498,56.234],[162.496,56.235],[162.495,56.235],[162.494,56.236],[162.493,56.236],[162.493,56.236],[162.492,56.237],[162.492,56.237],[162.492,56.237],[162.492,56.238],[162.492,56.238],[162.491,56.238],[162.491,56.239],[162.489,56.239],[162.491,56.239],[162.492,56.239],[162.493,56.239],[162.493,56.239],[162.494,56.238],[162.494,56.238],[162.495,56.237],[162.495,56.237],[162.496,56.237],[162.496,56.237],[162.496,56.236],[162.496,56.236],[162.497,56.236],[162.498,56.235],[162.498,56.235],[162.498,56.235],[162.499,56.234],[162.5,56.234],[162.5,56.234],[162.5,56.233]]],[[[162.495,56.234],[162.496,56.233],[162.496,56.233],[162.496,56.233],[162.497,56.232],[162.497,56.232],[162.496,56.231],[162.496,56.232],[162.495,56.232],[162.495,56.232],[162.494,56.232],[162.494,56.233],[162.493,56.233],[162.492,56.233],[162.492,56.233],[162.491,56.233],[162.491,56.233],[162.49,56.233],[162.489,56.234],[162.488,56.234],[162.488,56.234],[162.487,56.234],[162.486,56.235],[162.485,56.235],[162.485,56.235],[162.484,56.236],[162.483,56.236],[162.483,56.236],[162.482,56.237],[162.482,56.237],[162.482,56.238],[162.481,56.238],[162.48,56.238],[162.48,56.239],[162.479,56.239],[162.478,56.239],[162.477,56.239],[162.477,56.24],[162.476,56.24],[162.476,56.24],[162.476,56.241],[162.477,56.241],[162.478,56.241],[162.479,56.241],[162.48,56.241],[162.482,56.241],[162.483,56.241],[162.484,56.241],[162.484,56.24],[162.485,56.24],[162.486,56.24],[162.487,56.24],[162.487,56.24],[162.488,56.239],[162.489,56.239],[162.489,56.238],[162.49,56.238],[162.49,56.238],[162.49,56.237],[162.491,56.237],[162.491,56.237],[162.491,56.237],[162.492,56.236],[162.492,56.236],[162.493,56.236],[162.493,56.236],[162.494,56.235],[162.494,56.235],[162.495,56.235],[162.495,56.234],[162.495,56.234],[162.495,56.234]]],[[[162.473,56.245],[162.473,56.245],[162.473,56.245],[162.474,56.246],[162.475,56.246],[162.475,56.246],[162.476,56.246],[162.477,56.246],[162.478,56.247],[162.478,56.247],[162.479,56.247],[162.48,56.246],[162.481,56.246],[162.482,56.246],[162.482,56.246],[162.483,56.246],[162.483,56.246],[162.484,56.246],[162.485,56.246],[162.485,56.245],[162.486,56.245],[162.486,56.245],[162.487,56.244],[162.487,56.243],[162.487,56.243],[162.487,56.243],[162.486,56.242],[162.486,56.242],[162.485,56.243],[162.484,56.243],[162.483,56.243],[162.482,56.243],[162.482,56.243],[162.481,56.244],[162.48,56.244],[162.479,56.244],[162.479,56.244],[162.478,56.244],[162.477,56.244],[162.476,56.244],[162.475,56.243],[162.475,56.244],[162.474,56.244],[162.472,56.244],[162.47,56.244],[162.468,56.244],[162.467,56.244],[162.466,56.244],[162.465,56.245],[162.464,56.245],[162.463,56.245],[162.462,56.245],[162.462,56.246],[162.461,56.246],[162.461,56.247],[162.462,56.247],[162.463,56.247],[162.464,56.247],[162.465,56.247],[162.465,56.247],[162.466,56.247],[162.467,56.247],[162.467,56.247],[162.468,56.246],[162.469,56.246],[162.47,56.246],[162.471,56.246],[162.472,56.245],[162.473,56.245]]],[[[162.627,56.248],[162.627,56.248],[162.626,56.246],[162.627,56.245],[162.628,56.245],[162.628,56.244],[162.628,56.244],[162.627,56.244],[162.627,56.244],[162.626,56.243],[162.625,56.243],[162.624,56.243],[162.623,56.243],[162.622,56.243],[162.621,56.243],[162.621,56.243],[162.62,56.243],[162.62,56.242],[162.62,56.242],[162.621,56.241],[162.62,56.241],[162.62,56.241],[162.619,56.241],[162.618,56.24],[162.618,56.24],[162.617,56.24],[162.616,56.24],[162.615,56.24],[162.615,56.239],[162.614,56.239],[162.613,56.239],[162.612,56.239],[162.611,56.239],[162.61,56.238],[162.609,56.238],[162.608,56.238],[162.608,56.238],[162.606,56.238],[162.605,56.238],[162.604,56.238],[162.604,56.237],[162.603,56.237],[162.602,56.237],[162.601,56.237],[162.601,56.237],[162.6,56.237],[162.6,56.236],[162.599,56.236],[162.599,56.236],[162.598,56.236],[162.596,56.236],[162.595,56.236],[162.595,56.236],[162.594,56.236],[162.594,56.237],[162.594,56.237],[162.594,56.238],[162.593,56.238],[162.593,56.238],[162.592,56.239],[162.592,56.239],[162.591,56.239],[162.59,56.239],[162.589,56.239],[162.588,56.239],[162.587,56.24],[162.586,56.24],[162.586,56.24],[162.585,56.24],[162.584,56.24],[162.583,56.24],[162.582,56.241],[162.581,56.241],[162.58,56.241],[162.58,56.242],[162.579,56.242],[162.573,56.242],[162.571,56.243],[162.571,56.243],[162.571,56.244],[162.572,56.244],[162.574,56.243],[162.575,56.243],[162.576,56.243],[162.578,56.243],[162.578,56.243],[162.579,56.243],[162.581,56.243],[162.581,56.243],[162.582,56.242],[162.583,56.242],[162.584,56.242],[162.585,56.242],[162.586,56.242],[162.587,56.242],[162.588,56.242],[162.589,56.242],[162.589,56.241],[162.59,56.241],[162.591,56.241],[162.591,56.241],[162.592,56.241],[162.592,56.241],[162.593,56.241],[162.593,56.241],[162.594,56.241],[162.595,56.24],[162.596,56.24],[162.597,56.24],[162.597,56.24],[162.598,56.24],[162.598,56.24],[162.599,56.24],[162.6,56.24],[162.601,56.24],[162.602,56.24],[162.602,56.24],[162.603,56.24],[162.604,56.24],[162.604,56.24],[162.605,56.24],[162.605,56.24],[162.605,56.24],[162.605,56.24],[162.605,56.241],[162.605,56.241],[162.604,56.241],[162.603,56.241],[162.603,56.241],[162.602,56.241],[162.602,56.241],[162.602,56.242],[162.603,56.242],[162.603,56.242],[162.604,56.242],[162.605,56.242],[162.605,56.243],[162.606,56.243],[162.607,56.244],[162.607,56.244],[162.607,56.245],[162.608,56.245],[162.609,56.246],[162.61,56.246],[162.61,56.246],[162.611,56.246],[162.611,56.246],[162.612,56.246],[162.612,56.247],[162.613,56.247],[162.614,56.247],[162.614,56.247],[162.615,56.247],[162.616,56.247],[162.616,56.247],[162.617,56.248],[162.618,56.248],[162.619,56.248],[162.619,56.248],[162.62,56.248],[162.62,56.248],[162.621,56.248],[162.622,56.248],[162.623,56.248],[162.623,56.248],[162.623,56.248],[162.624,56.249],[162.625,56.249],[162.625,56.249],[162.626,56.249],[162.627,56.249],[162.627,56.249],[162.627,56.248]]],[[[162.707,56.369],[162.727,56.356],[162.689,56.366],[162.707,56.369]]],[[[162.45,56.383],[162.451,56.383],[162.451,56.383],[162.451,56.383],[162.452,56.383],[162.453,56.384],[162.454,56.384],[162.454,56.383],[162.455,56.383],[162.456,56.383],[162.457,56.383],[162.457,56.383],[162.458,56.382],[162.458,56.382],[162.459,56.382],[162.459,56.382],[162.46,56.382],[162.46,56.382],[162.461,56.382],[162.461,56.382],[162.462,56.382],[162.463,56.382],[162.463,56.381],[162.463,56.381],[162.463,56.38],[162.464,56.38],[162.464,56.38],[162.465,56.379],[162.465,56.379],[162.466,56.379],[162.466,56.378],[162.467,56.378],[162.468,56.378],[162.468,56.377],[162.469,56.377],[162.469,56.376],[162.47,56.376],[162.47,56.376],[162.471,56.375],[162.471,56.375],[162.472,56.375],[162.473,56.374],[162.473,56.374],[162.474,56.374],[162.474,56.373],[162.475,56.373],[162.475,56.372],[162.476,56.372],[162.476,56.371],[162.476,56.371],[162.477,56.37],[162.477,56.37],[162.478,56.37],[162.479,56.369],[162.479,56.369],[162.48,56.369],[162.481,56.369],[162.481,56.368],[162.482,56.368],[162.482,56.368],[162.482,56.367],[162.483,56.367],[162.484,56.367],[162.484,56.367],[162.485,56.367],[162.485,56.366],[162.486,56.366],[162.487,56.366],[162.488,56.366],[162.488,56.365],[162.489,56.365],[162.49,56.364],[162.49,56.364],[162.491,56.363],[162.492,56.363],[162.492,56.363],[162.493,56.362],[162.493,56.362],[162.494,56.362],[162.495,56.362],[162.495,56.361],[162.496,56.361],[162.496,56.361],[162.497,56.361],[162.498,56.361],[162.499,56.361],[162.499,56.36],[162.5,56.36],[162.501,56.36],[162.501,56.36],[162.502,56.359],[162.502,56.359],[162.503,56.359],[162.503,56.359],[162.504,56.358],[162.504,56.358],[162.505,56.358],[162.506,56.358],[162.507,56.358],[162.508,56.357],[162.509,56.357],[162.509,56.357],[162.51,56.356],[162.51,56.356],[162.511,56.356],[162.511,56.356],[162.512,56.356],[162.513,56.356],[162.514,56.355],[162.514,56.355],[162.515,56.355],[162.515,56.354],[162.515,56.354],[162.515,56.353],[162.514,56.353],[162.513,56.353],[162.512,56.353],[162.512,56.354],[162.511,56.354],[162.51,56.354],[162.51,56.354],[162.509,56.354],[162.509,56.354],[162.508,56.354],[162.508,56.354],[162.507,56.354],[162.506,56.355],[162.506,56.355],[162.505,56.355],[162.504,56.355],[162.503,56.355],[162.502,56.355],[162.502,56.356],[162.501,56.356],[162.5,56.356],[162.499,56.357],[162.498,56.357],[162.497,56.357],[162.496,56.358],[162.495,56.358],[162.494,56.358],[162.494,56.359],[162.493,56.359],[162.492,56.359],[162.491,56.359],[162.491,56.36],[162.49,56.36],[162.489,56.36],[162.488,56.361],[162.487,56.361],[162.486,56.361],[162.486,56.361],[162.485,56.362],[162.484,56.362],[162.483,56.362],[162.483,56.363],[162.482,56.363],[162.481,56.364],[162.48,56.364],[162.48,56.364],[162.479,56.364],[162.479,56.365],[162.478,56.365],[162.478,56.365],[162.477,56.366],[162.476,56.366],[162.476,56.366],[162.475,56.367],[162.474,56.367],[162.473,56.367],[162.472,56.368],[162.472,56.368],[162.471,56.368],[162.471,56.369],[162.47,56.369],[162.469,56.369],[162.469,56.37],[162.468,56.37],[162.468,56.37],[162.468,56.37],[162.467,56.371],[162.467,56.371],[162.467,56.371],[162.466,56.372],[162.466,56.372],[162.466,56.372],[162.465,56.373],[162.465,56.373],[162.464,56.373],[162.464,56.374],[162.463,56.374],[162.463,56.374],[162.462,56.374],[162.462,56.375],[162.461,56.375],[162.461,56.375],[162.46,56.375],[162.46,56.376],[162.459,56.376],[162.458,56.376],[162.458,56.377],[162.457,56.377],[162.456,56.377],[162.455,56.377],[162.455,56.377],[162.454,56.378],[162.453,56.378],[162.452,56.378],[162.452,56.379],[162.451,56.379],[162.45,56.379],[162.45,56.38],[162.449,56.38],[162.448,56.38],[162.448,56.381],[162.447,56.381],[162.447,56.381],[162.446,56.381],[162.446,56.382],[162.445,56.382],[162.445,56.382],[162.445,56.383],[162.445,56.383],[162.445,56.383],[162.446,56.384],[162.446,56.384],[162.447,56.384],[162.448,56.384],[162.448,56.384],[162.449,56.383],[162.449,56.383],[162.45,56.383]]],[[[162.997,56.44],[162.997,56.439],[162.996,56.439],[162.996,56.439],[162.995,56.439],[162.995,56.439],[162.992,56.439],[162.992,56.439],[162.993,56.439],[162.993,56.44],[162.993,56.44],[162.994,56.439],[162.994,56.44],[162.994,56.44],[162.995,56.44],[162.995,56.44],[162.996,56.44],[162.995,56.44],[162.997,56.44],[162.997,56.44],[162.998,56.44],[162.998,56.44],[162.997,56.44]]],[[[162.908,56.694],[162.909,56.694],[162.91,56.694],[162.91,56.694],[162.911,56.694],[162.912,56.694],[162.913,56.693],[162.914,56.693],[162.914,56.693],[162.915,56.693],[162.914,56.692],[162.914,56.692],[162.914,56.692],[162.913,56.692],[162.913,56.692],[162.912,56.692],[162.911,56.692],[162.911,56.693],[162.91,56.693],[162.91,56.693],[162.909,56.693],[162.908,56.693],[162.907,56.693],[162.906,56.693],[162.905,56.693],[162.904,56.694],[162.904,56.694],[162.904,56.694],[162.904,56.694],[162.905,56.694],[162.906,56.694],[162.907,56.694],[162.908,56.694]]],[[[163.253,56.732],[163.254,56.732],[163.253,56.731],[163.252,56.731],[163.251,56.731],[163.249,56.73],[163.248,56.73],[163.248,56.73],[163.247,56.729],[163.246,56.729],[163.245,56.73],[163.245,56.73],[163.243,56.73],[163.243,56.731],[163.243,56.731],[163.243,56.732],[163.243,56.732],[163.242,56.732],[163.243,56.732],[163.244,56.732],[163.246,56.733],[163.245,56.733],[163.246,56.734],[163.246,56.734],[163.248,56.734],[163.249,56.734],[163.25,56.734],[163.252,56.733],[163.253,56.733],[163.253,56.732]]],[[[162.907,57.433],[162.796,57.365],[162.769,57.25],[162.729,57.251],[162.767,57.246],[162.74,57.239],[162.771,57.234],[162.853,57.039],[162.776,56.775],[162.929,56.693],[162.811,56.721],[162.92,56.69],[163.072,56.742],[163.235,56.739],[163.227,56.714],[163.284,56.688],[163.234,56.617],[163.272,56.569],[163.247,56.538],[163.279,56.468],[163.249,56.437],[163.354,56.326],[163.333,56.267],[163.362,56.184],[163.176,56.133],[163.021,56.005],[162.813,56.064],[162.749,56.147],[162.63,56.225],[162.502,56.213],[162.631,56.229],[162.709,56.268],[162.741,56.341],[162.942,56.375],[162.943,56.41],[163.066,56.448],[163.11,56.493],[163.102,56.519],[163.011,56.541],[162.91,56.42],[162.709,56.485],[162.568,56.42],[162.417,56.395],[162.407,56.364],[162.534,56.323],[162.514,56.288],[162.578,56.295],[162.603,56.258],[162.521,56.225],[162.458,56.25],[162.485,56.214],[162.28,56.17],[162.476,56.206],[162.206,56.147],[162.076,56.081],[162.052,56.045],[162.075,56.014],[161.743,55.553],[161.736,55.4],[161.761,55.274],[161.821,55.128],[161.877,55.069],[161.859,55.066],[161.93,55.053],[162.049,54.95],[162.079,54.887],[162.154,54.853],[162.105,54.82],[162.139,54.753],[161.999,54.696],[161.697,54.502],[161.481,54.516],[161.288,54.482],[161.202,54.524],[161.203,54.581],[161.131,54.593],[160.822,54.554],[160.463,54.408],[160.249,54.265],[160.124,54.224],[159.99,54.111],[160.037,54.163],[159.994,54.161],[159.966,54.122],[159.99,54.081],[159.855,53.853],[159.841,53.744],[159.866,53.675],[159.829,53.678],[159.915,53.67],[159.899,53.643],[159.956,53.573],[159.956,53.494],[159.935,53.472],[159.843,53.5],[159.831,53.538],[159.773,53.509],[159.832,53.492],[159.791,53.455],[159.819,53.485],[159.845,53.467],[159.881,53.488],[159.839,53.455],[159.845,53.403],[159.934,53.382],[159.895,53.35],[159.915,53.325],[159.974,53.327],[159.903,53.256],[159.947,53.21],[159.962,53.252],[160.03,53.268],[159.997,53.227],[160.047,53.201],[160.032,53.171],[160.061,53.144],[160.036,53.098],[159.744,53.204],[159.852,53.27],[159.812,53.276],[159.719,53.22],[159.576,53.252],[159.472,53.226],[159.393,53.151],[159.331,53.169],[159.087,53.107],[158.891,53.016],[158.706,52.884],[158.682,52.946],[158.645,52.961],[158.71,52.961],[158.613,53.05],[158.521,53.08],[158.509,53.035],[158.42,53.017],[158.411,52.98],[158.471,52.963],[158.414,52.948],[158.436,52.892],[158.553,52.889],[158.468,52.929],[158.494,52.934],[158.647,52.897],[158.593,52.867],[158.646,52.843],[158.58,52.815],[158.565,52.776],[158.493,52.794],[158.481,52.774],[158.487,52.737],[158.602,52.694],[158.565,52.678],[158.587,52.665],[158.568,52.65],[158.535,52.652],[158.548,52.625],[158.39,52.652],[158.459,52.614],[158.403,52.617],[158.413,52.6],[158.513,52.562],[158.526,52.532],[158.495,52.5],[158.526,52.48],[158.398,52.407],[158.506,52.437],[158.559,52.418],[158.543,52.408],[158.572,52.38],[158.483,52.345],[158.554,52.33],[158.551,52.292],[158.444,52.271],[158.458,52.252],[158.393,52.226],[158.385,52.196],[158.414,52.172],[158.377,52.128],[158.351,52.143],[158.305,52.118],[158.328,52.07],[158.268,52.009],[158.274,51.961],[158.104,51.808],[158.029,51.785],[157.91,51.629],[157.771,51.554],[157.575,51.509],[157.488,51.437],[157.474,51.359],[157.368,51.345],[157.233,51.208],[157.094,51.157],[156.658,50.869],[156.76,50.979],[156.762,51.069],[156.701,51.092],[156.715,51.198],[156.647,51.254],[156.554,51.277],[156.534,51.316],[156.484,51.521],[156.503,51.786],[156.456,52.182],[156.392,52.371],[156.141,52.862],[155.981,53.695],[155.732,54.444],[155.557,55.197],[155.556,55.365],[155.633,55.712],[155.651,55.967],[155.718,56.086],[155.749,56.071],[155.727,56.078],[155.739,56.097],[155.862,56.072],[155.736,56.112],[155.831,56.349],[155.894,56.432],[155.948,56.612],[156.119,56.811],[156.186,56.831],[156.08,56.758],[156.2,56.795],[156.223,56.856],[156.355,56.89],[156.497,56.975],[156.548,57.041],[156.549,57.1],[156.667,57.059],[156.736,57.074],[156.729,57.106],[156.984,57.396],[157.001,57.495],[156.956,57.607],[156.871,57.704],[156.774,57.724],[156.852,57.774],[156.855,57.802],[156.904,57.8],[157.004,57.857],[157.054,57.799],[157.182,57.772],[157.443,57.791],[157.53,57.824],[157.588,57.898],[157.574,57.933],[157.664,57.975],[157.653,58.003],[157.677,58.017],[157.904,57.977],[158.129,58],[158.341,58.08],[158.667,58.263],[159.073,58.426],[159.173,58.513],[159.237,58.449],[159.253,58.466],[159.188,58.529],[159.532,58.725],[159.621,58.79],[159.636,58.837],[159.681,58.831],[159.729,58.864],[159.761,58.951],[159.724,58.988],[159.839,59.077],[159.867,59.134],[160,59.19],[160.198,59.33],[160.313,59.341],[160.418,59.398],[160.496,59.556],[160.878,59.618],[160.953,59.679],[160.944,59.703],[161.266,59.847],[161.336,59.929],[161.49,60.034],[161.777,60.12],[161.928,60.206],[161.954,60.287],[161.898,60.299],[161.945,60.345],[161.96,60.419],[162.043,60.431],[162.099,60.482],[162.1,60.461],[162.174,60.479],[162.216,60.519],[162.421,60.539],[162.526,60.603],[162.714,60.6],[162.807,60.645],[162.913,60.753],[163.019,60.773],[163.14,60.75],[163.13,60.775],[163.203,60.802],[163.342,60.796],[163.339,60.752],[163.418,60.812],[163.652,60.867],[163.792,60.832],[163.71,60.851],[163.812,60.931],[163.704,60.932],[163.507,61.004],[163.624,61.051],[163.652,61.084],[163.632,61.106],[163.681,61.135],[163.955,61.228],[163.962,61.273],[164.024,61.314],[164.039,61.354],[163.969,61.417],[163.874,61.44],[163.781,61.412],[163.758,61.462],[163.859,61.563],[163.879,61.644],[164.065,61.679],[164.089,61.798],[164.057,61.839],[164.107,61.89],[164.082,61.982],[164.127,62.018],[164.093,62.093],[164.145,62.13],[164.127,62.162],[164.172,62.27],[164.455,62.356],[164.461,62.39],[164.514,62.398],[164.541,62.439],[164.743,62.453],[165.138,62.408],[165.097,62.438],[165.244,62.487],[165.111,62.484],[164.824,62.562],[164.785,62.549],[164.622,62.671],[164.452,62.686],[164.053,62.646],[163.93,62.575],[163.795,62.599],[163.306,62.523],[163.266,62.5],[163.28,62.461],[163.257,62.442],[163.136,62.407],[163.227,62.416],[163.252,62.375],[163.388,62.331],[163.255,62.313],[163.248,62.282],[163.078,62.219],[163.152,62.124],[163.106,62.092],[163.119,62.071],[163.203,62.06],[163.074,61.961],[163.089,61.939],[163.024,61.922],[163.069,61.897],[162.986,61.804],[163.079,61.756],[163.345,61.705],[163.341,61.66],[163.229,61.639],[163.211,61.627],[163.231,61.602],[163.189,61.625],[163.118,61.612],[163.081,61.577],[163.125,61.545],[163.021,61.511],[162.977,61.573],[162.858,61.599],[162.946,61.642],[162.846,61.709],[162.633,61.654],[162.659,61.621],[162.761,61.62],[162.776,61.588],[162.447,61.667],[162.475,61.73],[162.372,61.78],[162.284,61.884],[162.416,61.905],[162.549,61.979],[162.499,62.049],[162.271,62.071],[162.2,62.105],[162.222,62.145],[162.531,62.191],[162.754,62.261],[162.78,62.295],[162.744,62.33],[162.757,62.38],[162.801,62.438],[162.683,62.548],[162.806,62.6],[162.83,62.645],[162.595,62.693],[162.671,62.742],[162.443,62.843],[162.298,62.86],[162.288,62.917],[162.358,63.054],[162.425,63.091],[162.61,63.086],[162.703,63.149],[162.826,63.174],[162.834,63.197],[162.748,63.235],[162.797,63.284],[162.742,63.335],[162.748,63.368],[162.902,63.392],[163.071,63.499],[163.06,63.577],[162.997,63.628],[162.891,63.647],[162.886,63.69],[162.789,63.725],[162.885,63.83],[162.97,63.862],[162.956,63.987],[162.842,64.07],[162.866,64.119],[162.987,64.157],[163.208,64.17],[163.289,64.2],[163.235,64.229],[163.251,64.257],[163.51,64.339],[163.514,64.371],[163.417,64.419],[163.419,64.462],[163.241,64.542],[163.216,64.603],[163.229,64.709],[163.153,64.742],[163.158,64.777],[163.315,64.784],[163.532,64.911],[163.795,64.852],[164.189,64.889],[164.586,64.764],[164.705,64.763],[164.873,64.644],[164.954,64.67],[164.907,64.754],[164.952,64.79],[165.112,64.813],[165.203,64.798],[165.285,64.723],[165.653,64.714],[165.707,64.687],[165.771,64.59],[165.734,64.531],[165.805,64.512],[165.915,64.523],[166.018,64.587],[166.309,64.551],[166.473,64.471],[166.762,64.484],[166.924,64.513],[167.027,64.578],[167.095,64.587],[167.249,64.468],[167.512,64.384],[167.526,64.287],[167.733,64.295],[167.751,64.244],[167.844,64.231],[168.097,64.287],[168.342,64.291],[168.378,64.209],[168.445,64.167],[168.642,64.148],[168.665,64.052],[168.719,63.976],[168.863,63.9],[169.2,63.868],[169.19,63.81],[169.334,63.771],[169.447,63.581],[169.38,63.538],[169.391,63.513],[169.114,63.454],[168.942,63.352],[168.807,63.329],[168.762,63.273],[168.681,63.248],[168.683,63.178],[168.56,63.114],[168.304,63.052],[168.293,63.007],[168.554,62.938],[168.621,62.891],[168.797,62.858],[168.953,62.875],[169.421,62.717],[169.539,62.621],[169.824,62.581],[169.864,62.526],[169.835,62.453],[169.937,62.404],[169.912,62.363],[169.991,62.32],[169.984,62.287],[170.026,62.259],[170.03,62.221],[170.089,62.197],[170.221,62.25],[170.698,62.17],[170.728,62.205],[170.901,62.217],[170.905,62.256],[171,62.262],[171.033,62.307],[171.091,62.32],[171.124,62.309],[171.11,62.247],[171.251,62.279],[171.231,62.232],[171.68,62.306],[171.685,62.334],[171.75,62.364],[171.939,62.412],[172.06,62.389],[172.108,62.347],[172.466,62.392],[172.769,62.311],[173.08,62.407],[173.673,62.5],[173.782,62.484],[173.828,62.441],[174.042,62.405],[174.092,62.329],[173.925,62.239],[174.029,62.21],[174.06,62.155],[174.051,62.089],[174.119,62.065],[174.238,62.079],[174.279,62.045],[174.28,61.996],[174.361,61.964],[174.384,61.902],[174.455,61.872],[174.443,61.825],[174.317,61.801],[174.165,61.78],[174.244,61.806],[174.167,61.835],[174.03,61.813],[174.065,61.767],[174.146,61.777],[173.847,61.642],[173.66,61.737],[173.527,61.721],[173.503,61.706],[173.517,61.656],[173.483,61.642],[173.492,61.541],[173.363,61.538],[173.307,61.507],[173.331,61.484],[173.316,61.459],[173.157,61.391],[173.073,61.384],[172.909,61.464],[172.768,61.424],[172.745,61.396],[172.939,61.337],[172.935,61.308],[172.972,61.282],[172.889,61.259],[172.655,61.318],[172.824,61.266],[172.679,61.207],[172.658,61.167],[172.347,61.207],[172.373,61.159],[172.446,61.131],[172.314,61.112],[172.248,61.135],[172.313,61.101],[172.428,61.099],[172.407,61.046],[172.475,61.072],[172.485,61.047],[172.408,61.009],[172.29,61.006],[172.054,61.096],[172.029,61.084],[172.147,61.041],[172.101,61.018],[172.17,61.024],[172.223,60.953],[172.115,60.904],[172.103,60.859],[172.047,60.837],[171.996,60.89],[171.966,60.881],[171.972,60.839],[171.92,60.822],[171.72,60.834],[171.623,60.776],[171.656,60.75],[171.644,60.726],[171.397,60.665],[171.396,60.616],[170.868,60.487],[170.748,60.405],[170.658,60.41],[170.641,60.389],[170.669,60.373],[170.626,60.358],[170.699,60.343],[170.692,60.301],[170.525,60.25],[170.474,60.164],[170.431,59.969],[170.322,59.933],[170.136,59.971],[170.162,60.014],[169.97,60.069],[169.875,60.232],[169.787,60.265],[169.786,60.309],[169.741,60.334],[169.74,60.396],[169.421,60.513],[169.105,60.558],[168.788,60.567],[168.715,60.544],[168.552,60.595],[168.372,60.599],[168.068,60.559],[167.868,60.502],[167.783,60.528],[167.793,60.487],[167.765,60.468],[167.723,60.48],[167.429,60.415],[167.224,60.343],[167.109,60.361],[167.05,60.403],[167.037,60.38],[167.079,60.333],[167.064,60.308],[166.976,60.301],[166.888,60.232],[166.822,60.226],[166.852,60.217],[166.736,60.106],[166.417,59.925],[166.296,59.812],[166.086,59.816],[166.095,59.88],[166.176,59.98],[166.158,60.016],[166.2,60.125],[166.279,60.154],[166.302,60.192],[166.271,60.249],[166.275,60.334],[166.244,60.365],[166.377,60.412],[166.346,60.438],[166.363,60.461],[166.263,60.469],[166.095,60.43],[166.011,60.362],[165.832,60.317],[165.77,60.271],[165.383,60.169],[165.223,60.087],[165.165,60.111],[165.186,60.139],[165.151,60.102],[165.033,60.099],[165.045,60.06],[165.179,60.081],[165.15,60.033],[165.234,59.991],[165.178,59.97],[165.106,59.864],[164.857,59.781],[164.798,59.817],[164.781,59.927],[164.719,60],[164.452,60.108],[164.381,60.091],[164.368,60.058],[164.363,60.09],[164.327,60.073],[164.313,60.027],[164.35,60.025],[164.344,59.993],[164.216,59.965],[164.135,59.915],[164.136,59.889],[164.227,59.864],[164.203,59.852],[164.082,59.864],[164.065,59.895],[164.236,59.982],[164.155,59.977],[163.99,60.027],[163.817,59.978],[163.709,59.864],[163.522,59.891],[163.385,59.768],[163.415,59.619],[163.191,59.561],[163.215,59.567],[163.194,59.512],[163.276,59.551],[163.214,59.523],[163.204,59.486],[163.334,59.402],[163.344,59.273],[163.269,59.215],[163.339,59.284],[163.169,59.28],[163.074,59.247],[163.088,59.183],[163.232,59.138],[163.252,59.084],[163.226,59.042],[163.158,59.04],[163.219,59.046],[163.243,59.079],[163.035,59.139],[163.043,59.182],[162.999,59.137],[162.902,59.118],[163.003,59.013],[163.061,58.996],[163.071,59.019],[163.044,58.961],[162.844,58.885],[162.864,58.924],[162.992,58.942],[162.903,58.969],[162.917,58.942],[162.874,58.933],[162.921,58.936],[162.856,58.925],[162.804,58.867],[162.683,58.862],[162.687,58.829],[162.727,58.819],[162.764,58.831],[162.737,58.858],[162.778,58.836],[162.814,58.858],[162.799,58.839],[162.633,58.776],[162.558,58.789],[162.593,58.776],[162.513,58.758],[162.576,58.77],[162.467,58.711],[162.409,58.711],[162.401,58.751],[162.358,58.755],[162.4,58.751],[162.407,58.711],[162.463,58.707],[162.616,58.774],[162.446,58.686],[162.177,58.423],[162.008,58.152],[161.984,58.006],[161.898,57.975],[161.942,57.959],[161.979,57.98],[162.001,57.927],[161.994,58.025],[162.031,57.939],[162.137,57.843],[162.483,57.773],[162.397,57.774],[162.453,57.773],[162.45,57.74],[162.364,57.68],[162.295,57.694],[162.348,57.662],[162.449,57.683],[162.439,57.701],[162.532,57.752],[162.493,57.848],[162.508,57.887],[162.571,57.933],[162.697,57.95],[163.052,57.819],[163.213,57.819],[163.322,57.725],[163.228,57.664],[163.224,57.588],[163.147,57.571],[163.096,57.483],[162.907,57.433]],[[156.708,50.893],[156.692,50.885],[156.677,50.875],[156.692,50.885],[156.708,50.893]],[[156.713,51.092],[156.704,51.089],[156.704,51.089],[156.713,51.092]]],[[[156.671,50.895],[156.671,50.895],[156.672,50.895],[156.672,50.896],[156.673,50.896],[156.673,50.896],[156.674,50.897],[156.675,50.897],[156.676,50.898],[156.676,50.898],[156.678,50.899],[156.678,50.899],[156.679,50.9],[156.671,50.895]]],[[[156.682,50.903],[156.682,50.902],[156.682,50.903],[156.682,50.903]]],[[[156.682,50.903],[156.682,50.903],[156.684,50.904],[156.682,50.903]]],[[[156.76,50.979],[156.755,50.974],[156.755,50.973],[156.755,50.975],[156.756,50.975],[156.756,50.976],[156.757,50.976],[156.756,50.976],[156.757,50.976],[156.757,50.978],[156.758,50.978],[156.758,50.978],[156.758,50.978],[156.758,50.979],[156.759,50.979],[156.759,50.98],[156.759,50.98],[156.759,50.98],[156.76,50.981],[156.76,50.981],[156.76,50.981],[156.76,50.979]]],[[[156.761,50.984],[156.761,50.982],[156.761,50.983],[156.761,50.984]]],[[[155.737,56.128],[155.737,56.127],[155.738,56.127],[155.738,56.127],[155.739,56.127],[155.739,56.127],[155.739,56.127],[155.739,56.126],[155.735,56.124],[155.735,56.124],[155.734,56.124],[155.734,56.123],[155.734,56.123],[155.734,56.121],[155.733,56.12],[155.733,56.12],[155.733,56.118],[155.732,56.118],[155.732,56.117],[155.732,56.117],[155.732,56.116],[155.731,56.116],[155.732,56.116],[155.731,56.115],[155.73,56.115],[155.73,56.114],[155.729,56.114],[155.729,56.114],[155.729,56.115],[155.73,56.115],[155.73,56.116],[155.731,56.117],[155.731,56.117],[155.731,56.118],[155.731,56.118],[155.731,56.118],[155.731,56.118],[155.732,56.119],[155.732,56.12],[155.733,56.121],[155.733,56.122],[155.733,56.123],[155.734,56.124],[155.734,56.126],[155.735,56.126],[155.735,56.127],[155.736,56.127],[155.736,56.129],[155.736,56.129],[155.736,56.13],[155.737,56.13],[155.737,56.132],[155.737,56.132],[155.737,56.133],[155.738,56.134],[155.738,56.135],[155.738,56.136],[155.739,56.136],[155.739,56.137],[155.739,56.137],[155.739,56.138],[155.739,56.138],[155.739,56.139],[155.739,56.139],[155.74,56.14],[155.74,56.14],[155.741,56.14],[155.741,56.14],[155.741,56.139],[155.741,56.139],[155.741,56.139],[155.741,56.139],[155.741,56.138],[155.74,56.138],[155.741,56.137],[155.741,56.137],[155.74,56.136],[155.741,56.136],[155.741,56.136],[155.739,56.135],[155.739,56.134],[155.739,56.134],[155.739,56.132],[155.74,56.132],[155.739,56.132],[155.739,56.131],[155.74,56.131],[155.74,56.13],[155.739,56.13],[155.738,56.129],[155.738,56.129],[155.737,56.129],[155.737,56.128],[155.737,56.128]]],[[[155.743,56.145],[155.742,56.145],[155.742,56.146],[155.742,56.146],[155.742,56.147],[155.742,56.147],[155.742,56.147],[155.743,56.148],[155.743,56.148],[155.743,56.149],[155.744,56.149],[155.744,56.147],[155.743,56.147],[155.743,56.146],[155.743,56.146],[155.743,56.145]]],[[[156.585,57.17],[156.584,57.17],[156.583,57.17],[156.583,57.171],[156.584,57.171],[156.584,57.171],[156.584,57.172],[156.584,57.173],[156.584,57.173],[156.584,57.173],[156.584,57.174],[156.584,57.174],[156.583,57.175],[156.583,57.175],[156.583,57.176],[156.584,57.176],[156.584,57.176],[156.585,57.177],[156.586,57.177],[156.586,57.178],[156.586,57.178],[156.588,57.178],[156.589,57.178],[156.59,57.177],[156.59,57.177],[156.59,57.176],[156.59,57.175],[156.59,57.175],[156.59,57.174],[156.589,57.174],[156.589,57.173],[156.589,57.173],[156.588,57.173],[156.588,57.172],[156.586,57.172],[156.585,57.171],[156.585,57.171],[156.585,57.171],[156.585,57.17]]],[[[156.545,57.165],[156.535,57.162],[156.535,57.173],[156.534,57.18],[156.544,57.183],[156.547,57.17],[156.545,57.165]]],[[[162.463,57.827],[162.468,57.819],[162.453,57.821],[162.449,57.825],[162.449,57.824],[162.449,57.824],[162.449,57.824],[162.449,57.823],[162.449,57.822],[162.448,57.822],[162.448,57.822],[162.447,57.822],[162.447,57.823],[162.447,57.823],[162.446,57.824],[162.447,57.824],[162.447,57.825],[162.447,57.826],[162.446,57.826],[162.446,57.826],[162.445,57.826],[162.444,57.826],[162.443,57.827],[162.442,57.827],[162.441,57.827],[162.441,57.828],[162.442,57.828],[162.442,57.828],[162.443,57.829],[162.443,57.829],[162.443,57.829],[162.444,57.829],[162.444,57.83],[162.445,57.83],[162.446,57.83],[162.447,57.831],[162.447,57.831],[162.448,57.831],[162.448,57.832],[162.449,57.832],[162.45,57.832],[162.451,57.832],[162.452,57.832],[162.453,57.831],[162.455,57.831],[162.456,57.83],[162.457,57.83],[162.458,57.83],[162.458,57.829],[162.463,57.827]]],[[[161.993,57.995],[161.992,57.994],[161.992,57.994],[161.991,57.994],[161.991,57.994],[161.99,57.994],[161.99,57.995],[161.989,57.995],[161.988,57.995],[161.987,57.995],[161.987,57.994],[161.987,57.994],[161.986,57.994],[161.986,57.993],[161.985,57.993],[161.985,57.992],[161.985,57.992],[161.985,57.991],[161.985,57.991],[161.984,57.99],[161.984,57.99],[161.983,57.99],[161.983,57.99],[161.982,57.99],[161.981,57.991],[161.981,57.991],[161.98,57.991],[161.98,57.992],[161.98,57.992],[161.979,57.992],[161.979,57.992],[161.978,57.992],[161.978,57.993],[161.979,57.994],[161.979,57.994],[161.98,57.994],[161.98,57.994],[161.981,57.994],[161.982,57.995],[161.982,57.995],[161.983,57.995],[161.984,57.996],[161.984,57.996],[161.985,57.997],[161.985,57.997],[161.986,57.997],[161.987,57.997],[161.987,57.998],[161.988,57.998],[161.988,57.998],[161.989,57.998],[161.99,57.998],[161.991,57.998],[161.992,57.998],[161.993,57.998],[161.994,57.998],[161.994,57.997],[161.995,57.997],[161.995,57.997],[161.995,57.996],[161.995,57.996],[161.995,57.996],[161.994,57.996],[161.994,57.995],[161.993,57.995],[161.993,57.995]]],[[[161.994,58.009],[161.994,58.008],[161.994,58.006],[161.994,58.005],[161.994,58.003],[161.993,58.001],[161.992,58.001],[161.99,58],[161.989,58],[161.989,58],[161.987,58],[161.987,58],[161.986,57.999],[161.985,57.999],[161.985,57.999],[161.984,57.998],[161.984,57.998],[161.984,57.997],[161.983,57.997],[161.983,57.997],[161.982,57.996],[161.981,57.996],[161.98,57.995],[161.979,57.995],[161.978,57.995],[161.978,57.995],[161.977,57.994],[161.976,57.994],[161.976,57.994],[161.975,57.994],[161.975,57.994],[161.974,57.994],[161.975,57.995],[161.975,57.995],[161.975,57.995],[161.975,57.996],[161.976,57.996],[161.976,57.996],[161.976,57.997],[161.977,57.997],[161.977,57.997],[161.977,57.998],[161.977,57.998],[161.978,57.999],[161.979,57.999],[161.979,58],[161.98,58],[161.981,58.001],[161.982,58.001],[161.983,58.002],[161.984,58.002],[161.984,58.003],[161.986,58.003],[161.987,58.003],[161.987,58.004],[161.988,58.005],[161.988,58.005],[161.989,58.006],[161.99,58.007],[161.991,58.008],[161.99,58.008],[161.99,58.009],[161.988,58.008],[161.987,58.008],[161.986,58.008],[161.986,58.008],[161.985,58.009],[161.984,58.01],[161.983,58.011],[161.982,58.011],[161.983,58.012],[161.984,58.013],[161.985,58.013],[161.986,58.014],[161.987,58.014],[161.988,58.014],[161.989,58.013],[161.99,58.012],[161.992,58.011],[161.993,58.011],[161.993,58.01],[161.994,58.009]]],[[[161.995,58.037],[161.994,58.036],[161.995,58.035],[161.996,58.034],[161.996,58.033],[161.996,58.031],[161.996,58.031],[161.997,58.029],[161.998,58.028],[161.998,58.027],[161.998,58.026],[161.998,58.025],[161.998,58.025],[161.997,58.025],[161.996,58.026],[161.996,58.027],[161.996,58.028],[161.995,58.029],[161.994,58.03],[161.994,58.032],[161.994,58.033],[161.993,58.033],[161.992,58.033],[161.99,58.033],[161.991,58.032],[161.99,58.031],[161.989,58.031],[161.989,58.033],[161.987,58.034],[161.987,58.034],[161.987,58.035],[161.988,58.037],[161.989,58.037],[161.992,58.037],[161.993,58.038],[161.993,58.039],[161.993,58.041],[161.992,58.043],[161.992,58.044],[161.992,58.046],[161.993,58.047],[161.993,58.047],[161.994,58.046],[161.994,58.044],[161.994,58.043],[161.994,58.042],[161.994,58.041],[161.994,58.04],[161.994,58.039],[161.994,58.038],[161.995,58.037]]],[[[161.993,58.049],[161.992,58.048],[161.99,58.048],[161.99,58.049],[161.989,58.049],[161.989,58.05],[161.989,58.051],[161.989,58.051],[161.989,58.052],[161.99,58.052],[161.991,58.052],[161.991,58.052],[161.992,58.052],[161.993,58.052],[161.993,58.052],[161.993,58.051],[161.993,58.051],[161.993,58.05],[161.993,58.049],[161.993,58.049]]],[[[161.987,58.052],[161.985,58.052],[161.985,58.052],[161.984,58.052],[161.983,58.054],[161.983,58.054],[161.983,58.055],[161.984,58.056],[161.985,58.056],[161.985,58.056],[161.987,58.057],[161.987,58.056],[161.988,58.055],[161.988,58.055],[161.988,58.054],[161.988,58.053],[161.987,58.053],[161.987,58.052]]],[[[159.244,58.463],[159.243,58.462],[159.242,58.462],[159.242,58.462],[159.241,58.461],[159.24,58.46],[159.239,58.46],[159.239,58.46],[159.239,58.462],[159.239,58.462],[159.239,58.462],[159.239,58.463],[159.24,58.463],[159.241,58.463],[159.242,58.463],[159.243,58.463],[159.244,58.463]]],[[[159.221,58.464],[159.22,58.464],[159.22,58.464],[159.221,58.465],[159.221,58.465],[159.221,58.466],[159.223,58.467],[159.223,58.466],[159.222,58.465],[159.222,58.465],[159.221,58.464]]],[[[159.238,58.459],[159.238,58.459],[159.237,58.458],[159.237,58.458],[159.237,58.458],[159.237,58.458],[159.236,58.457],[159.236,58.457],[159.235,58.456],[159.235,58.456],[159.234,58.456],[159.234,58.455],[159.234,58.454],[159.234,58.454],[159.234,58.454],[159.234,58.453],[159.233,58.453],[159.233,58.452],[159.232,58.452],[159.232,58.452],[159.232,58.452],[159.232,58.451],[159.232,58.451],[159.231,58.451],[159.231,58.451],[159.231,58.451],[159.229,58.452],[159.229,58.452],[159.228,58.452],[159.227,58.453],[159.226,58.453],[159.225,58.453],[159.224,58.454],[159.222,58.454],[159.222,58.454],[159.221,58.455],[159.221,58.455],[159.221,58.455],[159.221,58.456],[159.221,58.456],[159.221,58.456],[159.221,58.457],[159.22,58.457],[159.22,58.458],[159.221,58.458],[159.22,58.458],[159.22,58.459],[159.221,58.459],[159.221,58.459],[159.221,58.46],[159.222,58.46],[159.222,58.461],[159.223,58.461],[159.223,58.461],[159.223,58.46],[159.224,58.46],[159.224,58.46],[159.222,58.459],[159.223,58.459],[159.223,58.459],[159.224,58.459],[159.224,58.459],[159.224,58.459],[159.224,58.459],[159.225,58.459],[159.225,58.459],[159.226,58.46],[159.225,58.46],[159.225,58.46],[159.224,58.461],[159.224,58.461],[159.224,58.461],[159.224,58.461],[159.223,58.462],[159.223,58.462],[159.223,58.462],[159.223,58.463],[159.223,58.463],[159.224,58.463],[159.224,58.464],[159.225,58.464],[159.225,58.465],[159.226,58.465],[159.226,58.466],[159.228,58.466],[159.228,58.467],[159.228,58.467],[159.228,58.468],[159.229,58.468],[159.23,58.468],[159.231,58.468],[159.231,58.467],[159.232,58.467],[159.232,58.467],[159.233,58.466],[159.233,58.466],[159.234,58.466],[159.234,58.466],[159.235,58.465],[159.235,58.464],[159.236,58.464],[159.236,58.464],[159.236,58.463],[159.236,58.463],[159.238,58.462],[159.238,58.462],[159.237,58.461],[159.237,58.461],[159.238,58.461],[159.237,58.46],[159.237,58.46],[159.238,58.46],[159.238,58.459],[159.237,58.459],[159.238,58.459]]],[[[159.244,58.466],[159.244,58.464],[159.244,58.464],[159.243,58.464],[159.242,58.463],[159.241,58.463],[159.239,58.464],[159.239,58.464],[159.239,58.464],[159.238,58.464],[159.237,58.465],[159.237,58.467],[159.237,58.467],[159.237,58.468],[159.238,58.468],[159.239,58.468],[159.243,58.466],[159.244,58.466]]],[[[159.236,58.467],[159.236,58.467],[159.236,58.467],[159.234,58.468],[159.234,58.469],[159.235,58.469],[159.234,58.469],[159.234,58.469],[159.236,58.47],[159.236,58.47],[159.237,58.469],[159.236,58.469],[159.237,58.469],[159.237,58.469],[159.236,58.468],[159.236,58.468],[159.237,58.467],[159.236,58.467],[159.236,58.467]]],[[[162.562,58.762],[162.561,58.762],[162.561,58.762],[162.56,58.763],[162.56,58.763],[162.564,58.765],[162.566,58.766],[162.567,58.766],[162.568,58.766],[162.568,58.767],[162.569,58.767],[162.571,58.767],[162.573,58.768],[162.574,58.768],[162.574,58.768],[162.574,58.767],[162.572,58.767],[162.57,58.766],[162.569,58.766],[162.568,58.765],[162.566,58.765],[162.566,58.764],[162.565,58.764],[162.565,58.763],[162.563,58.763],[162.562,58.762],[162.562,58.762]]],[[[162.583,58.788],[162.583,58.787],[162.585,58.787],[162.585,58.788],[162.586,58.788],[162.587,58.787],[162.587,58.787],[162.588,58.786],[162.587,58.786],[162.585,58.786],[162.585,58.785],[162.584,58.785],[162.584,58.786],[162.582,58.787],[162.581,58.787],[162.581,58.788],[162.58,58.788],[162.581,58.788],[162.582,58.788],[162.583,58.788]]],[[[162.728,58.84],[162.726,58.84],[162.726,58.841],[162.727,58.841],[162.726,58.841],[162.726,58.842],[162.726,58.842],[162.728,58.843],[162.729,58.843],[162.729,58.842],[162.729,58.842],[162.728,58.841],[162.728,58.841],[162.728,58.84]]],[[[162.77,58.857],[162.771,58.857],[162.772,58.857],[162.773,58.857],[162.774,58.858],[162.776,58.858],[162.777,58.857],[162.777,58.856],[162.777,58.856],[162.777,58.856],[162.776,58.855],[162.776,58.855],[162.773,58.855],[162.773,58.855],[162.772,58.855],[162.772,58.855],[162.772,58.854],[162.772,58.854],[162.771,58.854],[162.771,58.853],[162.769,58.853],[162.769,58.853],[162.768,58.853],[162.768,58.853],[162.767,58.853],[162.768,58.854],[162.766,58.854],[162.764,58.855],[162.764,58.856],[162.763,58.856],[162.762,58.856],[162.762,58.857],[162.763,58.857],[162.766,58.858],[162.768,58.858],[162.77,58.857]]],[[[162.816,58.865],[162.816,58.865],[162.815,58.864],[162.815,58.864],[162.815,58.864],[162.816,58.863],[162.816,58.863],[162.815,58.863],[162.815,58.862],[162.815,58.862],[162.816,58.862],[162.816,58.862],[162.815,58.861],[162.815,58.861],[162.814,58.861],[162.814,58.861],[162.813,58.861],[162.813,58.862],[162.813,58.862],[162.813,58.863],[162.812,58.864],[162.813,58.864],[162.813,58.865],[162.812,58.865],[162.812,58.865],[162.811,58.864],[162.809,58.864],[162.808,58.864],[162.807,58.864],[162.807,58.865],[162.806,58.865],[162.807,58.866],[162.806,58.866],[162.806,58.866],[162.806,58.867],[162.808,58.868],[162.808,58.868],[162.809,58.868],[162.809,58.869],[162.809,58.869],[162.809,58.87],[162.809,58.87],[162.809,58.87],[162.809,58.871],[162.809,58.871],[162.809,58.871],[162.809,58.872],[162.809,58.873],[162.811,58.873],[162.811,58.873],[162.811,58.873],[162.812,58.873],[162.812,58.873],[162.812,58.873],[162.811,58.872],[162.812,58.872],[162.812,58.871],[162.812,58.871],[162.812,58.871],[162.812,58.87],[162.813,58.87],[162.813,58.869],[162.813,58.869],[162.814,58.868],[162.814,58.868],[162.814,58.867],[162.814,58.867],[162.814,58.866],[162.814,58.866],[162.814,58.866],[162.816,58.865]]],[[[162.839,58.882],[162.838,58.882],[162.838,58.882],[162.838,58.882],[162.838,58.881],[162.836,58.88],[162.836,58.88],[162.831,58.88],[162.831,58.88],[162.829,58.88],[162.828,58.88],[162.827,58.88],[162.826,58.879],[162.826,58.879],[162.825,58.879],[162.825,58.879],[162.824,58.88],[162.824,58.88],[162.824,58.881],[162.824,58.881],[162.823,58.881],[162.824,58.881],[162.824,58.882],[162.825,58.882],[162.826,58.882],[162.828,58.882],[162.83,58.882],[162.83,58.882],[162.832,58.882],[162.832,58.882],[162.834,58.883],[162.836,58.883],[162.836,58.882],[162.837,58.882],[162.837,58.884],[162.839,58.884],[162.843,58.884],[162.843,58.883],[162.842,58.883],[162.842,58.883],[162.839,58.882]]],[[[162.817,58.879],[162.817,58.879],[162.817,58.881],[162.818,58.881],[162.82,58.882],[162.82,58.882],[162.821,58.882],[162.821,58.883],[162.822,58.884],[162.822,58.884],[162.824,58.884],[162.824,58.884],[162.823,58.883],[162.823,58.883],[162.817,58.88],[162.817,58.879]]],[[[163.872,59.012],[163.922,58.995],[163.81,59.012],[163.872,59.012]]],[[[164.591,59.236],[164.599,59.184],[164.638,59.181],[164.642,59.128],[164.736,59.034],[164.685,58.97],[164.699,58.913],[164.641,58.871],[164.469,58.867],[164.263,58.805],[164.141,58.801],[163.587,58.574],[163.507,58.501],[163.491,58.449],[163.408,58.541],[163.593,58.595],[163.769,58.81],[163.773,58.885],[163.95,59.011],[163.769,59.015],[163.69,58.989],[164.302,59.111],[164.395,59.176],[164.591,59.236]]],[[[160.412,59.4],[160.411,59.399],[160.411,59.4],[160.411,59.4],[160.411,59.401],[160.412,59.402],[160.413,59.403],[160.414,59.404],[160.415,59.405],[160.416,59.406],[160.417,59.407],[160.418,59.408],[160.418,59.408],[160.419,59.409],[160.419,59.409],[160.42,59.41],[160.421,59.411],[160.422,59.41],[160.422,59.41],[160.421,59.409],[160.42,59.408],[160.42,59.407],[160.419,59.406],[160.418,59.406],[160.418,59.405],[160.416,59.404],[160.416,59.403],[160.414,59.403],[160.414,59.402],[160.414,59.401],[160.413,59.401],[160.413,59.4],[160.412,59.4]]],[[[160.461,59.474],[160.46,59.474],[160.459,59.474],[160.459,59.474],[160.459,59.474],[160.46,59.475],[160.46,59.475],[160.46,59.476],[160.46,59.476],[160.46,59.476],[160.46,59.476],[160.461,59.475],[160.462,59.475],[160.462,59.474],[160.461,59.474]]],[[[160.453,59.466],[160.449,59.466],[160.454,59.477],[160.458,59.478],[160.46,59.473],[160.453,59.466]]],[[[160.497,59.542],[160.496,59.541],[160.495,59.541],[160.495,59.542],[160.496,59.542],[160.496,59.543],[160.496,59.544],[160.497,59.545],[160.498,59.545],[160.499,59.545],[160.499,59.545],[160.499,59.544],[160.499,59.544],[160.498,59.543],[160.498,59.542],[160.497,59.542]]],[[[163.193,59.524],[163.192,59.524],[163.192,59.524],[163.191,59.524],[163.191,59.526],[163.192,59.526],[163.192,59.526],[163.191,59.526],[163.191,59.527],[163.192,59.527],[163.192,59.528],[163.192,59.528],[163.192,59.529],[163.193,59.529],[163.194,59.529],[163.194,59.53],[163.194,59.53],[163.195,59.53],[163.195,59.531],[163.194,59.531],[163.194,59.531],[163.195,59.531],[163.195,59.532],[163.196,59.532],[163.196,59.533],[163.195,59.533],[163.195,59.535],[163.196,59.535],[163.196,59.536],[163.196,59.536],[163.196,59.537],[163.197,59.537],[163.197,59.538],[163.197,59.538],[163.197,59.538],[163.197,59.539],[163.197,59.539],[163.197,59.539],[163.199,59.541],[163.199,59.542],[163.2,59.542],[163.2,59.542],[163.201,59.543],[163.201,59.543],[163.202,59.544],[163.202,59.544],[163.203,59.545],[163.203,59.545],[163.202,59.545],[163.202,59.546],[163.203,59.546],[163.203,59.547],[163.203,59.547],[163.203,59.548],[163.204,59.548],[163.204,59.548],[163.204,59.548],[163.204,59.549],[163.205,59.549],[163.205,59.549],[163.206,59.55],[163.206,59.55],[163.206,59.551],[163.206,59.551],[163.206,59.551],[163.206,59.552],[163.206,59.552],[163.206,59.554],[163.207,59.554],[163.207,59.555],[163.206,59.555],[163.206,59.556],[163.207,59.557],[163.207,59.557],[163.207,59.557],[163.207,59.558],[163.208,59.558],[163.211,59.558],[163.211,59.559],[163.212,59.559],[163.214,59.559],[163.214,59.559],[163.215,59.56],[163.215,59.562],[163.215,59.562],[163.216,59.562],[163.217,59.562],[163.217,59.562],[163.218,59.561],[163.218,59.561],[163.218,59.561],[163.218,59.559],[163.219,59.559],[163.219,59.558],[163.219,59.557],[163.219,59.556],[163.219,59.556],[163.219,59.556],[163.218,59.555],[163.218,59.555],[163.217,59.554],[163.217,59.554],[163.218,59.554],[163.218,59.553],[163.217,59.553],[163.218,59.553],[163.218,59.553],[163.217,59.552],[163.217,59.552],[163.217,59.552],[163.217,59.551],[163.216,59.551],[163.216,59.55],[163.216,59.55],[163.216,59.549],[163.215,59.549],[163.215,59.548],[163.215,59.548],[163.214,59.548],[163.214,59.548],[163.213,59.548],[163.213,59.548],[163.213,59.547],[163.213,59.547],[163.212,59.547],[163.212,59.546],[163.212,59.545],[163.212,59.545],[163.212,59.545],[163.212,59.544],[163.212,59.544],[163.212,59.543],[163.212,59.543],[163.211,59.542],[163.211,59.542],[163.211,59.542],[163.211,59.541],[163.209,59.541],[163.209,59.54],[163.209,59.54],[163.209,59.539],[163.208,59.539],[163.208,59.538],[163.208,59.538],[163.208,59.537],[163.205,59.536],[163.205,59.536],[163.204,59.535],[163.204,59.535],[163.203,59.534],[163.203,59.534],[163.202,59.534],[163.202,59.533],[163.199,59.532],[163.199,59.532],[163.199,59.531],[163.199,59.531],[163.198,59.53],[163.198,59.529],[163.197,59.529],[163.197,59.529],[163.196,59.528],[163.196,59.528],[163.197,59.528],[163.196,59.528],[163.196,59.527],[163.196,59.526],[163.196,59.526],[163.195,59.525],[163.195,59.525],[163.193,59.524],[163.193,59.524]]],[[[160.662,59.582],[160.66,59.582],[160.659,59.582],[160.658,59.583],[160.658,59.583],[160.658,59.584],[160.659,59.584],[160.66,59.585],[160.661,59.585],[160.662,59.585],[160.663,59.585],[160.663,59.584],[160.663,59.584],[160.663,59.583],[160.663,59.582],[160.662,59.582]]],[[[164.666,59.627],[164.703,59.593],[164.653,59.6],[164.641,59.621],[164.666,59.627]]],[[[161.401,59.958],[161.401,59.957],[161.399,59.957],[161.398,59.958],[161.398,59.958],[161.398,59.958],[161.399,59.959],[161.4,59.959],[161.401,59.959],[161.402,59.959],[161.402,59.958],[161.401,59.958]]],[[[164,60],[163.999,60],[163.999,60],[164,60]]],[[[166.1,60.426],[166.127,60.432],[166.135,60.433],[166.149,60.434],[166.152,60.432],[166.149,60.429],[166.129,60.429],[166.1,60.426]]],[[[162.176,60.539],[162.168,60.538],[162.159,60.54],[162.162,60.544],[162.17,60.547],[162.174,60.547],[162.174,60.547],[162.178,60.542],[162.176,60.539]]],[[[162.789,60.796],[162.776,60.796],[162.778,60.799],[162.781,60.803],[162.785,60.809],[162.79,60.816],[162.794,60.819],[162.796,60.821],[162.802,60.817],[162.802,60.812],[162.789,60.796]]],[[[163.296,60.852],[163.276,60.849],[163.295,60.87],[163.296,60.852]]],[[[172.494,61.1],[172.475,61.098],[172.467,61.099],[172.471,61.108],[172.489,61.113],[172.497,61.109],[172.5,61.104],[172.494,61.1]]],[[[163.041,61.459],[163.03,61.449],[163.015,61.449],[163.007,61.446],[163.002,61.451],[163.02,61.458],[163.029,61.465],[163.032,61.465],[163.033,61.466],[163.041,61.459]]],[[[163.02,61.485],[163.018,61.479],[163.014,61.48],[163.012,61.483],[163.011,61.484],[163.015,61.488],[163.025,61.491],[163.031,61.489],[163.026,61.487],[163.02,61.485]]],[[[162.66,61.562],[162.516,61.564],[162.578,61.585],[162.66,61.562]]],[[[163.502,62.349],[163.502,62.345],[163.51,62.339],[163.502,62.333],[163.49,62.339],[163.484,62.336],[163.482,62.336],[163.476,62.336],[163.483,62.347],[163.492,62.347],[163.502,62.349]]]]}},{"type":"Feature","properties":{"id":"26","name":"Karachay-Cherkess"},"geometry":{"type":"Polygon","coordinates":[[[42.132,44.345],[42.457,44.301],[42.506,44.239],[42.567,44.218],[42.572,44.268],[42.672,44.263],[42.696,44.277],[42.681,44.324],[42.724,44.331],[42.829,44.216],[42.751,44.199],[42.698,44.152],[42.616,44.144],[42.457,44.047],[42.457,43.979],[42.521,43.966],[42.578,43.915],[42.66,43.91],[42.66,43.983],[42.733,43.97],[42.809,43.877],[42.825,43.775],[42.88,43.75],[42.85,43.749],[42.853,43.666],[42.825,43.643],[42.586,43.539],[42.602,43.439],[42.523,43.359],[42.538,43.303],[42.508,43.258],[42.55,43.185],[42.454,43.213],[42.465,43.24],[42.436,43.254],[42.288,43.208],[42.213,43.23],[42.058,43.194],[41.872,43.247],[41.863,43.216],[41.82,43.204],[41.736,43.233],[41.623,43.224],[41.425,43.306],[41.408,43.361],[41.312,43.334],[41.139,43.395],[41.061,43.382],[40.997,43.432],[40.936,43.426],[40.879,43.485],[40.716,43.531],[40.724,43.731],[40.762,43.76],[40.768,43.829],[40.819,43.911],[40.934,43.944],[40.96,44.007],[40.923,44.07],[40.942,44.095],[41.022,44.117],[41.379,44.047],[41.444,43.962],[41.556,43.947],[41.634,44.055],[41.724,44.055],[41.808,44.187],[41.798,44.274],[41.699,44.35],[41.852,44.411],[41.922,44.474],[41.967,44.475],[42.031,44.466],[42.056,44.4],[42.132,44.345]]]}},{"type":"Feature","properties":{"id":"27","name":"Karelia"},"geometry":{"type":"MultiPolygon","coordinates":[[[[36.771,64.024],[36.76,64.061],[36.788,64.043],[36.771,64.024]]],[[[36.295,64.094],[36.289,64.093],[36.284,64.103],[36.289,64.107],[36.297,64.104],[36.299,64.103],[36.295,64.094]]],[[[36.678,64.099],[36.663,64.097],[36.663,64.1],[36.663,64.1],[36.66,64.102],[36.671,64.104],[36.673,64.11],[36.674,64.109],[36.679,64.109],[36.685,64.106],[36.682,64.101],[36.678,64.099]]],[[[36.743,64.184],[36.743,64.178],[36.725,64.185],[36.729,64.19],[36.735,64.189],[36.743,64.184]]],[[[36.629,64.239],[36.686,64.216],[36.624,64.195],[36.562,64.23],[36.629,64.239]]],[[[36.45,64.289],[36.439,64.289],[36.428,64.292],[36.425,64.295],[36.431,64.296],[36.438,64.292],[36.45,64.289]]],[[[36.4,64.314],[36.416,64.3],[36.379,64.314],[36.4,64.314]]],[[[36.25,64.313],[36.253,64.312],[36.244,64.313],[36.237,64.32],[36.238,64.324],[36.25,64.313]]],[[[35.887,64.3],[35.844,64.32],[35.887,64.321],[35.887,64.3]]],[[[36.463,64.333],[36.477,64.329],[36.487,64.33],[36.491,64.328],[36.491,64.328],[36.488,64.325],[36.481,64.324],[36.471,64.324],[36.461,64.326],[36.456,64.329],[36.456,64.333],[36.463,64.333]]],[[[36.429,64.347],[36.437,64.343],[36.449,64.344],[36.451,64.342],[36.445,64.335],[36.436,64.334],[36.418,64.342],[36.422,64.346],[36.429,64.347]]],[[[36.099,64.352],[36.108,64.35],[36.117,64.352],[36.126,64.35],[36.122,64.347],[36.109,64.346],[36.096,64.349],[36.099,64.352]]],[[[35.999,64.349],[36,64.311],[35.961,64.305],[35.871,64.361],[35.929,64.39],[35.999,64.349]]],[[[35.735,64.393],[35.768,64.384],[35.713,64.389],[35.735,64.393]]],[[[35.292,64.397],[35.311,64.386],[35.276,64.356],[35.223,64.388],[35.292,64.397]]],[[[35.466,64.397],[35.462,64.393],[35.454,64.394],[35.443,64.392],[35.441,64.393],[35.45,64.397],[35.452,64.405],[35.459,64.406],[35.465,64.403],[35.466,64.397]]],[[[35.58,64.403],[35.569,64.396],[35.56,64.395],[35.556,64.391],[35.55,64.391],[35.54,64.396],[35.54,64.396],[35.544,64.4],[35.535,64.404],[35.538,64.406],[35.561,64.401],[35.565,64.403],[35.565,64.406],[35.572,64.408],[35.584,64.407],[35.58,64.403]]],[[[35.021,64.479],[35.015,64.478],[35.001,64.479],[35,64.479],[34.995,64.483],[34.972,64.486],[34.969,64.488],[34.971,64.49],[34.98,64.493],[35,64.493],[35.012,64.493],[35.018,64.493],[35.025,64.492],[35.029,64.491],[35.03,64.488],[35.026,64.485],[35.022,64.484],[35.021,64.479]]],[[[34.985,64.498],[34.957,64.498],[34.949,64.501],[34.949,64.501],[34.952,64.504],[34.952,64.504],[34.985,64.502],[34.988,64.5],[34.985,64.498]]],[[[34.822,64.507],[34.821,64.507],[34.812,64.511],[34.812,64.511],[34.812,64.511],[34.827,64.512],[34.828,64.509],[34.822,64.507]]],[[[35.013,64.653],[35.001,64.648],[35,64.648],[34.995,64.651],[35,64.654],[35.002,64.655],[35.006,64.656],[35.015,64.656],[35.013,64.654],[35.013,64.653]]],[[[34.979,64.713],[34.987,64.71],[35,64.711],[35.006,64.712],[35.014,64.711],[35.01,64.703],[35,64.704],[34.984,64.705],[34.978,64.709],[34.972,64.712],[34.978,64.713],[34.979,64.713]]],[[[35.042,64.74],[35.036,64.733],[35.019,64.734],[35.043,64.745],[35.046,64.743],[35.042,64.74]]],[[[35.092,64.748],[35.08,64.747],[35.067,64.753],[35.08,64.754],[35.091,64.75],[35.092,64.748]]],[[[34.942,64.755],[35.016,64.744],[34.832,64.708],[34.85,64.748],[34.942,64.755]]],[[[35.023,64.755],[35.017,64.754],[35.013,64.756],[35.023,64.762],[35.017,64.769],[35.025,64.771],[35.037,64.77],[35.036,64.767],[35.029,64.759],[35.023,64.755]]],[[[34.872,64.771],[34.878,64.773],[34.878,64.773],[34.878,64.776],[34.879,64.776],[34.883,64.775],[34.882,64.773],[34.881,64.767],[34.874,64.767],[34.873,64.77],[34.873,64.77],[34.872,64.771]]],[[[34.959,64.795],[34.952,64.794],[34.947,64.795],[34.947,64.798],[34.947,64.805],[34.954,64.808],[34.967,64.802],[34.962,64.801],[34.959,64.795],[34.959,64.795]]],[[[34.887,64.917],[34.909,64.909],[34.921,64.908],[34.917,64.903],[34.909,64.905],[34.902,64.903],[34.896,64.909],[34.887,64.91],[34.883,64.913],[34.878,64.913],[34.875,64.916],[34.878,64.917],[34.881,64.918],[34.887,64.917]]],[[[35.155,64.93],[35.158,64.926],[35.152,64.923],[35.132,64.928],[35.125,64.922],[35.125,64.921],[35.119,64.92],[35.113,64.925],[35.097,64.93],[35.1,64.932],[35.097,64.94],[35.102,64.943],[35.125,64.95],[35.132,64.948],[35.142,64.935],[35.155,64.93]]],[[[35.169,64.954],[35.174,64.945],[35.171,64.944],[35.167,64.944],[35.156,64.946],[35.151,64.943],[35.137,64.952],[35.142,64.954],[35.16,64.954],[35.169,64.954]]],[[[35.005,64.949],[35,64.947],[34.992,64.948],[34.981,64.954],[34.984,64.957],[34.985,64.957],[34.989,64.955],[35,64.953],[35.001,64.953],[35.005,64.95],[35.005,64.949]]],[[[35.008,64.959],[35,64.957],[34.992,64.961],[35,64.967],[35.001,64.968],[35.008,64.968],[35.012,64.965],[35.012,64.965],[35.008,64.963],[35.005,64.962],[35.008,64.959]]],[[[35.033,64.99],[35.038,64.979],[35.03,64.98],[35.026,64.985],[35.027,64.99],[35.028,64.99],[35.033,64.99]]],[[[34.842,64.989],[34.844,64.985],[34.84,64.982],[34.827,64.98],[34.818,64.976],[34.815,64.975],[34.807,64.976],[34.805,64.985],[34.81,64.988],[34.823,64.988],[34.836,64.992],[34.841,64.99],[34.842,64.989]]],[[[34.818,65.066],[34.813,65.064],[34.81,65.064],[34.807,65.064],[34.806,65.067],[34.806,65.071],[34.807,65.076],[34.815,65.076],[34.818,65.074],[34.818,65.066]]],[[[34.713,65.115],[34.717,65.11],[34.714,65.108],[34.697,65.102],[34.69,65.103],[34.687,65.105],[34.694,65.113],[34.703,65.112],[34.713,65.115]]],[[[34.722,65.188],[34.718,65.183],[34.72,65.178],[34.709,65.178],[34.715,65.173],[34.71,65.172],[34.707,65.172],[34.705,65.172],[34.695,65.177],[34.664,65.183],[34.662,65.186],[34.672,65.185],[34.697,65.188],[34.703,65.19],[34.705,65.191],[34.722,65.188]]],[[[36.796,65.191],[36.778,65.194],[36.829,65.209],[36.796,65.191]]],[[[34.519,65.322],[34.504,65.318],[34.497,65.32],[34.513,65.325],[34.528,65.326],[34.533,65.325],[34.529,65.323],[34.519,65.322]]],[[[34.894,65.623],[34.89,65.621],[34.882,65.623],[34.865,65.636],[34.869,65.637],[34.871,65.636],[34.878,65.634],[34.894,65.623]]],[[[35.022,65.717],[35.019,65.717],[35,65.718],[34.995,65.718],[34.985,65.722],[35,65.722],[35.018,65.72],[35.022,65.717]]],[[[34.945,65.781],[35.017,65.755],[34.971,65.729],[34.899,65.742],[34.935,65.741],[34.916,65.773],[34.945,65.781]]],[[[34.892,65.792],[34.907,65.764],[34.835,65.754],[34.971,65.715],[34.944,65.71],[34.974,65.709],[34.947,65.68],[34.675,65.79],[34.848,65.792],[34.894,65.818],[34.892,65.792]]],[[[33.919,66.219],[33.904,66.213],[33.906,66.22],[33.912,66.223],[33.922,66.224],[33.924,66.222],[33.919,66.219]]],[[[33.911,66.279],[33.965,66.258],[33.783,66.269],[33.911,66.279]]],[[[33.63,66.311],[33.62,66.31],[33.617,66.313],[33.617,66.313],[33.634,66.316],[33.647,66.315],[33.651,66.313],[33.648,66.311],[33.63,66.311]]],[[[33.471,66.308],[33.45,66.305],[33.434,66.306],[33.418,66.31],[33.42,66.312],[33.429,66.314],[33.466,66.316],[33.486,66.314],[33.483,66.311],[33.471,66.308]]],[[[33.88,66.308],[33.875,66.307],[33.852,66.309],[33.828,66.309],[33.808,66.315],[33.802,66.318],[33.808,66.32],[33.831,66.318],[33.862,66.314],[33.877,66.311],[33.88,66.308]]],[[[33.785,66.321],[33.801,66.311],[33.767,66.294],[33.653,66.302],[33.785,66.321]]],[[[33.807,66.353],[33.862,66.344],[33.808,66.326],[33.807,66.353]]],[[[33.807,66.41],[33.801,66.408],[33.765,66.414],[33.722,66.417],[33.724,66.419],[33.769,66.421],[33.782,66.42],[33.807,66.41]]],[[[33.405,66.471],[33.378,66.469],[33.379,66.481],[33.396,66.48],[33.406,66.475],[33.407,66.472],[33.405,66.471]]],[[[33.43,66.481],[33.425,66.479],[33.392,66.484],[33.388,66.487],[33.4,66.49],[33.4,66.49],[33.422,66.487],[33.43,66.481]]],[[[33.036,66.528],[33.118,66.517],[33.014,66.52],[33.036,66.528]]],[[[33.28,66.615],[33.269,66.612],[33.267,66.618],[33.28,66.615]]],[[[33.402,66.584],[33.384,66.57],[33.422,66.564],[33.423,66.538],[33.531,66.517],[33.058,66.577],[33.224,66.581],[33.198,66.593],[33.231,66.628],[33.402,66.584]]],[[[34.872,64.771],[34.736,64.743],[34.816,64.726],[34.843,64.675],[34.913,64.658],[34.909,64.63],[34.968,64.605],[34.778,64.517],[34.889,64.483],[34.95,64.493],[34.982,64.47],[34.973,64.42],[35.124,64.418],[35.139,64.352],[35.343,64.341],[35.328,64.299],[35.408,64.287],[35.544,64.329],[35.596,64.314],[35.64,64.341],[35.597,64.381],[35.734,64.353],[35.878,64.29],[35.922,64.25],[35.889,64.229],[35.97,64.181],[36.063,64.211],[36.24,64.131],[36.188,64.108],[36.188,64.072],[36.269,64.057],[36.256,64.004],[36.275,64.001],[36.253,64],[36.287,63.979],[36.612,63.942],[36.585,63.905],[36.663,63.78],[36.409,63.618],[35.969,63.63],[36.254,63.45],[36.267,63.369],[36.372,63.32],[36.388,63.288],[36.306,63.239],[36.462,63.25],[36.449,63.213],[36.324,63.139],[36.351,63.025],[36.66,62.824],[37.105,62.699],[37.388,62.722],[37.487,62.705],[37.602,62.622],[37.635,62.532],[37.616,62.451],[37.539,62.337],[37.468,62.335],[37.478,62.294],[37.567,62.243],[37.702,62.254],[37.745,62.233],[37.793,62.146],[37.858,62.104],[37.848,62.052],[37.95,62.014],[37.931,61.979],[37.956,61.942],[37.899,61.908],[37.895,61.853],[37.858,61.825],[37.938,61.786],[37.932,61.765],[37.798,61.69],[37.788,61.55],[37.394,61.524],[37.306,61.545],[37.248,61.593],[37.074,61.631],[36.952,61.605],[36.884,61.548],[36.688,61.584],[36.625,61.56],[36.464,61.414],[35.672,61.201],[35.601,61.238],[35.488,61.169],[35.346,61.208],[35.376,61.302],[35.35,61.315],[35.157,61.259],[34.76,61.346],[34.507,61.247],[34.473,61.156],[34.21,61.273],[34.13,61.255],[33.774,61.276],[33.471,61.196],[33.503,61.156],[33.654,61.098],[33.772,61.131],[33.902,61.103],[33.789,60.967],[33.753,60.948],[33.575,61.005],[33.442,61.012],[33.442,60.968],[33.194,60.867],[33.131,60.777],[32.959,60.761],[32.785,60.646],[32.634,60.652],[30.062,61.14],[29.944,61.143],[29.905,61.171],[29.64,61.188],[29.565,61.245],[29.43,61.272],[29.322,61.336],[29.502,61.453],[29.503,61.489],[29.636,61.501],[29.868,61.685],[30.318,61.938],[30.314,61.966],[30.612,62.143],[30.658,62.206],[30.958,62.317],[30.947,62.341],[31.163,62.453],[31.375,62.663],[31.435,62.78],[31.583,62.914],[31.459,63.033],[31.279,63.113],[31.231,63.226],[30.784,63.409],[30.505,63.462],[29.981,63.754],[30.252,63.824],[30.322,63.903],[30.499,64.016],[30.556,64.112],[30.474,64.197],[30.513,64.219],[30.485,64.255],[30.37,64.277],[30.264,64.337],[30.12,64.359],[30.053,64.404],[30.068,64.46],[30.008,64.557],[30.022,64.593],[30.143,64.653],[30.043,64.728],[30.09,64.777],[29.753,64.789],[29.684,64.82],[29.697,64.835],[29.633,64.89],[29.596,64.99],[29.626,65.06],[29.89,65.103],[29.827,65.138],[29.896,65.195],[29.878,65.213],[29.61,65.251],[29.769,65.334],[29.742,65.466],[29.878,65.565],[29.734,65.628],[30.007,65.69],[30.125,65.666],[30.128,65.735],[30.075,65.905],[29.909,66.139],[29.67,66.292],[29.591,66.426],[29.414,66.587],[29.789,66.621],[31.357,66.651],[31.347,66.632],[31.576,66.626],[31.595,66.522],[31.738,66.497],[31.849,66.381],[32.285,66.375],[32.316,66.394],[32.288,66.446],[32.441,66.424],[32.276,66.482],[32.493,66.491],[32.534,66.528],[32.534,66.591],[32.574,66.602],[33.156,66.548],[33.178,66.536],[32.868,66.525],[33.043,66.504],[33.228,66.525],[33.295,66.504],[33.264,66.498],[33.291,66.475],[33.373,66.458],[33.516,66.442],[33.541,66.474],[33.599,66.474],[33.619,66.467],[33.549,66.45],[33.711,66.409],[33.486,66.378],[33.673,66.333],[33.471,66.328],[33.01,66.254],[33.576,66.307],[33.619,66.298],[33.576,66.271],[33.748,66.272],[33.896,66.231],[33.882,66.196],[34.106,66.224],[34.182,66.187],[34.148,66.162],[34.242,66.175],[34.314,66.144],[34.296,66.132],[34.521,66.077],[34.556,66.053],[34.542,66.04],[34.582,66.047],[34.605,66.007],[34.701,65.982],[34.717,65.961],[34.667,65.957],[34.682,65.938],[34.652,65.921],[34.694,65.914],[34.665,65.9],[34.689,65.869],[34.748,65.894],[34.853,65.859],[34.813,65.847],[34.821,65.824],[34.746,65.816],[34.846,65.799],[34.724,65.811],[34.645,65.782],[34.682,65.777],[34.66,65.758],[34.701,65.727],[34.666,65.692],[34.716,65.708],[34.764,65.688],[34.666,65.661],[34.729,65.659],[34.725,65.633],[34.798,65.587],[34.738,65.589],[34.739,65.527],[34.636,65.488],[34.675,65.437],[34.472,65.429],[34.53,65.4],[34.36,65.407],[34.441,65.366],[34.281,65.371],[34.495,65.328],[34.447,65.308],[34.482,65.288],[34.46,65.268],[34.474,65.243],[34.538,65.25],[34.529,65.213],[34.596,65.223],[34.646,65.194],[34.601,65.192],[34.696,65.15],[34.637,65.14],[34.678,65.116],[34.653,65.099],[34.682,65.077],[34.787,65.07],[34.748,65.034],[34.782,65.028],[34.77,65.001],[34.798,65.012],[34.775,64.99],[34.828,65.016],[34.816,65],[34.679,64.958],[34.772,64.95],[34.956,64.833],[34.872,64.771]]]]}},{"type":"Feature","properties":{"id":"28","name":"Kemerovo"},"geometry":{"type":"Polygon","coordinates":[[[88.637,56.778],[88.686,56.705],[88.673,56.643],[88.534,56.612],[88.499,56.555],[88.615,56.502],[88.598,56.46],[88.667,56.426],[88.719,56.358],[88.875,56.359],[88.931,56.294],[89.071,56.288],[89.114,56.186],[89.255,56.093],[89.247,56.015],[89.337,55.88],[89.439,55.853],[89.41,55.81],[89.423,55.78],[89.265,55.739],[89.193,55.684],[88.918,55.633],[88.628,55.419],[88.573,55.348],[88.475,55.321],[88.549,55.004],[88.652,54.889],[88.765,54.83],[88.729,54.756],[88.633,54.73],[88.593,54.672],[88.547,54.43],[88.379,54.379],[88.593,54.285],[88.658,54.301],[88.729,54.377],[88.852,54.398],[88.895,54.376],[88.907,54.316],[88.968,54.293],[89.134,54.339],[89.187,54.267],[89.203,54.173],[89.064,54.08],[89.03,53.952],[89.158,53.943],[89.224,53.772],[89.029,53.745],[88.936,53.618],[88.83,53.564],[88.813,53.547],[88.849,53.475],[88.772,53.342],[88.787,53.312],[88.876,53.365],[89.001,53.252],[89.031,53.209],[88.952,53.186],[89.047,53.141],[89.056,53.097],[88.939,53.06],[88.915,52.99],[88.951,52.952],[89.015,52.958],[89.092,52.872],[89.193,52.844],[89.221,52.79],[89.155,52.782],[89.118,52.728],[89.034,52.698],[89.017,52.657],[89.044,52.624],[89.127,52.586],[89.073,52.577],[88.92,52.46],[88.684,52.366],[88.7,52.275],[88.454,52.178],[88.422,52.183],[88.416,52.291],[88.446,52.338],[88.399,52.417],[88.283,52.437],[88.166,52.411],[87.917,52.547],[87.854,52.543],[87.702,52.434],[87.634,52.429],[87.32,52.508],[87.337,52.546],[87.296,52.588],[87.163,52.57],[87.115,52.597],[87.115,52.667],[87.082,52.696],[86.99,52.692],[86.945,52.783],[86.947,52.851],[87.027,52.899],[87.008,53.007],[86.698,53.161],[86.628,53.225],[86.65,53.256],[86.847,53.313],[86.903,53.389],[86.904,53.47],[86.514,53.499],[86.453,53.588],[86.356,53.635],[86.271,53.795],[86.186,53.82],[86.161,53.917],[86.11,53.961],[85.914,54.015],[85.902,54.045],[85.81,54.067],[85.762,54.131],[85.517,54.211],[85.39,54.196],[85.19,54.397],[85.086,54.406],[84.974,54.566],[85.05,54.629],[84.935,54.692],[84.954,54.743],[85.032,54.758],[85.079,54.8],[85.038,54.879],[84.878,54.986],[84.93,55.109],[84.874,55.239],[84.896,55.266],[84.882,55.374],[84.64,55.379],[84.786,55.444],[84.774,55.486],[84.819,55.522],[84.815,55.568],[84.778,55.616],[84.66,55.646],[84.568,55.735],[84.593,55.765],[84.531,55.878],[84.575,55.912],[84.539,55.95],[84.551,56.005],[84.459,56.02],[84.805,56.134],[84.957,56.127],[85.259,56.2],[85.63,56.217],[85.574,56.229],[85.534,56.26],[85.542,56.282],[85.755,56.32],[85.805,56.395],[85.998,56.451],[86.08,56.504],[86.158,56.509],[86.193,56.616],[86.233,56.633],[86.428,56.55],[86.609,56.614],[86.813,56.613],[86.782,56.55],[86.812,56.531],[87.144,56.564],[87.176,56.641],[87.366,56.641],[87.356,56.574],[87.578,56.645],[87.609,56.624],[87.626,56.529],[87.852,56.583],[88.411,56.807],[88.544,56.784],[88.614,56.872],[88.646,56.846],[88.637,56.778]]]}},{"type":"Feature","properties":{"id":"29","name":"Khabarovsk"},"geometry":{"type":"MultiPolygon","coordinates":[[[[136.644,45.047],[136.644,45.046],[136.644,45.046],[136.645,45.046],[136.646,45.046],[136.646,45.046],[136.646,45.046],[136.647,45.045],[136.646,45.045],[136.646,45.045],[136.647,45.044],[136.648,45.044],[136.648,45.044],[136.649,45.044],[136.649,45.044],[136.65,45.044],[136.65,45.044],[136.651,45.044],[136.651,45.044],[136.651,45.044],[136.652,45.044],[136.652,45.044],[136.652,45.044],[136.653,45.044],[136.653,45.043],[136.654,45.043],[136.654,45.043],[136.656,45.043],[136.656,45.043],[136.656,45.043],[136.656,45.044],[136.657,45.044],[136.657,45.043],[136.658,45.043],[136.658,45.044],[136.659,45.044],[136.66,45.044],[136.66,45.044],[136.661,45.044],[136.662,45.043],[136.662,45.042],[136.662,45.042],[136.662,45.042],[136.66,45.04],[136.66,45.04],[136.66,45.04],[136.659,45.04],[136.659,45.04],[136.659,45.04],[136.659,45.039],[136.658,45.04],[136.658,45.04],[136.657,45.039],[136.657,45.039],[136.657,45.039],[136.656,45.039],[136.655,45.039],[136.655,45.039],[136.655,45.039],[136.652,45.039],[136.652,45.038],[136.652,45.038],[136.651,45.038],[136.651,45.038],[136.651,45.037],[136.65,45.037],[136.65,45.037],[136.65,45.037],[136.649,45.037],[136.649,45.037],[136.649,45.036],[136.648,45.036],[136.648,45.036],[136.647,45.036],[136.647,45.036],[136.645,45.036],[136.645,45.036],[136.644,45.036],[136.644,45.036],[136.644,45.036],[136.644,45.037],[136.643,45.037],[136.642,45.038],[136.642,45.038],[136.642,45.038],[136.641,45.038],[136.64,45.039],[136.64,45.039],[136.64,45.04],[136.64,45.04],[136.64,45.041],[136.64,45.041],[136.639,45.041],[136.639,45.041],[136.639,45.042],[136.639,45.042],[136.64,45.043],[136.64,45.043],[136.639,45.044],[136.639,45.044],[136.64,45.044],[136.64,45.045],[136.641,45.046],[136.641,45.046],[136.642,45.047],[136.643,45.047],[136.643,45.047],[136.644,45.047]]],[[[140.328,49.052],[140.328,49.052],[140.328,49.052],[140.328,49.052],[140.329,49.052],[140.329,49.052],[140.329,49.052],[140.33,49.053],[140.33,49.053],[140.331,49.054],[140.331,49.054],[140.332,49.054],[140.333,49.053],[140.333,49.053],[140.333,49.052],[140.333,49.052],[140.333,49.052],[140.333,49.051],[140.333,49.051],[140.333,49.05],[140.333,49.05],[140.333,49.05],[140.333,49.049],[140.333,49.049],[140.333,49.049],[140.333,49.048],[140.333,49.048],[140.333,49.047],[140.332,49.047],[140.332,49.047],[140.332,49.046],[140.332,49.046],[140.332,49.045],[140.332,49.045],[140.332,49.045],[140.332,49.044],[140.332,49.044],[140.331,49.044],[140.331,49.043],[140.331,49.043],[140.33,49.043],[140.33,49.043],[140.33,49.042],[140.329,49.042],[140.329,49.042],[140.329,49.042],[140.329,49.041],[140.328,49.041],[140.328,49.041],[140.327,49.041],[140.327,49.041],[140.326,49.041],[140.325,49.041],[140.325,49.041],[140.325,49.041],[140.324,49.041],[140.324,49.041],[140.324,49.041],[140.323,49.04],[140.322,49.041],[140.322,49.04],[140.322,49.04],[140.321,49.04],[140.321,49.039],[140.32,49.039],[140.32,49.039],[140.32,49.039],[140.319,49.038],[140.319,49.038],[140.318,49.038],[140.318,49.038],[140.317,49.037],[140.317,49.037],[140.316,49.037],[140.316,49.037],[140.316,49.037],[140.315,49.037],[140.315,49.036],[140.315,49.036],[140.314,49.036],[140.314,49.036],[140.314,49.036],[140.313,49.035],[140.313,49.035],[140.313,49.035],[140.313,49.035],[140.312,49.034],[140.312,49.034],[140.312,49.034],[140.312,49.034],[140.311,49.033],[140.311,49.033],[140.311,49.033],[140.31,49.033],[140.31,49.032],[140.31,49.032],[140.309,49.032],[140.309,49.031],[140.309,49.031],[140.309,49.031],[140.309,49.031],[140.308,49.03],[140.308,49.03],[140.308,49.03],[140.308,49.03],[140.307,49.03],[140.307,49.029],[140.307,49.029],[140.307,49.029],[140.307,49.028],[140.306,49.028],[140.306,49.027],[140.306,49.027],[140.306,49.027],[140.306,49.026],[140.305,49.026],[140.305,49.026],[140.305,49.025],[140.304,49.025],[140.304,49.025],[140.303,49.025],[140.303,49.025],[140.302,49.025],[140.302,49.025],[140.302,49.025],[140.301,49.025],[140.3,49.025],[140.3,49.025],[140.299,49.026],[140.299,49.026],[140.299,49.026],[140.299,49.027],[140.299,49.028],[140.299,49.029],[140.3,49.029],[140.3,49.029],[140.3,49.03],[140.3,49.03],[140.301,49.031],[140.301,49.031],[140.301,49.031],[140.301,49.031],[140.302,49.031],[140.302,49.032],[140.303,49.032],[140.303,49.033],[140.304,49.033],[140.304,49.033],[140.305,49.033],[140.305,49.033],[140.305,49.034],[140.306,49.034],[140.306,49.034],[140.306,49.034],[140.306,49.035],[140.306,49.035],[140.306,49.036],[140.307,49.036],[140.307,49.037],[140.307,49.037],[140.307,49.038],[140.308,49.038],[140.308,49.039],[140.309,49.038],[140.309,49.038],[140.31,49.039],[140.31,49.039],[140.311,49.039],[140.311,49.04],[140.311,49.04],[140.311,49.04],[140.311,49.04],[140.312,49.041],[140.312,49.041],[140.312,49.041],[140.313,49.041],[140.313,49.042],[140.313,49.042],[140.313,49.042],[140.313,49.042],[140.313,49.043],[140.314,49.043],[140.314,49.043],[140.314,49.044],[140.314,49.044],[140.314,49.044],[140.314,49.045],[140.314,49.045],[140.314,49.046],[140.315,49.046],[140.315,49.046],[140.315,49.047],[140.315,49.047],[140.315,49.047],[140.315,49.048],[140.315,49.048],[140.315,49.049],[140.315,49.049],[140.315,49.049],[140.315,49.05],[140.315,49.051],[140.315,49.051],[140.315,49.051],[140.316,49.051],[140.316,49.051],[140.317,49.051],[140.317,49.051],[140.318,49.051],[140.318,49.05],[140.319,49.05],[140.319,49.05],[140.32,49.05],[140.32,49.05],[140.32,49.05],[140.321,49.051],[140.321,49.051],[140.321,49.051],[140.322,49.051],[140.322,49.052],[140.322,49.052],[140.323,49.052],[140.323,49.053],[140.323,49.053],[140.324,49.053],[140.324,49.053],[140.324,49.054],[140.325,49.054],[140.326,49.054],[140.326,49.053],[140.326,49.053],[140.326,49.053],[140.326,49.052],[140.326,49.052],[140.327,49.052],[140.327,49.052],[140.327,49.052],[140.328,49.052]]],[[[140.35,49.169],[140.351,49.169],[140.35,49.168],[140.35,49.168],[140.349,49.167],[140.349,49.167],[140.348,49.167],[140.347,49.168],[140.347,49.168],[140.348,49.169],[140.349,49.169],[140.35,49.17],[140.351,49.17],[140.35,49.169]]],[[[140.339,49.28],[140.337,49.279],[140.336,49.279],[140.335,49.279],[140.335,49.278],[140.335,49.278],[140.335,49.279],[140.335,49.279],[140.334,49.279],[140.334,49.28],[140.336,49.28],[140.336,49.28],[140.337,49.28],[140.337,49.28],[140.337,49.28],[140.337,49.28],[140.338,49.281],[140.339,49.281],[140.339,49.281],[140.339,49.28],[140.339,49.28]]],[[[140.687,51.326],[140.687,51.326],[140.686,51.327],[140.686,51.327],[140.686,51.328],[140.686,51.328],[140.685,51.329],[140.685,51.329],[140.687,51.329],[140.688,51.329],[140.688,51.329],[140.688,51.328],[140.688,51.328],[140.688,51.328],[140.688,51.327],[140.688,51.327],[140.688,51.327],[140.687,51.326]]],[[[140.877,51.427],[140.878,51.426],[140.878,51.426],[140.879,51.426],[140.879,51.426],[140.88,51.426],[140.882,51.428],[140.883,51.428],[140.884,51.427],[140.884,51.427],[140.885,51.427],[140.886,51.427],[140.886,51.426],[140.889,51.426],[140.89,51.426],[140.891,51.426],[140.891,51.425],[140.891,51.425],[140.89,51.424],[140.889,51.424],[140.888,51.424],[140.887,51.424],[140.887,51.424],[140.885,51.423],[140.882,51.423],[140.882,51.423],[140.881,51.423],[140.881,51.423],[140.88,51.423],[140.879,51.422],[140.878,51.422],[140.877,51.422],[140.876,51.422],[140.875,51.423],[140.875,51.423],[140.874,51.423],[140.874,51.423],[140.872,51.423],[140.872,51.423],[140.871,51.423],[140.871,51.423],[140.87,51.424],[140.87,51.424],[140.87,51.424],[140.87,51.425],[140.871,51.425],[140.871,51.425],[140.871,51.426],[140.872,51.426],[140.872,51.427],[140.872,51.427],[140.872,51.427],[140.872,51.428],[140.871,51.428],[140.871,51.428],[140.871,51.429],[140.87,51.429],[140.87,51.429],[140.87,51.43],[140.869,51.43],[140.868,51.43],[140.868,51.431],[140.867,51.431],[140.867,51.431],[140.867,51.431],[140.864,51.432],[140.864,51.433],[140.864,51.433],[140.864,51.433],[140.863,51.435],[140.863,51.437],[140.863,51.437],[140.864,51.438],[140.865,51.438],[140.868,51.437],[140.869,51.437],[140.871,51.435],[140.871,51.435],[140.871,51.434],[140.871,51.434],[140.871,51.433],[140.871,51.433],[140.872,51.432],[140.872,51.432],[140.872,51.432],[140.872,51.431],[140.873,51.431],[140.873,51.43],[140.873,51.43],[140.873,51.43],[140.873,51.429],[140.874,51.429],[140.874,51.428],[140.875,51.428],[140.876,51.427],[140.876,51.427],[140.877,51.427],[140.877,51.427]]],[[[140.838,51.441],[140.837,51.441],[140.837,51.441],[140.836,51.441],[140.836,51.441],[140.835,51.442],[140.835,51.443],[140.836,51.444],[140.837,51.444],[140.837,51.443],[140.838,51.443],[140.838,51.443],[140.839,51.442],[140.839,51.442],[140.839,51.441],[140.838,51.441]]],[[[140.812,51.463],[140.812,51.463],[140.811,51.463],[140.811,51.464],[140.81,51.465],[140.811,51.465],[140.813,51.466],[140.814,51.467],[140.815,51.467],[140.817,51.467],[140.818,51.466],[140.818,51.466],[140.819,51.466],[140.819,51.465],[140.818,51.465],[140.817,51.465],[140.817,51.464],[140.816,51.464],[140.815,51.464],[140.814,51.464],[140.814,51.464],[140.813,51.463],[140.812,51.463]]],[[[140.818,51.475],[140.817,51.475],[140.817,51.475],[140.816,51.475],[140.815,51.476],[140.815,51.476],[140.814,51.477],[140.814,51.477],[140.813,51.478],[140.813,51.479],[140.815,51.479],[140.817,51.479],[140.817,51.479],[140.818,51.479],[140.819,51.479],[140.82,51.478],[140.82,51.478],[140.82,51.478],[140.819,51.478],[140.818,51.477],[140.818,51.477],[140.819,51.476],[140.819,51.476],[140.818,51.475]]],[[[141.331,51.899],[141.329,51.899],[141.328,51.899],[141.328,51.899],[141.328,51.9],[141.328,51.9],[141.329,51.901],[141.329,51.901],[141.33,51.901],[141.331,51.901],[141.331,51.902],[141.332,51.902],[141.333,51.901],[141.333,51.9],[141.332,51.9],[141.332,51.899],[141.332,51.899],[141.331,51.899],[141.331,51.899]]],[[[141.32,52.289],[141.319,52.289],[141.318,52.289],[141.318,52.289],[141.317,52.289],[141.316,52.289],[141.315,52.289],[141.315,52.289],[141.315,52.29],[141.315,52.29],[141.316,52.291],[141.317,52.291],[141.318,52.291],[141.318,52.291],[141.319,52.291],[141.319,52.291],[141.32,52.29],[141.32,52.29],[141.32,52.289]]],[[[141.207,52.401],[141.207,52.4],[141.208,52.399],[141.208,52.399],[141.208,52.398],[141.208,52.398],[141.208,52.397],[141.209,52.397],[141.21,52.396],[141.21,52.396],[141.21,52.395],[141.21,52.395],[141.211,52.394],[141.212,52.394],[141.212,52.394],[141.212,52.394],[141.213,52.393],[141.213,52.393],[141.214,52.393],[141.215,52.393],[141.216,52.393],[141.216,52.392],[141.217,52.392],[141.217,52.392],[141.217,52.392],[141.217,52.392],[141.218,52.392],[141.218,52.391],[141.218,52.391],[141.219,52.39],[141.219,52.39],[141.219,52.389],[141.219,52.389],[141.219,52.388],[141.219,52.388],[141.219,52.387],[141.218,52.387],[141.217,52.386],[141.216,52.387],[141.215,52.387],[141.214,52.387],[141.213,52.387],[141.213,52.386],[141.212,52.386],[141.212,52.386],[141.211,52.385],[141.211,52.385],[141.21,52.385],[141.21,52.384],[141.209,52.384],[141.209,52.384],[141.208,52.383],[141.207,52.383],[141.207,52.383],[141.206,52.383],[141.205,52.383],[141.204,52.384],[141.204,52.384],[141.203,52.384],[141.202,52.384],[141.202,52.384],[141.201,52.384],[141.201,52.384],[141.2,52.384],[141.199,52.385],[141.199,52.385],[141.198,52.385],[141.198,52.385],[141.198,52.386],[141.199,52.386],[141.199,52.387],[141.2,52.387],[141.2,52.388],[141.2,52.388],[141.2,52.389],[141.2,52.389],[141.2,52.39],[141.2,52.39],[141.2,52.391],[141.2,52.391],[141.201,52.392],[141.201,52.392],[141.2,52.393],[141.2,52.393],[141.2,52.394],[141.2,52.394],[141.199,52.395],[141.198,52.395],[141.198,52.396],[141.197,52.396],[141.197,52.396],[141.197,52.397],[141.197,52.398],[141.197,52.398],[141.198,52.398],[141.198,52.399],[141.197,52.399],[141.196,52.4],[141.196,52.4],[141.197,52.401],[141.199,52.401],[141.2,52.4],[141.201,52.4],[141.201,52.401],[141.202,52.401],[141.203,52.401],[141.204,52.401],[141.205,52.401],[141.206,52.401],[141.207,52.401]]],[[[141.184,52.401],[141.183,52.401],[141.182,52.401],[141.181,52.401],[141.18,52.401],[141.18,52.401],[141.179,52.402],[141.179,52.402],[141.178,52.402],[141.178,52.403],[141.177,52.403],[141.177,52.403],[141.177,52.403],[141.176,52.403],[141.176,52.404],[141.175,52.404],[141.174,52.404],[141.174,52.405],[141.174,52.406],[141.174,52.406],[141.176,52.406],[141.177,52.406],[141.178,52.406],[141.179,52.406],[141.179,52.405],[141.18,52.405],[141.181,52.405],[141.181,52.405],[141.182,52.405],[141.183,52.404],[141.184,52.404],[141.185,52.404],[141.186,52.404],[141.186,52.404],[141.187,52.403],[141.188,52.403],[141.188,52.403],[141.189,52.403],[141.19,52.402],[141.19,52.402],[141.189,52.402],[141.188,52.402],[141.188,52.402],[141.187,52.402],[141.186,52.401],[141.185,52.401],[141.185,52.401],[141.184,52.401]]],[[[141.376,52.434],[141.376,52.434],[141.375,52.435],[141.374,52.435],[141.374,52.436],[141.374,52.436],[141.374,52.437],[141.375,52.437],[141.375,52.437],[141.376,52.437],[141.377,52.437],[141.378,52.437],[141.379,52.437],[141.379,52.436],[141.379,52.436],[141.378,52.435],[141.377,52.435],[141.376,52.434],[141.376,52.434]]],[[[141.382,52.439],[141.382,52.439],[141.381,52.439],[141.381,52.439],[141.38,52.439],[141.38,52.44],[141.38,52.44],[141.38,52.441],[141.38,52.441],[141.379,52.442],[141.38,52.442],[141.38,52.442],[141.38,52.443],[141.38,52.443],[141.379,52.444],[141.379,52.444],[141.379,52.444],[141.379,52.445],[141.379,52.445],[141.379,52.445],[141.379,52.446],[141.379,52.446],[141.38,52.447],[141.38,52.447],[141.381,52.448],[141.381,52.448],[141.381,52.449],[141.381,52.449],[141.382,52.449],[141.382,52.45],[141.382,52.45],[141.383,52.451],[141.383,52.451],[141.384,52.451],[141.384,52.45],[141.385,52.45],[141.385,52.449],[141.386,52.449],[141.386,52.448],[141.386,52.448],[141.386,52.447],[141.386,52.447],[141.387,52.446],[141.387,52.446],[141.387,52.445],[141.387,52.445],[141.386,52.445],[141.386,52.444],[141.386,52.444],[141.386,52.444],[141.386,52.443],[141.386,52.443],[141.387,52.442],[141.386,52.442],[141.386,52.441],[141.385,52.441],[141.385,52.44],[141.384,52.44],[141.384,52.44],[141.384,52.439],[141.384,52.439],[141.383,52.439],[141.382,52.439]]],[[[141.123,52.463],[141.122,52.463],[141.121,52.462],[141.121,52.462],[141.121,52.462],[141.119,52.463],[141.118,52.463],[141.118,52.462],[141.118,52.462],[141.118,52.461],[141.116,52.461],[141.116,52.462],[141.116,52.463],[141.117,52.463],[141.118,52.464],[141.12,52.464],[141.121,52.464],[141.122,52.464],[141.123,52.464],[141.123,52.464],[141.124,52.463],[141.123,52.463]]],[[[141.382,52.467],[141.383,52.467],[141.383,52.467],[141.384,52.467],[141.385,52.467],[141.385,52.466],[141.386,52.466],[141.387,52.466],[141.387,52.466],[141.388,52.466],[141.388,52.466],[141.389,52.466],[141.39,52.465],[141.39,52.465],[141.39,52.464],[141.39,52.464],[141.39,52.464],[141.389,52.463],[141.389,52.463],[141.388,52.463],[141.387,52.462],[141.387,52.462],[141.386,52.462],[141.386,52.462],[141.385,52.461],[141.384,52.461],[141.384,52.461],[141.383,52.461],[141.383,52.461],[141.382,52.461],[141.382,52.461],[141.381,52.461],[141.381,52.461],[141.379,52.461],[141.379,52.461],[141.379,52.461],[141.378,52.462],[141.378,52.462],[141.377,52.462],[141.376,52.462],[141.376,52.462],[141.375,52.462],[141.374,52.461],[141.374,52.461],[141.373,52.461],[141.373,52.46],[141.373,52.46],[141.372,52.459],[141.371,52.46],[141.37,52.459],[141.369,52.459],[141.369,52.459],[141.368,52.458],[141.368,52.457],[141.368,52.457],[141.368,52.456],[141.367,52.456],[141.366,52.455],[141.366,52.455],[141.365,52.454],[141.364,52.454],[141.363,52.454],[141.363,52.454],[141.362,52.455],[141.362,52.454],[141.363,52.454],[141.363,52.454],[141.363,52.453],[141.363,52.453],[141.362,52.453],[141.362,52.453],[141.361,52.453],[141.361,52.454],[141.361,52.454],[141.36,52.454],[141.36,52.454],[141.359,52.455],[141.359,52.455],[141.358,52.456],[141.358,52.456],[141.358,52.456],[141.357,52.456],[141.357,52.456],[141.356,52.456],[141.355,52.456],[141.355,52.456],[141.354,52.456],[141.354,52.456],[141.353,52.456],[141.353,52.456],[141.353,52.456],[141.353,52.457],[141.352,52.456],[141.352,52.456],[141.351,52.456],[141.35,52.456],[141.35,52.457],[141.348,52.457],[141.348,52.457],[141.348,52.457],[141.348,52.457],[141.348,52.457],[141.347,52.457],[141.346,52.457],[141.342,52.457],[141.34,52.457],[141.337,52.457],[141.335,52.457],[141.335,52.456],[141.335,52.455],[141.335,52.454],[141.334,52.454],[141.334,52.454],[141.333,52.454],[141.333,52.453],[141.332,52.453],[141.331,52.453],[141.33,52.454],[141.33,52.454],[141.329,52.455],[141.329,52.456],[141.329,52.456],[141.329,52.456],[141.329,52.457],[141.329,52.457],[141.329,52.457],[141.329,52.458],[141.329,52.458],[141.33,52.459],[141.329,52.459],[141.329,52.46],[141.329,52.46],[141.329,52.461],[141.328,52.461],[141.328,52.462],[141.328,52.462],[141.328,52.463],[141.328,52.463],[141.328,52.464],[141.329,52.464],[141.329,52.464],[141.33,52.465],[141.331,52.464],[141.331,52.465],[141.332,52.465],[141.332,52.465],[141.333,52.465],[141.333,52.466],[141.334,52.466],[141.335,52.466],[141.336,52.466],[141.336,52.465],[141.336,52.464],[141.336,52.464],[141.337,52.464],[141.338,52.464],[141.338,52.464],[141.339,52.464],[141.34,52.464],[141.34,52.464],[141.341,52.463],[141.341,52.463],[141.342,52.463],[141.342,52.463],[141.343,52.463],[141.343,52.463],[141.344,52.464],[141.344,52.464],[141.345,52.464],[141.346,52.464],[141.347,52.464],[141.348,52.464],[141.348,52.464],[141.35,52.464],[141.351,52.464],[141.352,52.464],[141.352,52.465],[141.353,52.465],[141.354,52.465],[141.354,52.465],[141.355,52.465],[141.357,52.466],[141.357,52.466],[141.359,52.467],[141.359,52.467],[141.36,52.467],[141.366,52.467],[141.366,52.467],[141.367,52.467],[141.368,52.467],[141.369,52.467],[141.369,52.467],[141.37,52.467],[141.371,52.468],[141.371,52.468],[141.371,52.468],[141.372,52.469],[141.372,52.469],[141.373,52.469],[141.376,52.469],[141.376,52.469],[141.378,52.469],[141.38,52.468],[141.381,52.468],[141.382,52.467]]],[[[141.124,52.476],[141.122,52.475],[141.121,52.475],[141.12,52.475],[141.12,52.476],[141.12,52.478],[141.119,52.478],[141.12,52.478],[141.12,52.479],[141.121,52.479],[141.121,52.479],[141.122,52.48],[141.123,52.479],[141.124,52.479],[141.124,52.478],[141.124,52.477],[141.124,52.477],[141.124,52.476]]],[[[141.385,52.508],[141.385,52.508],[141.386,52.508],[141.387,52.508],[141.388,52.507],[141.388,52.507],[141.389,52.507],[141.39,52.507],[141.391,52.507],[141.393,52.506],[141.393,52.506],[141.393,52.505],[141.393,52.505],[141.392,52.505],[141.392,52.504],[141.392,52.504],[141.391,52.504],[141.39,52.504],[141.39,52.504],[141.389,52.503],[141.388,52.503],[141.387,52.503],[141.387,52.503],[141.386,52.502],[141.386,52.502],[141.385,52.502],[141.385,52.502],[141.384,52.502],[141.384,52.502],[141.383,52.502],[141.383,52.502],[141.383,52.503],[141.382,52.503],[141.381,52.504],[141.38,52.504],[141.38,52.503],[141.379,52.503],[141.378,52.503],[141.378,52.503],[141.377,52.502],[141.377,52.502],[141.376,52.503],[141.376,52.503],[141.375,52.504],[141.375,52.504],[141.375,52.505],[141.375,52.505],[141.375,52.506],[141.375,52.506],[141.376,52.507],[141.376,52.507],[141.376,52.508],[141.376,52.508],[141.376,52.509],[141.376,52.509],[141.376,52.51],[141.377,52.51],[141.378,52.511],[141.38,52.51],[141.381,52.51],[141.382,52.509],[141.383,52.509],[141.384,52.509],[141.384,52.508],[141.384,52.508],[141.384,52.508],[141.385,52.508]]],[[[141.37,52.509],[141.369,52.509],[141.369,52.509],[141.368,52.51],[141.367,52.51],[141.368,52.511],[141.368,52.511],[141.369,52.511],[141.371,52.511],[141.371,52.51],[141.371,52.51],[141.37,52.509],[141.37,52.509]]],[[[141.361,52.517],[141.362,52.517],[141.363,52.516],[141.363,52.516],[141.364,52.515],[141.364,52.515],[141.364,52.514],[141.363,52.514],[141.363,52.513],[141.362,52.513],[141.361,52.513],[141.361,52.513],[141.36,52.512],[141.359,52.512],[141.358,52.512],[141.357,52.512],[141.356,52.511],[141.356,52.511],[141.355,52.511],[141.354,52.511],[141.354,52.511],[141.353,52.512],[141.352,52.512],[141.352,52.512],[141.352,52.513],[141.351,52.513],[141.351,52.514],[141.35,52.514],[141.35,52.514],[141.349,52.514],[141.348,52.514],[141.347,52.515],[141.347,52.515],[141.347,52.516],[141.347,52.516],[141.347,52.516],[141.348,52.517],[141.35,52.517],[141.351,52.517],[141.352,52.517],[141.353,52.517],[141.353,52.517],[141.354,52.517],[141.354,52.517],[141.355,52.517],[141.355,52.518],[141.356,52.518],[141.357,52.518],[141.357,52.518],[141.358,52.518],[141.359,52.517],[141.36,52.517],[141.361,52.517],[141.361,52.517]]],[[[141.287,52.518],[141.288,52.518],[141.29,52.518],[141.29,52.517],[141.291,52.517],[141.291,52.517],[141.292,52.516],[141.293,52.516],[141.294,52.516],[141.294,52.516],[141.295,52.516],[141.295,52.516],[141.296,52.516],[141.296,52.516],[141.297,52.516],[141.298,52.516],[141.298,52.516],[141.299,52.516],[141.3,52.516],[141.3,52.516],[141.301,52.516],[141.302,52.516],[141.302,52.516],[141.303,52.516],[141.303,52.516],[141.303,52.515],[141.302,52.515],[141.302,52.515],[141.301,52.514],[141.301,52.514],[141.3,52.513],[141.3,52.513],[141.299,52.513],[141.298,52.513],[141.297,52.513],[141.296,52.513],[141.294,52.513],[141.293,52.513],[141.292,52.513],[141.291,52.513],[141.29,52.512],[141.289,52.512],[141.288,52.512],[141.288,52.512],[141.287,52.512],[141.286,52.512],[141.285,52.512],[141.284,52.513],[141.284,52.513],[141.283,52.513],[141.282,52.513],[141.282,52.513],[141.281,52.513],[141.28,52.513],[141.279,52.513],[141.279,52.514],[141.279,52.514],[141.28,52.515],[141.28,52.515],[141.281,52.515],[141.281,52.515],[141.282,52.516],[141.282,52.516],[141.282,52.516],[141.282,52.517],[141.282,52.517],[141.282,52.518],[141.282,52.518],[141.284,52.518],[141.285,52.518],[141.286,52.518],[141.287,52.518],[141.287,52.518]]],[[[141.261,52.517],[141.261,52.517],[141.26,52.518],[141.259,52.518],[141.258,52.519],[141.256,52.52],[141.257,52.52],[141.258,52.52],[141.26,52.519],[141.261,52.519],[141.262,52.519],[141.262,52.518],[141.262,52.518],[141.261,52.517]]],[[[141.202,52.819],[141.201,52.819],[141.201,52.819],[141.2,52.819],[141.199,52.82],[141.199,52.82],[141.199,52.821],[141.199,52.821],[141.2,52.821],[141.202,52.82],[141.203,52.82],[141.204,52.82],[141.204,52.819],[141.203,52.819],[141.202,52.819],[141.202,52.819]]],[[[141.068,52.985],[141.069,52.985],[141.07,52.985],[141.071,52.985],[141.072,52.985],[141.073,52.985],[141.073,52.985],[141.073,52.985],[141.074,52.985],[141.074,52.985],[141.075,52.984],[141.076,52.984],[141.076,52.984],[141.077,52.984],[141.078,52.984],[141.079,52.984],[141.08,52.983],[141.08,52.983],[141.081,52.983],[141.081,52.983],[141.082,52.983],[141.082,52.983],[141.083,52.982],[141.084,52.982],[141.085,52.982],[141.085,52.981],[141.086,52.981],[141.087,52.981],[141.088,52.981],[141.088,52.981],[141.088,52.98],[141.089,52.98],[141.089,52.98],[141.09,52.979],[141.091,52.979],[141.091,52.978],[141.092,52.978],[141.092,52.978],[141.092,52.978],[141.093,52.978],[141.093,52.978],[141.094,52.977],[141.096,52.977],[141.098,52.976],[141.098,52.976],[141.098,52.975],[141.098,52.974],[141.098,52.974],[141.098,52.973],[141.097,52.973],[141.097,52.973],[141.098,52.972],[141.098,52.972],[141.097,52.971],[141.096,52.971],[141.096,52.971],[141.096,52.972],[141.094,52.972],[141.094,52.972],[141.093,52.972],[141.092,52.972],[141.091,52.971],[141.09,52.972],[141.089,52.971],[141.089,52.971],[141.089,52.971],[141.088,52.972],[141.088,52.972],[141.088,52.972],[141.087,52.972],[141.086,52.972],[141.087,52.973],[141.087,52.974],[141.086,52.974],[141.086,52.974],[141.085,52.975],[141.085,52.975],[141.084,52.975],[141.084,52.975],[141.083,52.975],[141.083,52.976],[141.082,52.976],[141.082,52.976],[141.082,52.977],[141.081,52.977],[141.08,52.977],[141.079,52.978],[141.078,52.978],[141.077,52.978],[141.076,52.978],[141.076,52.978],[141.075,52.978],[141.074,52.978],[141.073,52.978],[141.073,52.978],[141.072,52.978],[141.072,52.978],[141.071,52.978],[141.07,52.978],[141.069,52.977],[141.068,52.977],[141.067,52.977],[141.066,52.977],[141.065,52.976],[141.065,52.976],[141.065,52.976],[141.065,52.975],[141.066,52.975],[141.066,52.975],[141.067,52.974],[141.067,52.974],[141.068,52.974],[141.07,52.974],[141.07,52.974],[141.071,52.973],[141.072,52.973],[141.073,52.973],[141.073,52.973],[141.073,52.972],[141.074,52.972],[141.074,52.972],[141.075,52.972],[141.076,52.971],[141.076,52.971],[141.077,52.971],[141.077,52.97],[141.077,52.97],[141.077,52.969],[141.078,52.969],[141.078,52.969],[141.079,52.969],[141.08,52.968],[141.081,52.968],[141.081,52.968],[141.081,52.967],[141.082,52.967],[141.082,52.967],[141.081,52.966],[141.081,52.966],[141.08,52.966],[141.079,52.966],[141.078,52.966],[141.077,52.966],[141.077,52.966],[141.076,52.966],[141.075,52.966],[141.075,52.966],[141.074,52.967],[141.074,52.967],[141.073,52.967],[141.073,52.967],[141.072,52.968],[141.071,52.968],[141.07,52.968],[141.07,52.968],[141.069,52.969],[141.068,52.969],[141.067,52.969],[141.066,52.969],[141.066,52.969],[141.065,52.97],[141.064,52.97],[141.064,52.97],[141.063,52.971],[141.063,52.971],[141.063,52.972],[141.062,52.972],[141.061,52.972],[141.061,52.972],[141.06,52.973],[141.059,52.973],[141.059,52.973],[141.058,52.974],[141.058,52.974],[141.057,52.975],[141.057,52.975],[141.056,52.975],[141.056,52.976],[141.055,52.977],[141.054,52.977],[141.054,52.978],[141.055,52.978],[141.054,52.979],[141.055,52.979],[141.055,52.98],[141.055,52.981],[141.055,52.981],[141.056,52.982],[141.057,52.982],[141.057,52.982],[141.057,52.983],[141.058,52.983],[141.059,52.983],[141.059,52.984],[141.06,52.984],[141.061,52.984],[141.061,52.984],[141.062,52.985],[141.062,52.985],[141.063,52.985],[141.064,52.985],[141.065,52.986],[141.065,52.986],[141.066,52.986],[141.066,52.986],[141.067,52.985],[141.068,52.985],[141.068,52.985]]],[[[141.247,53.063],[141.247,53.063],[141.247,53.062],[141.247,53.062],[141.246,53.061],[141.246,53.061],[141.243,53.063],[141.242,53.063],[141.241,53.063],[141.241,53.064],[141.242,53.064],[141.242,53.065],[141.241,53.065],[141.241,53.065],[141.241,53.066],[141.241,53.066],[141.242,53.067],[141.242,53.068],[141.242,53.068],[141.242,53.068],[141.244,53.069],[141.244,53.069],[141.244,53.068],[141.245,53.068],[141.245,53.066],[141.246,53.065],[141.246,53.063],[141.247,53.063]]],[[[141.284,53.071],[141.289,53.068],[141.289,53.068],[141.291,53.068],[141.292,53.068],[141.293,53.068],[141.294,53.068],[141.294,53.067],[141.295,53.067],[141.296,53.067],[141.296,53.066],[141.296,53.066],[141.295,53.066],[141.294,53.066],[141.291,53.066],[141.29,53.066],[141.289,53.066],[141.289,53.066],[141.288,53.066],[141.287,53.065],[141.286,53.065],[141.286,53.065],[141.283,53.065],[141.282,53.065],[141.281,53.065],[141.28,53.065],[141.279,53.065],[141.279,53.065],[141.278,53.065],[141.275,53.067],[141.275,53.067],[141.274,53.068],[141.274,53.068],[141.274,53.068],[141.274,53.068],[141.273,53.069],[141.273,53.069],[141.273,53.069],[141.273,53.07],[141.274,53.07],[141.274,53.07],[141.276,53.07],[141.277,53.07],[141.277,53.07],[141.278,53.069],[141.278,53.069],[141.279,53.069],[141.28,53.069],[141.281,53.069],[141.282,53.069],[141.283,53.07],[141.284,53.07],[141.284,53.071]]],[[[141.243,53.071],[141.243,53.071],[141.243,53.071],[141.243,53.07],[141.242,53.07],[141.242,53.07],[141.241,53.07],[141.239,53.069],[141.239,53.069],[141.239,53.068],[141.239,53.068],[141.239,53.067],[141.238,53.067],[141.238,53.066],[141.237,53.066],[141.237,53.066],[141.237,53.069],[141.236,53.069],[141.236,53.07],[141.236,53.07],[141.236,53.07],[141.235,53.07],[141.233,53.069],[141.233,53.069],[141.234,53.069],[141.234,53.069],[141.234,53.068],[141.234,53.068],[141.234,53.068],[141.234,53.067],[141.233,53.067],[141.233,53.067],[141.233,53.067],[141.232,53.068],[141.232,53.068],[141.231,53.068],[141.231,53.069],[141.231,53.069],[141.231,53.07],[141.23,53.07],[141.23,53.07],[141.229,53.071],[141.228,53.071],[141.227,53.071],[141.227,53.072],[141.228,53.072],[141.229,53.072],[141.231,53.071],[141.232,53.071],[141.232,53.072],[141.233,53.072],[141.233,53.072],[141.236,53.072],[141.236,53.072],[141.237,53.072],[141.237,53.072],[141.239,53.071],[141.24,53.072],[141.239,53.072],[141.239,53.072],[141.241,53.073],[141.242,53.072],[141.242,53.072],[141.242,53.072],[141.242,53.072],[141.243,53.071]]],[[[141.315,53.077],[141.316,53.076],[141.316,53.076],[141.317,53.076],[141.318,53.076],[141.318,53.076],[141.318,53.074],[141.318,53.074],[141.318,53.073],[141.317,53.073],[141.315,53.073],[141.313,53.072],[141.313,53.072],[141.313,53.072],[141.313,53.071],[141.312,53.071],[141.312,53.071],[141.308,53.069],[141.307,53.069],[141.307,53.069],[141.305,53.07],[141.304,53.07],[141.303,53.07],[141.303,53.07],[141.302,53.07],[141.301,53.07],[141.299,53.071],[141.299,53.071],[141.297,53.069],[141.295,53.069],[141.294,53.07],[141.293,53.07],[141.293,53.069],[141.291,53.069],[141.289,53.07],[141.288,53.07],[141.287,53.071],[141.288,53.071],[141.288,53.073],[141.289,53.074],[141.289,53.074],[141.291,53.075],[141.292,53.075],[141.292,53.075],[141.294,53.075],[141.295,53.075],[141.296,53.075],[141.296,53.075],[141.297,53.075],[141.297,53.075],[141.298,53.075],[141.299,53.075],[141.299,53.075],[141.3,53.075],[141.301,53.075],[141.301,53.075],[141.304,53.073],[141.305,53.073],[141.306,53.073],[141.306,53.073],[141.306,53.074],[141.307,53.074],[141.307,53.074],[141.308,53.074],[141.308,53.074],[141.309,53.074],[141.309,53.074],[141.311,53.074],[141.313,53.075],[141.313,53.076],[141.315,53.077]]],[[[140.845,53.087],[140.856,53.066],[140.825,53.083],[140.845,53.087]]],[[[140.818,53.093],[140.819,53.092],[140.821,53.092],[140.821,53.092],[140.823,53.092],[140.823,53.092],[140.824,53.092],[140.826,53.092],[140.826,53.092],[140.828,53.091],[140.828,53.091],[140.828,53.09],[140.828,53.09],[140.829,53.089],[140.829,53.089],[140.829,53.089],[140.828,53.089],[140.828,53.089],[140.827,53.089],[140.827,53.089],[140.826,53.088],[140.823,53.088],[140.822,53.089],[140.821,53.089],[140.821,53.089],[140.819,53.089],[140.818,53.089],[140.818,53.089],[140.817,53.09],[140.816,53.09],[140.814,53.091],[140.814,53.091],[140.814,53.092],[140.815,53.092],[140.816,53.092],[140.817,53.092],[140.817,53.092],[140.818,53.093],[140.818,53.093]]],[[[141.456,53.149],[141.458,53.148],[141.458,53.147],[141.458,53.147],[141.458,53.145],[141.455,53.144],[141.455,53.143],[141.454,53.143],[141.454,53.143],[141.454,53.143],[141.454,53.142],[141.453,53.142],[141.452,53.142],[141.452,53.141],[141.452,53.141],[141.451,53.141],[141.451,53.14],[141.451,53.14],[141.451,53.139],[141.45,53.139],[141.45,53.138],[141.449,53.138],[141.448,53.138],[141.448,53.138],[141.447,53.138],[141.447,53.138],[141.446,53.137],[141.443,53.137],[141.443,53.137],[141.44,53.137],[141.439,53.136],[141.439,53.137],[141.438,53.137],[141.437,53.137],[141.437,53.137],[141.434,53.137],[141.433,53.138],[141.432,53.138],[141.431,53.138],[141.431,53.139],[141.431,53.139],[141.431,53.139],[141.43,53.14],[141.43,53.141],[141.431,53.141],[141.431,53.141],[141.431,53.143],[141.431,53.143],[141.431,53.143],[141.434,53.145],[141.435,53.145],[141.436,53.146],[141.437,53.146],[141.442,53.148],[141.443,53.148],[141.445,53.147],[141.445,53.147],[141.444,53.147],[141.444,53.146],[141.445,53.146],[141.445,53.145],[141.446,53.144],[141.447,53.145],[141.447,53.145],[141.448,53.145],[141.448,53.146],[141.448,53.146],[141.448,53.146],[141.449,53.147],[141.449,53.147],[141.452,53.149],[141.453,53.149],[141.454,53.149],[141.455,53.149],[141.456,53.149]]],[[[141.423,53.231],[141.422,53.231],[141.421,53.231],[141.421,53.231],[141.421,53.231],[141.42,53.232],[141.42,53.232],[141.42,53.232],[141.421,53.233],[141.422,53.233],[141.423,53.233],[141.424,53.234],[141.424,53.233],[141.425,53.233],[141.425,53.232],[141.424,53.232],[141.423,53.231]]],[[[141.442,53.305],[141.442,53.305],[141.444,53.305],[141.445,53.304],[141.446,53.304],[141.449,53.303],[141.449,53.302],[141.45,53.302],[141.45,53.302],[141.45,53.301],[141.45,53.3],[141.451,53.299],[141.451,53.298],[141.45,53.298],[141.451,53.298],[141.45,53.298],[141.45,53.297],[141.448,53.297],[141.447,53.298],[141.447,53.298],[141.447,53.298],[141.447,53.299],[141.444,53.3],[141.444,53.301],[141.445,53.301],[141.446,53.301],[141.446,53.301],[141.444,53.302],[141.443,53.301],[141.442,53.301],[141.441,53.301],[141.44,53.301],[141.44,53.3],[141.439,53.3],[141.437,53.299],[141.435,53.299],[141.434,53.299],[141.432,53.299],[141.432,53.299],[141.432,53.299],[141.432,53.301],[141.432,53.301],[141.432,53.302],[141.432,53.302],[141.433,53.303],[141.433,53.303],[141.433,53.304],[141.434,53.304],[141.436,53.304],[141.437,53.304],[141.437,53.304],[141.438,53.304],[141.438,53.304],[141.439,53.305],[141.441,53.305],[141.442,53.305]]],[[[141.353,53.353],[141.485,53.298],[141.316,53.343],[141.353,53.353]]],[[[141.221,53.374],[141.221,53.374],[141.22,53.374],[141.219,53.374],[141.217,53.374],[141.217,53.375],[141.217,53.375],[141.217,53.375],[141.217,53.376],[141.216,53.376],[141.217,53.377],[141.218,53.377],[141.219,53.377],[141.22,53.377],[141.221,53.377],[141.221,53.376],[141.222,53.376],[141.223,53.376],[141.222,53.375],[141.222,53.374],[141.222,53.374],[141.221,53.374]]],[[[141.211,53.383],[141.21,53.382],[141.209,53.383],[141.208,53.383],[141.207,53.383],[141.207,53.384],[141.206,53.384],[141.205,53.385],[141.203,53.385],[141.203,53.385],[141.202,53.386],[141.201,53.386],[141.2,53.386],[141.199,53.387],[141.198,53.387],[141.197,53.388],[141.196,53.388],[141.195,53.388],[141.196,53.389],[141.196,53.389],[141.197,53.389],[141.198,53.389],[141.199,53.39],[141.2,53.39],[141.201,53.39],[141.202,53.39],[141.203,53.39],[141.204,53.389],[141.206,53.389],[141.207,53.389],[141.208,53.388],[141.209,53.388],[141.21,53.387],[141.211,53.387],[141.211,53.386],[141.212,53.386],[141.212,53.386],[141.213,53.385],[141.213,53.385],[141.213,53.384],[141.212,53.384],[141.212,53.383],[141.211,53.383]]],[[[141.252,53.408],[141.253,53.408],[141.253,53.408],[141.254,53.407],[141.255,53.407],[141.256,53.406],[141.257,53.406],[141.258,53.406],[141.258,53.406],[141.261,53.405],[141.261,53.404],[141.264,53.403],[141.264,53.403],[141.266,53.402],[141.266,53.402],[141.267,53.402],[141.267,53.401],[141.269,53.401],[141.269,53.401],[141.271,53.4],[141.271,53.4],[141.273,53.399],[141.273,53.399],[141.274,53.399],[141.275,53.399],[141.276,53.398],[141.276,53.398],[141.277,53.398],[141.277,53.398],[141.278,53.398],[141.279,53.398],[141.279,53.397],[141.281,53.397],[141.281,53.397],[141.282,53.397],[141.282,53.397],[141.283,53.397],[141.286,53.396],[141.286,53.395],[141.286,53.395],[141.287,53.395],[141.288,53.395],[141.288,53.395],[141.289,53.394],[141.29,53.394],[141.291,53.394],[141.293,53.394],[141.294,53.393],[141.294,53.393],[141.295,53.393],[141.296,53.392],[141.296,53.392],[141.297,53.392],[141.297,53.392],[141.298,53.391],[141.3,53.391],[141.3,53.39],[141.303,53.389],[141.303,53.389],[141.304,53.389],[141.304,53.389],[141.306,53.388],[141.306,53.388],[141.306,53.388],[141.308,53.388],[141.309,53.387],[141.309,53.386],[141.309,53.386],[141.309,53.385],[141.311,53.385],[141.312,53.385],[141.312,53.384],[141.314,53.383],[141.314,53.383],[141.316,53.383],[141.316,53.382],[141.316,53.382],[141.316,53.381],[141.319,53.38],[141.319,53.38],[141.322,53.379],[141.322,53.379],[141.324,53.377],[141.324,53.377],[141.326,53.376],[141.326,53.376],[141.326,53.376],[141.326,53.376],[141.327,53.375],[141.327,53.375],[141.328,53.374],[141.328,53.374],[141.329,53.374],[141.328,53.373],[141.328,53.373],[141.328,53.373],[141.326,53.372],[141.326,53.372],[141.323,53.373],[141.321,53.373],[141.32,53.373],[141.317,53.375],[141.317,53.375],[141.319,53.376],[141.319,53.376],[141.319,53.376],[141.32,53.377],[141.32,53.377],[141.317,53.379],[141.317,53.379],[141.316,53.378],[141.316,53.377],[141.315,53.377],[141.313,53.377],[141.312,53.377],[141.312,53.379],[141.313,53.38],[141.313,53.38],[141.312,53.38],[141.312,53.381],[141.31,53.382],[141.308,53.382],[141.308,53.383],[141.308,53.383],[141.308,53.384],[141.308,53.384],[141.307,53.385],[141.306,53.385],[141.305,53.385],[141.304,53.385],[141.303,53.385],[141.303,53.386],[141.302,53.387],[141.301,53.387],[141.299,53.388],[141.299,53.388],[141.299,53.388],[141.299,53.388],[141.298,53.389],[141.298,53.389],[141.297,53.389],[141.297,53.389],[141.296,53.389],[141.296,53.389],[141.296,53.388],[141.296,53.388],[141.296,53.388],[141.297,53.387],[141.297,53.387],[141.297,53.386],[141.297,53.386],[141.298,53.386],[141.299,53.385],[141.299,53.385],[141.3,53.385],[141.302,53.384],[141.302,53.384],[141.303,53.383],[141.303,53.383],[141.304,53.382],[141.304,53.382],[141.304,53.382],[141.304,53.381],[141.307,53.38],[141.307,53.379],[141.307,53.379],[141.307,53.379],[141.306,53.378],[141.306,53.378],[141.307,53.377],[141.307,53.377],[141.308,53.377],[141.308,53.376],[141.308,53.375],[141.308,53.375],[141.307,53.374],[141.305,53.374],[141.304,53.374],[141.304,53.375],[141.305,53.375],[141.305,53.375],[141.306,53.376],[141.306,53.376],[141.305,53.376],[141.302,53.378],[141.299,53.378],[141.299,53.377],[141.297,53.378],[141.297,53.378],[141.296,53.379],[141.295,53.379],[141.295,53.379],[141.294,53.379],[141.294,53.38],[141.293,53.381],[141.293,53.381],[141.292,53.381],[141.291,53.381],[141.291,53.381],[141.291,53.382],[141.29,53.382],[141.289,53.381],[141.289,53.381],[141.288,53.382],[141.284,53.382],[141.284,53.382],[141.283,53.382],[141.281,53.383],[141.281,53.383],[141.28,53.384],[141.28,53.384],[141.279,53.385],[141.279,53.385],[141.278,53.386],[141.278,53.386],[141.278,53.386],[141.278,53.387],[141.276,53.388],[141.275,53.388],[141.274,53.389],[141.273,53.389],[141.273,53.389],[141.272,53.389],[141.271,53.389],[141.271,53.389],[141.269,53.39],[141.269,53.391],[141.268,53.391],[141.268,53.391],[141.268,53.391],[141.268,53.392],[141.266,53.393],[141.266,53.393],[141.265,53.393],[141.264,53.393],[141.263,53.393],[141.261,53.394],[141.261,53.396],[141.26,53.396],[141.26,53.396],[141.259,53.396],[141.259,53.397],[141.259,53.397],[141.259,53.397],[141.258,53.397],[141.258,53.398],[141.256,53.399],[141.255,53.399],[141.254,53.399],[141.254,53.4],[141.253,53.4],[141.253,53.4],[141.251,53.399],[141.25,53.399],[141.249,53.399],[141.249,53.399],[141.249,53.4],[141.249,53.4],[141.248,53.401],[141.248,53.401],[141.248,53.401],[141.248,53.401],[141.247,53.402],[141.247,53.402],[141.245,53.403],[141.245,53.404],[141.242,53.405],[141.243,53.406],[141.238,53.408],[141.238,53.409],[141.238,53.409],[141.238,53.409],[141.239,53.409],[141.24,53.41],[141.241,53.41],[141.242,53.41],[141.243,53.411],[141.244,53.411],[141.245,53.411],[141.246,53.41],[141.246,53.41],[141.247,53.41],[141.248,53.409],[141.248,53.409],[141.249,53.409],[141.249,53.409],[141.25,53.408],[141.252,53.408],[141.252,53.408],[141.252,53.408]]],[[[141.079,53.448],[141.08,53.447],[141.081,53.447],[141.082,53.447],[141.082,53.447],[141.082,53.446],[141.082,53.446],[141.083,53.446],[141.083,53.445],[141.081,53.444],[141.081,53.444],[141.079,53.443],[141.079,53.443],[141.079,53.443],[141.078,53.443],[141.078,53.442],[141.077,53.442],[141.076,53.441],[141.076,53.441],[141.075,53.441],[141.074,53.44],[141.074,53.44],[141.074,53.44],[141.073,53.439],[141.072,53.439],[141.072,53.439],[141.071,53.439],[141.07,53.44],[141.069,53.44],[141.069,53.441],[141.069,53.441],[141.07,53.441],[141.07,53.442],[141.07,53.442],[141.07,53.443],[141.071,53.443],[141.072,53.444],[141.072,53.444],[141.072,53.445],[141.073,53.446],[141.073,53.446],[141.074,53.446],[141.074,53.447],[141.076,53.447],[141.078,53.447],[141.078,53.447],[141.078,53.448],[141.079,53.448]]],[[[141.111,53.448],[141.113,53.447],[141.114,53.447],[141.114,53.447],[141.115,53.447],[141.115,53.447],[141.116,53.446],[141.118,53.445],[141.118,53.445],[141.119,53.445],[141.12,53.445],[141.121,53.444],[141.121,53.444],[141.122,53.444],[141.123,53.444],[141.123,53.444],[141.124,53.444],[141.126,53.444],[141.126,53.443],[141.128,53.442],[141.129,53.442],[141.129,53.442],[141.132,53.442],[141.132,53.442],[141.133,53.442],[141.134,53.441],[141.134,53.442],[141.139,53.441],[141.139,53.441],[141.14,53.441],[141.141,53.441],[141.142,53.441],[141.142,53.441],[141.143,53.441],[141.143,53.441],[141.144,53.441],[141.145,53.441],[141.145,53.441],[141.147,53.441],[141.147,53.441],[141.149,53.441],[141.15,53.441],[141.151,53.441],[141.156,53.441],[141.157,53.441],[141.158,53.441],[141.16,53.441],[141.162,53.441],[141.164,53.441],[141.165,53.44],[141.167,53.44],[141.169,53.44],[141.169,53.44],[141.17,53.44],[141.173,53.44],[141.173,53.439],[141.174,53.439],[141.174,53.439],[141.175,53.439],[141.177,53.438],[141.177,53.438],[141.178,53.438],[141.178,53.438],[141.18,53.437],[141.181,53.437],[141.182,53.437],[141.182,53.437],[141.188,53.434],[141.188,53.434],[141.189,53.434],[141.189,53.433],[141.189,53.433],[141.191,53.432],[141.192,53.432],[141.192,53.432],[141.193,53.432],[141.193,53.431],[141.194,53.431],[141.197,53.43],[141.198,53.429],[141.198,53.429],[141.201,53.428],[141.202,53.428],[141.203,53.427],[141.203,53.427],[141.206,53.426],[141.206,53.424],[141.207,53.424],[141.208,53.424],[141.21,53.423],[141.211,53.423],[141.212,53.423],[141.212,53.422],[141.212,53.423],[141.214,53.422],[141.214,53.422],[141.215,53.422],[141.216,53.422],[141.217,53.421],[141.218,53.422],[141.219,53.421],[141.219,53.421],[141.22,53.421],[141.221,53.421],[141.222,53.42],[141.222,53.42],[141.223,53.42],[141.223,53.42],[141.223,53.419],[141.223,53.418],[141.224,53.418],[141.224,53.417],[141.226,53.417],[141.226,53.416],[141.227,53.416],[141.228,53.416],[141.23,53.415],[141.231,53.415],[141.232,53.415],[141.232,53.415],[141.233,53.414],[141.233,53.414],[141.232,53.414],[141.233,53.414],[141.233,53.413],[141.234,53.412],[141.234,53.412],[141.235,53.412],[141.235,53.41],[141.235,53.41],[141.234,53.41],[141.233,53.41],[141.232,53.41],[141.231,53.41],[141.231,53.409],[141.227,53.411],[141.226,53.411],[141.224,53.412],[141.224,53.412],[141.223,53.412],[141.222,53.412],[141.222,53.413],[141.221,53.413],[141.221,53.412],[141.22,53.412],[141.219,53.413],[141.218,53.413],[141.218,53.413],[141.215,53.413],[141.213,53.414],[141.213,53.414],[141.212,53.414],[141.212,53.414],[141.211,53.414],[141.211,53.414],[141.209,53.414],[141.209,53.414],[141.209,53.415],[141.21,53.415],[141.21,53.416],[141.211,53.416],[141.211,53.416],[141.21,53.416],[141.21,53.417],[141.211,53.417],[141.211,53.417],[141.211,53.418],[141.209,53.419],[141.208,53.419],[141.207,53.419],[141.207,53.42],[141.207,53.42],[141.207,53.421],[141.206,53.421],[141.206,53.421],[141.206,53.421],[141.206,53.421],[141.205,53.421],[141.204,53.421],[141.203,53.421],[141.203,53.42],[141.203,53.42],[141.203,53.42],[141.202,53.419],[141.203,53.419],[141.204,53.419],[141.204,53.419],[141.206,53.419],[141.206,53.418],[141.204,53.417],[141.204,53.417],[141.204,53.417],[141.202,53.417],[141.202,53.417],[141.199,53.417],[141.199,53.417],[141.199,53.418],[141.2,53.418],[141.199,53.419],[141.199,53.42],[141.198,53.42],[141.199,53.421],[141.197,53.422],[141.196,53.422],[141.196,53.422],[141.194,53.422],[141.193,53.421],[141.193,53.419],[141.193,53.419],[141.195,53.419],[141.196,53.419],[141.196,53.419],[141.197,53.419],[141.197,53.419],[141.196,53.418],[141.195,53.418],[141.194,53.418],[141.194,53.418],[141.193,53.417],[141.192,53.417],[141.192,53.417],[141.19,53.417],[141.189,53.417],[141.189,53.418],[141.188,53.418],[141.188,53.418],[141.189,53.418],[141.189,53.419],[141.189,53.419],[141.188,53.419],[141.188,53.419],[141.188,53.42],[141.188,53.42],[141.188,53.421],[141.188,53.422],[141.188,53.422],[141.188,53.423],[141.187,53.423],[141.187,53.423],[141.187,53.424],[141.187,53.424],[141.187,53.424],[141.187,53.425],[141.186,53.425],[141.186,53.426],[141.186,53.426],[141.186,53.426],[141.185,53.427],[141.185,53.427],[141.183,53.428],[141.183,53.428],[141.182,53.429],[141.181,53.429],[141.181,53.429],[141.175,53.43],[141.174,53.43],[141.174,53.431],[141.173,53.431],[141.173,53.431],[141.167,53.433],[141.166,53.434],[141.166,53.434],[141.166,53.434],[141.166,53.435],[141.166,53.435],[141.164,53.436],[141.164,53.436],[141.163,53.436],[141.163,53.436],[141.162,53.435],[141.161,53.436],[141.16,53.436],[141.159,53.436],[141.158,53.436],[141.158,53.436],[141.157,53.436],[141.156,53.436],[141.156,53.436],[141.154,53.435],[141.154,53.436],[141.153,53.436],[141.153,53.436],[141.152,53.436],[141.148,53.438],[141.147,53.438],[141.147,53.438],[141.146,53.438],[141.145,53.439],[141.144,53.439],[141.144,53.439],[141.142,53.439],[141.141,53.439],[141.14,53.439],[141.139,53.439],[141.139,53.439],[141.138,53.439],[141.137,53.439],[141.137,53.44],[141.135,53.44],[141.134,53.44],[141.134,53.44],[141.133,53.44],[141.133,53.44],[141.132,53.441],[141.13,53.441],[141.129,53.441],[141.129,53.441],[141.128,53.441],[141.126,53.441],[141.126,53.442],[141.125,53.442],[141.124,53.442],[141.123,53.442],[141.123,53.442],[141.122,53.442],[141.122,53.443],[141.121,53.443],[141.121,53.443],[141.12,53.443],[141.119,53.443],[141.119,53.443],[141.115,53.445],[141.114,53.445],[141.114,53.445],[141.112,53.445],[141.111,53.446],[141.111,53.446],[141.109,53.447],[141.109,53.448],[141.11,53.448],[141.111,53.448],[141.111,53.448]]],[[[137.496,53.653],[137.496,53.653],[137.495,53.653],[137.495,53.654],[137.496,53.654],[137.496,53.654],[137.496,53.655],[137.497,53.655],[137.497,53.655],[137.498,53.656],[137.498,53.656],[137.499,53.656],[137.499,53.656],[137.499,53.655],[137.498,53.655],[137.498,53.654],[137.498,53.654],[137.498,53.654],[137.497,53.653],[137.496,53.653]]],[[[137.413,54.074],[137.412,54.074],[137.412,54.074],[137.411,54.074],[137.411,54.075],[137.41,54.075],[137.41,54.075],[137.411,54.076],[137.412,54.076],[137.412,54.077],[137.413,54.077],[137.414,54.077],[137.415,54.077],[137.416,54.078],[137.417,54.078],[137.418,54.078],[137.418,54.077],[137.417,54.077],[137.417,54.077],[137.417,54.076],[137.416,54.076],[137.416,54.076],[137.415,54.075],[137.414,54.075],[137.414,54.074],[137.413,54.074]]],[[[137.431,54.081],[137.431,54.081],[137.43,54.081],[137.43,54.081],[137.429,54.081],[137.43,54.082],[137.43,54.083],[137.431,54.083],[137.433,54.083],[137.434,54.083],[137.434,54.084],[137.435,54.084],[137.435,54.084],[137.436,54.084],[137.436,54.084],[137.437,54.085],[137.437,54.085],[137.438,54.085],[137.439,54.085],[137.44,54.085],[137.44,54.085],[137.44,54.084],[137.439,54.084],[137.439,54.084],[137.439,54.083],[137.438,54.083],[137.437,54.083],[137.436,54.083],[137.435,54.082],[137.435,54.082],[137.434,54.082],[137.433,54.081],[137.431,54.081]]],[[[137.446,54.143],[137.446,54.143],[137.445,54.143],[137.445,54.143],[137.445,54.144],[137.445,54.144],[137.445,54.144],[137.445,54.144],[137.446,54.145],[137.446,54.145],[137.447,54.145],[137.447,54.144],[137.447,54.144],[137.447,54.143],[137.446,54.143]]],[[[137.817,54.353],[137.817,54.351],[137.817,54.35],[137.819,54.348],[137.82,54.347],[137.821,54.346],[137.823,54.344],[137.824,54.344],[137.824,54.343],[137.824,54.343],[137.822,54.342],[137.821,54.342],[137.821,54.342],[137.82,54.342],[137.819,54.342],[137.819,54.342],[137.818,54.342],[137.817,54.342],[137.817,54.342],[137.815,54.342],[137.813,54.342],[137.811,54.344],[137.81,54.344],[137.809,54.344],[137.809,54.344],[137.808,54.344],[137.807,54.343],[137.807,54.343],[137.806,54.343],[137.806,54.343],[137.807,54.342],[137.806,54.342],[137.806,54.342],[137.805,54.341],[137.805,54.341],[137.805,54.341],[137.805,54.341],[137.804,54.341],[137.804,54.34],[137.804,54.34],[137.803,54.34],[137.803,54.34],[137.802,54.339],[137.801,54.339],[137.801,54.339],[137.8,54.339],[137.8,54.339],[137.799,54.339],[137.798,54.338],[137.798,54.338],[137.797,54.338],[137.796,54.338],[137.796,54.338],[137.795,54.338],[137.794,54.338],[137.794,54.338],[137.793,54.338],[137.792,54.338],[137.791,54.338],[137.791,54.338],[137.79,54.338],[137.789,54.338],[137.789,54.339],[137.788,54.339],[137.788,54.339],[137.787,54.34],[137.787,54.34],[137.786,54.34],[137.785,54.34],[137.785,54.341],[137.785,54.342],[137.785,54.343],[137.786,54.344],[137.786,54.344],[137.787,54.344],[137.789,54.344],[137.789,54.344],[137.791,54.344],[137.792,54.344],[137.793,54.344],[137.794,54.344],[137.795,54.343],[137.796,54.343],[137.796,54.343],[137.798,54.343],[137.8,54.344],[137.8,54.345],[137.801,54.346],[137.801,54.346],[137.801,54.347],[137.799,54.347],[137.799,54.348],[137.799,54.348],[137.799,54.349],[137.799,54.349],[137.8,54.349],[137.801,54.35],[137.802,54.35],[137.803,54.351],[137.805,54.352],[137.806,54.352],[137.809,54.352],[137.811,54.352],[137.812,54.352],[137.812,54.353],[137.813,54.353],[137.814,54.354],[137.816,54.354],[137.817,54.353]]],[[[139.781,54.355],[139.809,54.35],[139.754,54.34],[139.781,54.355]]],[[[137.844,54.368],[137.844,54.368],[137.844,54.367],[137.843,54.367],[137.842,54.367],[137.841,54.367],[137.84,54.368],[137.839,54.368],[137.839,54.368],[137.837,54.368],[137.836,54.368],[137.836,54.369],[137.836,54.369],[137.836,54.369],[137.837,54.37],[137.838,54.37],[137.839,54.37],[137.84,54.37],[137.841,54.369],[137.842,54.369],[137.843,54.369],[137.844,54.368]]],[[[137.989,54.457],[137.988,54.457],[137.987,54.457],[137.987,54.457],[137.986,54.457],[137.986,54.458],[137.985,54.459],[137.985,54.46],[137.986,54.46],[137.987,54.461],[137.988,54.461],[137.99,54.461],[137.99,54.462],[137.991,54.462],[137.992,54.462],[137.993,54.462],[137.993,54.462],[137.993,54.461],[137.993,54.46],[137.993,54.46],[137.994,54.459],[137.993,54.459],[137.993,54.458],[137.993,54.458],[137.992,54.458],[137.992,54.458],[137.991,54.457],[137.991,54.457],[137.99,54.457],[137.989,54.457]]],[[[137.921,54.49],[137.955,54.461],[137.856,54.441],[137.811,54.375],[137.712,54.357],[137.823,54.43],[137.841,54.484],[137.921,54.49]]],[[[137.623,54.556],[137.662,54.488],[137.605,54.431],[137.657,54.381],[137.616,54.402],[137.574,54.383],[137.539,54.404],[137.592,54.452],[137.554,54.508],[137.623,54.556]]],[[[137.08,54.613],[137.081,54.613],[137.084,54.613],[137.085,54.614],[137.085,54.614],[137.086,54.614],[137.087,54.614],[137.088,54.614],[137.089,54.614],[137.089,54.614],[137.089,54.614],[137.09,54.614],[137.09,54.614],[137.091,54.613],[137.092,54.614],[137.093,54.615],[137.094,54.615],[137.095,54.614],[137.095,54.614],[137.096,54.614],[137.096,54.613],[137.095,54.613],[137.094,54.613],[137.093,54.612],[137.093,54.612],[137.092,54.612],[137.092,54.611],[137.091,54.611],[137.091,54.611],[137.09,54.61],[137.09,54.61],[137.089,54.61],[137.089,54.61],[137.089,54.609],[137.088,54.609],[137.088,54.609],[137.088,54.609],[137.088,54.609],[137.087,54.608],[137.087,54.608],[137.087,54.608],[137.086,54.608],[137.086,54.607],[137.086,54.607],[137.085,54.607],[137.085,54.607],[137.085,54.606],[137.084,54.606],[137.084,54.606],[137.083,54.605],[137.083,54.605],[137.082,54.604],[137.082,54.604],[137.082,54.604],[137.082,54.603],[137.082,54.603],[137.082,54.602],[137.081,54.602],[137.081,54.601],[137.081,54.601],[137.081,54.601],[137.081,54.6],[137.081,54.6],[137.081,54.6],[137.081,54.599],[137.08,54.599],[137.08,54.599],[137.079,54.598],[137.079,54.598],[137.079,54.598],[137.078,54.597],[137.078,54.597],[137.078,54.597],[137.078,54.596],[137.077,54.596],[137.076,54.596],[137.076,54.596],[137.075,54.596],[137.075,54.596],[137.074,54.596],[137.073,54.596],[137.073,54.595],[137.072,54.595],[137.071,54.595],[137.07,54.595],[137.07,54.596],[137.07,54.597],[137.069,54.598],[137.067,54.598],[137.067,54.599],[137.066,54.599],[137.065,54.599],[137.064,54.599],[137.063,54.6],[137.063,54.6],[137.063,54.601],[137.063,54.601],[137.062,54.601],[137.061,54.602],[137.06,54.602],[137.059,54.602],[137.06,54.603],[137.06,54.603],[137.06,54.603],[137.061,54.604],[137.06,54.604],[137.06,54.605],[137.061,54.606],[137.061,54.607],[137.062,54.607],[137.064,54.608],[137.066,54.609],[137.066,54.609],[137.067,54.609],[137.068,54.609],[137.068,54.61],[137.069,54.61],[137.07,54.61],[137.07,54.61],[137.071,54.61],[137.071,54.61],[137.072,54.611],[137.073,54.611],[137.073,54.611],[137.075,54.612],[137.076,54.613],[137.076,54.614],[137.076,54.614],[137.077,54.615],[137.078,54.615],[137.079,54.614],[137.079,54.614],[137.08,54.613],[137.08,54.613]]],[[[139.262,54.594],[139.211,54.585],[139.278,54.616],[139.262,54.594]]],[[[137.188,54.683],[137.186,54.682],[137.186,54.683],[137.186,54.684],[137.187,54.685],[137.187,54.686],[137.188,54.687],[137.189,54.688],[137.192,54.688],[137.194,54.688],[137.197,54.689],[137.2,54.689],[137.202,54.689],[137.202,54.689],[137.203,54.688],[137.201,54.687],[137.199,54.686],[137.197,54.685],[137.195,54.685],[137.193,54.685],[137.189,54.685],[137.189,54.684],[137.189,54.684],[137.188,54.683]]],[[[137.209,54.69],[137.207,54.69],[137.207,54.69],[137.207,54.691],[137.208,54.691],[137.209,54.692],[137.21,54.693],[137.211,54.693],[137.212,54.693],[137.212,54.693],[137.212,54.692],[137.211,54.691],[137.21,54.691],[137.209,54.69]]],[[[136.289,54.696],[136.333,54.697],[136.332,54.66],[136.361,54.646],[136.467,54.64],[136.291,54.649],[136.256,54.682],[136.289,54.696]]],[[[138.216,54.724],[138.246,54.711],[138.181,54.712],[138.216,54.724]]],[[[135.289,54.734],[135.289,54.733],[135.288,54.733],[135.288,54.733],[135.288,54.732],[135.288,54.732],[135.288,54.732],[135.288,54.732],[135.287,54.732],[135.286,54.732],[135.286,54.732],[135.285,54.732],[135.285,54.732],[135.284,54.731],[135.284,54.731],[135.284,54.731],[135.283,54.732],[135.282,54.732],[135.281,54.732],[135.281,54.732],[135.281,54.732],[135.281,54.732],[135.282,54.733],[135.282,54.733],[135.283,54.733],[135.283,54.733],[135.283,54.734],[135.285,54.734],[135.285,54.734],[135.285,54.733],[135.286,54.733],[135.287,54.733],[135.287,54.734],[135.287,54.734],[135.288,54.734],[135.289,54.734]]],[[[135.295,54.735],[135.296,54.735],[135.297,54.735],[135.297,54.735],[135.296,54.735],[135.296,54.735],[135.295,54.735],[135.295,54.734],[135.295,54.734],[135.294,54.734],[135.294,54.733],[135.294,54.733],[135.294,54.733],[135.294,54.733],[135.293,54.733],[135.293,54.733],[135.293,54.733],[135.293,54.733],[135.292,54.733],[135.292,54.734],[135.292,54.734],[135.292,54.734],[135.292,54.735],[135.292,54.735],[135.292,54.735],[135.292,54.736],[135.293,54.736],[135.294,54.736],[135.294,54.736],[135.295,54.736],[135.295,54.736],[135.295,54.735]]],[[[136.357,54.789],[136.356,54.789],[136.355,54.789],[136.354,54.789],[136.354,54.79],[136.354,54.79],[136.354,54.791],[136.356,54.793],[136.357,54.793],[136.358,54.793],[136.36,54.794],[136.362,54.795],[136.363,54.795],[136.365,54.795],[136.365,54.794],[136.365,54.794],[136.364,54.793],[136.364,54.793],[136.363,54.792],[136.362,54.792],[136.362,54.792],[136.361,54.791],[136.361,54.791],[136.362,54.79],[136.361,54.79],[136.361,54.79],[136.36,54.789],[136.359,54.789],[136.358,54.789],[136.358,54.789],[136.357,54.789]]],[[[136.316,54.82],[136.316,54.82],[136.314,54.821],[136.312,54.821],[136.311,54.821],[136.309,54.822],[136.31,54.823],[136.311,54.824],[136.313,54.824],[136.314,54.825],[136.315,54.825],[136.315,54.824],[136.316,54.824],[136.316,54.824],[136.316,54.824],[136.317,54.824],[136.317,54.823],[136.318,54.823],[136.319,54.822],[136.319,54.822],[136.318,54.821],[136.318,54.821],[136.317,54.821],[136.317,54.821],[136.317,54.821],[136.316,54.82]]],[[[136.931,54.911],[136.931,54.91],[136.931,54.909],[136.931,54.909],[136.931,54.909],[136.93,54.909],[136.93,54.908],[136.93,54.908],[136.93,54.907],[136.93,54.907],[136.93,54.906],[136.93,54.906],[136.93,54.905],[136.93,54.905],[136.93,54.904],[136.93,54.904],[136.929,54.903],[136.929,54.903],[136.929,54.902],[136.929,54.902],[136.928,54.902],[136.927,54.902],[136.927,54.902],[136.927,54.902],[136.926,54.902],[136.925,54.902],[136.925,54.902],[136.923,54.903],[136.922,54.903],[136.921,54.903],[136.918,54.904],[136.918,54.904],[136.918,54.905],[136.918,54.905],[136.919,54.905],[136.92,54.905],[136.921,54.905],[136.922,54.905],[136.922,54.906],[136.922,54.906],[136.922,54.906],[136.923,54.907],[136.923,54.907],[136.923,54.907],[136.923,54.908],[136.924,54.908],[136.924,54.908],[136.924,54.908],[136.924,54.909],[136.925,54.909],[136.925,54.91],[136.926,54.91],[136.926,54.911],[136.927,54.911],[136.927,54.911],[136.927,54.911],[136.928,54.911],[136.929,54.912],[136.93,54.912],[136.93,54.911],[136.931,54.911]]],[[[136.777,54.91],[136.777,54.91],[136.776,54.91],[136.775,54.91],[136.775,54.911],[136.775,54.911],[136.775,54.911],[136.776,54.912],[136.777,54.912],[136.778,54.912],[136.779,54.912],[136.78,54.912],[136.781,54.912],[136.782,54.912],[136.782,54.911],[136.782,54.911],[136.781,54.911],[136.781,54.91],[136.78,54.91],[136.779,54.91],[136.779,54.91],[136.778,54.91],[136.777,54.91]]],[[[136.523,54.961],[136.567,54.95],[136.498,54.958],[136.523,54.961]]],[[[137.881,54.982],[137.882,54.981],[137.881,54.98],[137.881,54.979],[137.88,54.979],[137.88,54.98],[137.88,54.981],[137.88,54.981],[137.878,54.981],[137.878,54.982],[137.877,54.982],[137.877,54.982],[137.877,54.983],[137.879,54.983],[137.879,54.983],[137.881,54.983],[137.881,54.982]]],[[[138.364,55.096],[138.426,55.087],[138.417,55.048],[138.324,55.059],[138.364,55.096]]],[[[137.171,55.119],[137.196,55.109],[137.056,54.98],[137.091,54.946],[137.062,54.915],[136.941,54.914],[136.943,54.945],[136.9,54.961],[136.827,54.925],[136.761,54.931],[136.779,54.895],[136.76,54.882],[136.673,54.898],[136.682,54.95],[136.785,55.013],[137.017,55.107],[137.171,55.119]]],[[[137.935,55.139],[137.934,55.139],[137.933,55.139],[137.933,55.14],[137.933,55.14],[137.933,55.14],[137.934,55.141],[137.935,55.141],[137.935,55.141],[137.936,55.141],[137.936,55.141],[137.936,55.14],[137.936,55.14],[137.935,55.14],[137.935,55.139]]],[[[137.645,55.187],[137.761,55.142],[137.922,55.144],[138.051,55.056],[137.977,55.081],[137.879,54.978],[138.043,55.053],[138.221,55.024],[138.179,54.994],[138.122,55.001],[137.998,54.921],[138.011,54.808],[137.987,54.772],[137.887,54.757],[137.712,54.616],[137.663,54.644],[137.603,54.763],[137.555,54.772],[137.487,54.873],[137.235,54.762],[137.303,54.906],[137.481,55.034],[137.552,55.178],[137.645,55.187]]],[[[143.385,56.407],[143.385,56.407],[143.386,56.407],[143.387,56.407],[143.388,56.407],[143.388,56.406],[143.388,56.406],[143.389,56.405],[143.389,56.405],[143.39,56.405],[143.39,56.404],[143.39,56.404],[143.39,56.404],[143.39,56.403],[143.389,56.403],[143.389,56.403],[143.389,56.403],[143.388,56.403],[143.387,56.403],[143.386,56.403],[143.385,56.403],[143.384,56.403],[143.384,56.404],[143.384,56.404],[143.383,56.404],[143.383,56.404],[143.383,56.404],[143.383,56.404],[143.383,56.404],[143.383,56.405],[143.383,56.405],[143.383,56.406],[143.383,56.407],[143.385,56.407]]],[[[138.389,56.698],[138.387,56.698],[138.385,56.698],[138.385,56.698],[138.385,56.7],[138.388,56.702],[138.389,56.702],[138.39,56.702],[138.391,56.702],[138.391,56.7],[138.391,56.7],[138.389,56.698]]],[[[139,57],[138.999,57],[138.999,57],[138.999,57],[139,57]]],[[[139.854,57.448],[139.854,57.447],[139.853,57.447],[139.852,57.447],[139.851,57.447],[139.85,57.447],[139.85,57.447],[139.848,57.448],[139.848,57.448],[139.847,57.448],[139.846,57.449],[139.845,57.449],[139.844,57.45],[139.843,57.45],[139.842,57.451],[139.842,57.451],[139.842,57.451],[139.844,57.452],[139.845,57.452],[139.847,57.452],[139.848,57.452],[139.849,57.451],[139.85,57.451],[139.851,57.45],[139.852,57.449],[139.853,57.448],[139.854,57.448]]],[[[146.28,59.193],[146.279,59.193],[146.278,59.193],[146.278,59.194],[146.279,59.194],[146.279,59.194],[146.28,59.194],[146.28,59.194],[146.28,59.193],[146.28,59.193]]],[[[144.908,59.369],[144.907,59.368],[144.906,59.368],[144.906,59.369],[144.906,59.37],[144.907,59.371],[144.907,59.371],[144.908,59.372],[144.909,59.372],[144.909,59.371],[144.908,59.371],[144.908,59.37],[144.908,59.369]]],[[[144.536,59.372],[144.537,59.372],[144.537,59.372],[144.536,59.372],[144.536,59.372],[144.535,59.371],[144.534,59.371],[144.533,59.371],[144.532,59.371],[144.531,59.371],[144.53,59.371],[144.529,59.371],[144.528,59.371],[144.527,59.371],[144.526,59.371],[144.526,59.371],[144.524,59.371],[144.524,59.371],[144.523,59.371],[144.522,59.371],[144.522,59.372],[144.522,59.372],[144.523,59.372],[144.523,59.372],[144.524,59.372],[144.525,59.372],[144.526,59.372],[144.527,59.372],[144.528,59.373],[144.529,59.373],[144.53,59.372],[144.531,59.372],[144.532,59.372],[144.533,59.372],[144.534,59.372],[144.535,59.373],[144.536,59.372]]],[[[144.677,59.375],[144.825,59.371],[144.624,59.372],[144.677,59.375]]],[[[144.378,59.374],[144.372,59.374],[144.371,59.374],[144.371,59.375],[144.372,59.375],[144.374,59.375],[144.375,59.375],[144.376,59.375],[144.376,59.375],[144.376,59.376],[144.376,59.376],[144.376,59.376],[144.376,59.376],[144.378,59.376],[144.378,59.376],[144.379,59.375],[144.379,59.375],[144.379,59.375],[144.379,59.374],[144.378,59.374],[144.378,59.374]]],[[[144.794,59.376],[144.793,59.376],[144.793,59.377],[144.793,59.377],[144.787,59.377],[144.789,59.378],[144.792,59.378],[144.796,59.378],[144.796,59.377],[144.795,59.377],[144.794,59.377],[144.794,59.376]]],[[[144.31,59.38],[144.308,59.38],[144.307,59.38],[144.306,59.38],[144.305,59.38],[144.305,59.381],[144.305,59.381],[144.306,59.381],[144.306,59.381],[144.307,59.382],[144.307,59.382],[144.308,59.381],[144.309,59.381],[144.309,59.381],[144.31,59.381],[144.311,59.381],[144.311,59.38],[144.311,59.38],[144.311,59.38],[144.31,59.38]]],[[[144.286,59.38],[144.285,59.38],[144.284,59.38],[144.284,59.381],[144.285,59.382],[144.287,59.382],[144.288,59.383],[144.289,59.383],[144.29,59.383],[144.291,59.382],[144.292,59.382],[144.292,59.382],[144.292,59.381],[144.29,59.381],[144.289,59.381],[144.288,59.381],[144.287,59.38],[144.286,59.38]]],[[[140.995,62.461],[141.15,62.446],[141.144,62.381],[141.351,62.398],[141.375,62.342],[141.478,62.27],[141.597,62.235],[141.593,62.168],[141.659,62.123],[141.751,62.101],[141.77,62.068],[141.891,62.053],[141.964,61.984],[142.104,62.007],[142.163,62.046],[142.264,62.047],[142.327,61.924],[142.482,61.872],[142.588,61.879],[142.717,61.947],[142.967,61.914],[143.003,61.864],[143.092,61.879],[143.102,61.934],[143.213,61.996],[143.206,62.077],[143.335,62.102],[143.34,62.05],[143.435,62.019],[143.429,61.994],[143.549,62.028],[143.64,62.019],[143.686,61.968],[143.649,61.944],[143.769,61.842],[143.849,61.919],[144.003,61.957],[144.06,61.945],[144.016,61.883],[144.049,61.837],[143.987,61.789],[144.005,61.748],[144.113,61.72],[144.33,61.745],[144.436,61.813],[144.595,61.84],[144.669,61.985],[144.789,62.041],[145.038,62.055],[145.116,61.996],[145.295,61.946],[145.367,61.998],[145.421,61.993],[145.46,61.962],[145.528,61.971],[145.492,61.92],[145.573,61.919],[145.733,61.989],[145.715,62.045],[145.773,62.067],[145.831,62.005],[145.976,61.993],[146.245,61.906],[146.535,61.72],[146.531,61.673],[146.69,61.578],[146.659,61.513],[146.671,61.461],[146.78,61.395],[146.747,61.327],[146.851,61.175],[146.844,61.092],[146.786,61.057],[146.807,61.034],[146.739,60.938],[146.579,60.929],[146.534,60.898],[146.553,60.815],[146.531,60.754],[146.583,60.708],[146.533,60.664],[146.328,60.688],[146.227,60.743],[146.021,60.694],[145.993,60.636],[145.726,60.558],[145.727,60.498],[145.632,60.485],[145.599,60.443],[145.664,60.418],[145.694,60.372],[145.621,60.354],[145.937,60.184],[146.081,60.222],[146.215,60.204],[146.353,60.244],[146.471,60.226],[146.573,60.119],[146.773,60.096],[146.81,60.042],[146.746,59.992],[146.859,59.897],[146.906,59.889],[147.027,59.95],[147.107,59.954],[147.114,59.892],[147.231,59.868],[147.247,59.822],[147.195,59.794],[147.271,59.734],[147.253,59.692],[147.279,59.645],[147.2,59.545],[147.196,59.416],[146.852,59.359],[146.699,59.39],[146.681,59.432],[146.445,59.463],[146.303,59.391],[146.328,59.327],[146.303,59.275],[146.338,59.265],[146.313,59.242],[146.352,59.206],[146.306,59.185],[146.201,59.209],[146.049,59.141],[145.979,59.144],[145.989,59.182],[145.827,59.244],[145.852,59.302],[145.948,59.348],[145.968,59.407],[145.823,59.412],[145.802,59.365],[145.702,59.426],[145.333,59.385],[145.251,59.416],[144.894,59.365],[144.819,59.368],[144.965,59.369],[143.882,59.401],[143.482,59.318],[143.25,59.361],[142.411,59.184],[142.048,59.011],[141.706,58.701],[141.562,58.611],[141.316,58.506],[141.028,58.438],[140.782,58.307],[140.661,58.177],[140.498,57.899],[140.49,57.842],[140.348,57.789],[140.308,57.746],[140.253,57.766],[140.009,57.706],[139.902,57.626],[139.791,57.484],[139.611,57.464],[139.496,57.336],[139.308,57.276],[139.184,57.272],[139.053,57.193],[139.03,57.137],[138.939,57.144],[138.904,57.03],[138.789,57.029],[138.806,57.008],[138.613,56.957],[138.555,56.826],[138.578,56.784],[138.544,56.8],[138.562,56.86],[138.436,56.844],[138.471,56.814],[138.38,56.721],[138.284,56.693],[138.253,56.657],[138.273,56.62],[138.113,56.579],[138.135,56.493],[138.255,56.469],[138.228,56.426],[138.067,56.44],[138.044,56.379],[137.917,56.365],[137.843,56.234],[137.78,56.218],[137.724,56.136],[137.554,56.12],[137.426,56.034],[137.396,55.947],[137.3,55.965],[137.094,55.858],[137.053,55.787],[136.982,55.796],[136.853,55.74],[136.758,55.643],[136.72,55.669],[136.62,55.618],[136.552,55.625],[136.541,55.582],[136.42,55.568],[136.338,55.509],[136.302,55.424],[136.174,55.346],[136.134,55.288],[136.062,55.286],[135.899,55.188],[135.813,55.184],[135.703,55.115],[135.524,55.084],[135.206,54.893],[135.172,54.825],[135.254,54.741],[135.668,54.657],[135.701,54.644],[135.704,54.583],[135.78,54.553],[136.209,54.614],[136.508,54.586],[136.607,54.619],[136.666,54.683],[136.642,54.623],[136.679,54.605],[136.828,54.645],[136.802,54.599],[136.882,54.564],[136.802,54.514],[136.85,54.488],[136.801,54.465],[136.828,54.424],[136.794,54.4],[136.787,54.432],[136.742,54.413],[136.749,54.355],[136.819,54.321],[136.747,54.286],[136.804,54.259],[136.809,54.235],[136.748,54.215],[136.813,54.169],[136.816,54.133],[136.768,54.125],[136.801,54.11],[136.771,54.085],[136.784,54.063],[136.696,54.014],[136.669,53.917],[136.691,53.911],[136.706,53.799],[136.791,53.761],[136.859,53.801],[136.854,53.829],[136.943,53.854],[137.068,53.845],[137.108,53.807],[137.197,53.849],[137.209,53.912],[137.305,54.034],[137.271,54.053],[137.161,54.035],[137.115,54.088],[137.125,54.11],[137.083,54.126],[137.189,54.21],[137.291,54.225],[137.265,54.247],[137.377,54.273],[137.394,54.305],[137.634,54.293],[137.736,54.32],[137.491,54.134],[137.465,54.088],[137.445,54.086],[137.464,54.132],[137.446,54.148],[137.314,54.116],[137.288,54.051],[137.43,54.039],[137.592,53.953],[137.857,53.969],[137.805,53.904],[137.609,53.834],[137.599,53.773],[137.566,53.769],[137.498,53.669],[137.327,53.658],[137.162,53.572],[137.216,53.585],[137.33,53.529],[137.951,53.581],[138.01,53.626],[138.301,53.73],[138.372,53.904],[138.583,53.994],[138.602,53.954],[138.578,53.942],[138.594,53.861],[138.572,53.805],[138.357,53.647],[138.339,53.624],[138.365,53.605],[138.263,53.563],[138.269,53.519],[138.232,53.501],[138.466,53.526],[138.661,53.708],[138.713,53.912],[138.77,53.982],[138.772,54.092],[138.662,54.059],[138.73,54.152],[138.737,54.249],[138.658,54.286],[138.748,54.304],[139.026,54.214],[139.32,54.177],[139.605,54.239],[139.728,54.296],[139.788,54.291],[139.791,54.202],[139.853,54.18],[139.881,54.198],[139.876,54.176],[139.955,54.125],[140.2,54.055],[140.209,53.998],[140.329,53.956],[140.256,53.869],[140.356,53.769],[140.517,53.714],[140.506,53.682],[140.546,53.647],[140.733,53.562],[141.131,53.448],[140.942,53.497],[140.897,53.469],[140.905,53.427],[140.994,53.445],[140.983,53.411],[141.103,53.4],[141.086,53.372],[141.191,53.317],[141.417,53.296],[141.376,53.251],[141.394,53.247],[141.342,53.231],[141.415,53.226],[141.444,53.153],[141.365,53.138],[141.344,53.101],[141.369,53.083],[141.219,53.069],[141.258,53.042],[141.202,53.001],[141.099,52.998],[140.961,53.068],[140.874,53.08],[140.818,53.136],[140.719,53.13],[140.828,53.04],[140.93,53.037],[140.96,52.934],[141.041,52.925],[141.059,52.884],[141.172,52.856],[141.24,52.866],[141.163,52.792],[141.247,52.737],[141.25,52.687],[141.284,52.659],[141.254,52.641],[141.267,52.591],[141.212,52.508],[141.11,52.483],[141.117,52.409],[141.168,52.365],[141.143,52.352],[141.211,52.349],[141.385,52.222],[141.528,52.237],[141.547,52.152],[141.466,52.161],[141.349,52.1],[141.346,51.995],[141.423,51.955],[141.39,51.914],[141.337,51.914],[141.179,51.837],[141.16,51.805],[141.181,51.786],[141.103,51.72],[141.106,51.681],[141.011,51.68],[140.878,51.629],[140.888,51.496],[140.728,51.466],[140.785,51.455],[140.796,51.416],[140.865,51.422],[140.86,51.371],[140.671,51.327],[140.704,51.251],[140.595,51.235],[140.659,51.22],[140.663,51.149],[140.629,51.117],[140.667,51.1],[140.679,51.034],[140.613,51.028],[140.643,51.021],[140.651,50.961],[140.591,50.947],[140.498,50.868],[140.513,50.817],[140.43,50.719],[140.493,50.629],[140.413,50.541],[140.48,50.465],[140.499,50.367],[140.532,50.34],[140.493,50.303],[140.512,50.148],[140.688,50.089],[140.486,49.997],[140.435,49.897],[140.4,49.882],[140.448,49.808],[140.529,49.786],[140.499,49.679],[140.547,49.562],[140.504,49.532],[140.509,49.484],[140.417,49.401],[140.425,49.296],[140.328,49.297],[140.327,49.271],[140.388,49.268],[140.339,49.26],[140.311,49.217],[140.325,49.191],[140.346,49.204],[140.33,49.176],[140.362,49.15],[140.329,49.126],[140.346,49.094],[140.24,49.069],[140.323,49.071],[140.286,49.025],[140.203,49.017],[140.287,49.017],[140.201,48.951],[140.278,48.958],[140.283,48.994],[140.332,49.024],[140.391,48.975],[140.361,48.919],[140.235,48.843],[140.182,48.75],[140.17,48.604],[140.194,48.594],[140.152,48.551],[140.183,48.519],[140.174,48.446],[140.088,48.407],[140.037,48.332],[139.921,48.3],[139.721,48.163],[139.539,47.97],[139.405,47.925],[139.277,47.816],[139.2,47.659],[139.05,47.473],[139.052,47.407],[138.863,47.487],[138.693,47.457],[138.524,47.494],[138.584,47.547],[138.602,47.619],[138.527,47.675],[138.543,47.709],[138.768,47.805],[138.784,47.874],[138.75,47.88],[138.686,47.987],[138.581,48.04],[138.633,48.114],[138.712,48.133],[138.707,48.186],[138.552,48.199],[138.56,48.248],[138.485,48.283],[138.478,48.382],[138.444,48.421],[138.288,48.453],[138.161,48.385],[138.19,48.338],[138.164,48.325],[137.954,48.301],[137.919,48.287],[137.913,48.244],[137.765,48.201],[137.632,48.23],[137.473,48.2],[137.33,48.106],[137.407,47.998],[137.594,47.924],[137.57,47.878],[137.426,47.83],[137.434,47.807],[137.602,47.798],[137.776,47.714],[137.908,47.734],[137.993,47.693],[138.055,47.699],[137.984,47.629],[138.071,47.607],[138.083,47.504],[138.002,47.451],[137.923,47.444],[137.914,47.377],[137.803,47.341],[137.701,47.366],[137.636,47.345],[137.561,47.274],[137.416,47.211],[137.296,47.24],[137.273,47.275],[137.044,47.307],[136.937,47.103],[136.992,47.022],[136.6,46.816],[136.456,46.831],[136.334,46.785],[136.148,46.833],[136.1,46.889],[136.051,46.886],[135.969,46.812],[135.749,46.923],[135.778,46.968],[135.611,46.975],[135.61,46.998],[135.561,46.997],[135.492,46.942],[135.397,46.939],[135.385,46.975],[135.455,47.054],[135.363,47.097],[135.34,47.133],[135.354,47.179],[135.236,47.182],[135.09,47.229],[134.988,47.148],[134.887,47.174],[134.823,47.142],[134.69,47.143],[134.658,47.069],[134.613,47.041],[134.607,46.973],[134.471,47.016],[134.46,46.965],[134.506,46.915],[134.488,46.852],[134.514,46.811],[134.468,46.733],[134.018,46.664],[134.049,46.774],[134.021,46.822],[134.072,46.927],[134.066,46.972],[134.135,47.088],[134.221,47.119],[134.215,47.196],[134.149,47.247],[134.181,47.323],[134.296,47.421],[134.494,47.444],[134.568,47.494],[134.774,47.729],[134.676,47.823],[134.657,47.893],[134.589,47.907],[134.551,47.994],[134.556,48.032],[134.664,48.148],[134.669,48.229],[134.712,48.276],[134.63,48.3],[134.57,48.366],[134.511,48.347],[134.404,48.385],[134.293,48.374],[134.444,48.465],[134.517,48.479],[134.758,48.431],[134.858,48.473],[134.899,48.53],[134.891,48.594],[134.769,48.622],[134.69,48.593],[134.597,48.636],[134.56,48.605],[134.51,48.637],[134.503,48.682],[134.442,48.69],[134.381,48.744],[134.315,48.747],[134.164,48.645],[133.732,48.692],[133.402,48.79],[133.239,48.904],[133.199,49.081],[133.143,49.186],[133.022,49.23],[132.787,49.242],[132.739,49.323],[132.651,49.293],[132.553,49.312],[132.467,49.28],[132.387,49.32],[132.407,49.369],[132.377,49.413],[132.149,49.489],[132.041,49.459],[132.019,49.389],[131.966,49.368],[131.973,49.296],[131.906,49.285],[131.855,49.327],[131.753,49.343],[131.481,49.226],[131.388,49.253],[131.45,49.266],[131.51,49.39],[131.508,49.567],[131.403,49.685],[131.519,49.762],[131.531,49.8],[131.503,49.828],[131.54,49.912],[131.482,49.967],[131.498,50.012],[131.48,50.052],[131.415,50.061],[131.409,50.085],[131.5,50.17],[131.48,50.211],[131.431,50.228],[131.418,50.276],[131.309,50.298],[131.282,50.393],[131.22,50.372],[131.168,50.377],[131.152,50.407],[131.061,50.417],[130.988,50.389],[130.924,50.418],[130.934,50.464],[131.032,50.537],[131.028,50.592],[130.945,50.675],[130.878,50.675],[130.76,50.621],[130.717,50.643],[130.709,50.688],[130.862,50.856],[130.802,50.948],[130.98,51.011],[131.112,51.228],[131.213,51.233],[131.364,51.364],[131.495,51.361],[131.52,51.392],[131.524,51.427],[131.436,51.565],[131.477,51.621],[131.45,51.65],[131.486,51.673],[131.699,51.664],[131.868,51.719],[131.937,51.71],[132.319,51.794],[132.383,51.84],[132.41,51.939],[132.748,52.133],[132.851,52.167],[133.187,52.154],[133.376,52.236],[133.393,52.291],[133.342,52.352],[133.241,52.4],[133.222,52.453],[133.288,52.497],[133.231,52.54],[133.208,52.61],[133.276,52.666],[133.865,52.512],[133.984,52.505],[134.063,52.465],[134.582,52.422],[134.609,52.495],[134.565,52.535],[134.692,52.631],[134.67,52.682],[134.608,52.7],[134.636,52.769],[134.597,52.799],[134.587,52.881],[134.687,52.998],[134.823,53.09],[134.798,53.16],[134.851,53.227],[134.799,53.297],[134.708,53.338],[134.732,53.365],[134.875,53.362],[134.901,53.394],[134.493,53.585],[134.409,53.522],[134.256,53.524],[133.9,53.424],[133.815,53.471],[133.678,53.458],[133.601,53.522],[133.504,53.535],[133.447,53.478],[133.317,53.476],[133.133,53.405],[133.119,53.364],[133.149,53.314],[133.077,53.281],[133.025,53.306],[132.942,53.288],[132.889,53.227],[132.424,53.213],[132.323,53.237],[132.083,53.198],[132.063,53.145],[131.966,53.116],[131.873,53.133],[131.827,53.187],[131.884,53.221],[131.862,53.25],[131.719,53.259],[131.512,53.207],[131.443,53.222],[131.56,53.312],[131.576,53.357],[131.468,53.495],[131.501,53.541],[131.42,53.705],[131.43,53.75],[131.387,53.777],[131.279,53.796],[131.213,53.778],[131.056,53.825],[130.918,53.784],[130.815,53.851],[130.7,53.855],[130.624,53.908],[130.479,53.897],[130.378,53.929],[130.502,54.012],[130.561,54.177],[130.666,54.214],[130.739,54.286],[130.948,54.344],[131.12,54.342],[131.239,54.559],[131.216,54.603],[131.241,54.65],[131.378,54.691],[131.42,54.75],[131.599,54.766],[131.625,54.808],[131.813,54.848],[131.873,54.905],[131.973,54.921],[132.045,54.968],[132.086,55.042],[132.35,55.08],[132.399,55.124],[132.402,55.213],[132.597,55.242],[132.724,55.379],[132.896,55.391],[132.927,55.424],[132.675,55.506],[132.635,55.542],[132.678,55.603],[132.588,55.64],[132.547,55.723],[132.51,55.739],[132.348,55.754],[132.139,55.7],[131.778,55.675],[131.76,55.713],[131.69,55.715],[131.517,55.678],[131.107,55.67],[130.986,55.701],[130.962,55.742],[130.985,55.789],[130.902,55.862],[130.893,55.922],[130.939,55.958],[130.922,56.001],[131.157,56.254],[131.182,56.429],[131.264,56.498],[131.344,56.513],[131.426,56.463],[131.49,56.47],[131.57,56.539],[131.664,56.464],[131.745,56.477],[131.783,56.514],[131.706,56.588],[131.731,56.63],[131.718,56.702],[131.857,56.755],[131.877,56.797],[131.514,57.102],[131.363,57.179],[131.264,57.185],[131.228,57.257],[131.302,57.266],[131.332,57.336],[131.387,57.341],[131.386,57.312],[131.536,57.272],[131.59,57.291],[131.653,57.357],[131.657,57.436],[131.813,57.54],[131.827,57.581],[131.938,57.634],[132.017,57.638],[132.036,57.684],[132.094,57.69],[132.13,57.727],[131.82,57.903],[131.871,57.952],[131.714,57.987],[131.637,58.036],[131.676,58.072],[131.662,58.099],[131.564,58.111],[131.542,58.196],[131.727,58.219],[131.801,58.158],[131.969,58.121],[132.048,58.072],[132.193,58.077],[132.131,58.214],[132.182,58.271],[132.255,58.285],[132.191,58.528],[132.444,58.512],[132.479,58.582],[132.574,58.642],[132.522,58.713],[132.576,58.761],[132.575,58.811],[132.625,58.886],[132.85,58.91],[132.895,58.966],[132.8,59.017],[132.861,59.1],[133.023,59.108],[133.055,59.182],[133.145,59.205],[133.277,59.193],[133.546,59.25],[133.666,59.215],[134.011,59.254],[134.254,59.189],[134.345,59.204],[134.45,59.156],[134.559,59.155],[134.734,59.203],[134.795,59.144],[135.161,59.091],[135.252,59.117],[135.251,59.143],[135.35,59.197],[135.349,59.262],[135.664,59.481],[135.915,59.485],[136.206,59.383],[136.823,59.304],[137.004,59.391],[137.219,59.409],[137.4,59.493],[137.538,59.573],[137.518,59.638],[137.68,59.721],[138.045,59.718],[138.112,59.747],[138.153,59.701],[138.132,59.645],[138.246,59.647],[138.325,59.695],[138.322,59.718],[138.249,59.738],[138.224,59.822],[138.328,59.904],[138.249,59.954],[138.271,60.05],[138.227,60.109],[138.265,60.14],[138.266,60.232],[138.415,60.369],[138.352,60.445],[138.418,60.489],[138.432,60.554],[138.548,60.675],[138.242,60.852],[138.389,61.015],[138.353,61.065],[138.384,61.086],[138.476,61.075],[138.715,61.177],[138.759,61.214],[138.713,61.272],[138.773,61.323],[138.823,61.286],[138.891,61.311],[139.082,61.311],[139.134,61.341],[139.132,61.398],[139.197,61.431],[139.327,61.41],[139.46,61.456],[139.653,61.477],[139.795,61.596],[139.883,61.616],[139.898,61.672],[140.054,61.857],[140.005,61.932],[140.285,61.949],[140.298,61.984],[140.394,62.034],[140.335,62.076],[140.431,62.369],[140.522,62.402],[140.724,62.405],[140.823,62.493],[140.964,62.494],[140.995,62.461]]]]}},{"type":"Feature","properties":{"id":"30","name":"Khakass"},"geometry":{"type":"MultiPolygon","coordinates":[[[[91.453,53.702],[91.444,53.697],[91.425,53.699],[91.43,53.715],[91.44,53.717],[91.451,53.711],[91.453,53.702]]],[[[88.691,55.411],[88.76,55.344],[88.822,55.348],[88.95,55.289],[88.966,55.185],[89.067,55.132],[89.038,55.084],[89.147,55.076],[89.201,54.99],[89.347,55],[89.392,54.974],[89.447,55.039],[89.567,55.058],[89.658,55.003],[89.904,55.086],[90.129,55.105],[90.196,55.151],[90.237,55.106],[90.229,55.066],[90.436,55.016],[90.483,54.928],[90.458,54.871],[90.685,54.905],[90.724,54.871],[90.715,54.831],[90.84,54.839],[90.915,54.791],[90.855,54.627],[91.159,54.488],[91.252,54.275],[91.464,54.057],[91.465,53.966],[91.422,53.893],[91.327,53.817],[91.333,53.758],[91.454,53.606],[91.47,53.514],[91.744,53.447],[91.846,53.352],[91.841,53.288],[91.66,53.159],[91.512,53.106],[91.435,53.108],[91.456,53.084],[91.421,53.083],[91.422,53.108],[91.351,53.078],[91.408,52.947],[91.396,52.868],[91.242,52.748],[91.038,52.66],[90.995,52.601],[90.899,52.577],[90.7,52.458],[90.452,52.163],[90.293,52.172],[90.257,52.132],[90.175,52.114],[90.084,52.143],[90.049,52.125],[90.073,52.022],[89.985,51.969],[89.958,51.892],[90.061,51.743],[90.02,51.713],[89.881,51.695],[89.726,51.56],[89.623,51.52],[89.442,51.575],[89.233,51.523],[89.17,51.54],[89.215,51.602],[89.2,51.629],[89.023,51.601],[88.918,51.55],[88.742,51.549],[88.691,51.508],[88.671,51.406],[88.596,51.337],[88.406,51.292],[88.33,51.328],[88.333,51.354],[88.171,51.393],[88.068,51.468],[87.936,51.491],[87.902,51.536],[87.906,51.588],[88.005,51.607],[88.113,51.722],[88.098,51.769],[88.01,51.75],[87.916,51.809],[88.048,51.982],[88.054,52.036],[88.275,52.07],[88.422,52.183],[88.647,52.246],[88.7,52.275],[88.684,52.366],[88.92,52.46],[89.073,52.577],[89.127,52.586],[89.044,52.624],[89.017,52.657],[89.034,52.698],[89.118,52.728],[89.155,52.782],[89.221,52.79],[89.193,52.844],[89.092,52.872],[89.015,52.958],[88.951,52.952],[88.915,52.99],[88.939,53.06],[89.056,53.097],[89.047,53.141],[88.952,53.186],[89.031,53.209],[89.001,53.252],[88.876,53.365],[88.787,53.312],[88.772,53.342],[88.849,53.475],[88.813,53.547],[88.83,53.564],[88.936,53.618],[89.029,53.745],[89.224,53.772],[89.158,53.943],[89.03,53.952],[89.064,54.08],[89.203,54.173],[89.163,54.319],[89.134,54.339],[88.968,54.293],[88.907,54.316],[88.895,54.376],[88.852,54.398],[88.729,54.377],[88.658,54.301],[88.593,54.285],[88.379,54.379],[88.547,54.43],[88.593,54.672],[88.633,54.73],[88.729,54.756],[88.756,54.797],[88.765,54.83],[88.734,54.862],[88.652,54.889],[88.549,55.004],[88.537,55.111],[88.473,55.259],[88.475,55.321],[88.573,55.348],[88.636,55.425],[88.691,55.411]]]]}},{"type":"Feature","properties":{"id":"31","name":"Khanty-Mansiy"},"geometry":{"type":"Polygon","coordinates":[[[62.742,64.906],[62.874,64.773],[62.784,64.675],[62.562,64.609],[62.592,64.557],[62.886,64.474],[63.068,64.514],[63.435,64.441],[63.494,64.384],[63.508,64.321],[63.684,64.254],[63.863,64.271],[64.102,64.355],[64.489,64.354],[64.583,64.388],[64.688,64.377],[65.559,64.495],[66.179,64.527],[66.403,64.45],[66.825,64.507],[66.948,64.445],[66.957,64.413],[66.84,64.256],[66.879,64.203],[66.975,64.159],[67.228,64.129],[67.281,64.057],[67.737,64.085],[67.807,64.028],[68.513,64.272],[68.948,64.17],[68.974,64.2],[68.958,64.257],[69.047,64.318],[68.952,64.402],[69.12,64.426],[69.341,64.414],[69.467,64.353],[69.83,64.359],[69.877,64.302],[70.336,64.332],[70.503,64.243],[70.754,64.182],[70.8,64.145],[70.813,64.088],[70.652,64.005],[70.89,63.806],[70.936,63.694],[71.359,63.688],[71.435,63.665],[71.557,63.569],[71.567,63.411],[71.679,63.197],[72.089,63.243],[72.22,63.295],[72.748,63.291],[72.934,63.411],[72.99,63.417],[73.152,63.411],[73.215,63.326],[73.291,63.308],[73.425,63.207],[73.531,63.179],[74.172,63.178],[74.307,63.146],[74.531,63.033],[75.042,63.05],[75.799,63.121],[76.242,63.03],[76.336,62.97],[76.577,63.034],[76.741,63.038],[76.966,63.003],[77.043,62.968],[77.153,62.844],[77.241,62.79],[77.838,62.567],[78.049,62.521],[78.27,62.569],[78.8,62.609],[79.163,62.575],[79.838,62.589],[79.929,62.796],[79.963,62.814],[80.229,62.845],[80.505,62.963],[80.501,62.983],[80.605,62.988],[80.64,63.012],[80.651,63.085],[80.989,63.134],[81.067,63.047],[81.338,62.918],[81.302,62.865],[81.35,62.836],[81.515,62.787],[81.618,62.807],[81.757,62.711],[81.852,62.685],[81.931,62.696],[82.041,62.815],[82.128,62.822],[82.4,62.752],[82.792,62.757],[82.798,62.646],[83.076,62.605],[83.103,62.533],[83.394,62.455],[83.608,62.53],[83.622,62.478],[83.802,62.541],[83.924,62.517],[84.11,62.376],[84.22,62.381],[84.308,62.334],[84.326,62.268],[84.515,62.178],[84.494,62.068],[84.513,61.989],[84.685,61.823],[85.213,61.698],[85.402,61.687],[85.655,61.577],[85.916,61.548],[85.969,61.505],[85.964,61.468],[85.799,61.449],[85.654,61.393],[85.678,61.326],[85.662,61.259],[84.566,60.957],[84.253,60.844],[83.946,60.835],[83.518,61.013],[83.196,61.002],[82.53,60.754],[82.418,60.696],[82.402,60.595],[82.247,60.513],[82.153,60.507],[81.864,60.625],[81.591,60.629],[81.476,60.604],[81.082,60.624],[81.047,60.733],[80.82,60.785],[80.317,60.723],[80.161,60.67],[79.452,60.641],[79.303,60.658],[79.268,60.697],[79.28,60.764],[79.247,60.79],[79.1,60.807],[79.012,60.811],[78.875,60.742],[78.726,60.779],[78.68,60.825],[78.533,60.769],[78.112,60.79],[78.028,60.748],[77.772,60.794],[77.091,60.827],[77.056,60.79],[77.066,60.712],[77.002,60.635],[77.073,60.539],[76.859,60.452],[76.831,60.34],[76.867,60.223],[76.834,60.162],[76.721,60.076],[76.765,59.974],[76.732,59.832],[76.746,59.781],[76.729,59.723],[76.675,59.684],[76.67,59.564],[76.172,59.52],[76.05,59.419],[75.938,59.408],[75.874,59.365],[75.826,59.281],[75.615,59.182],[75.702,59.01],[75.677,58.946],[75.179,58.699],[75.142,58.649],[75.008,58.696],[74.128,58.702],[73.947,58.804],[73.807,58.785],[73.683,58.842],[73.341,58.787],[73.096,58.823],[72.965,58.855],[73.099,58.935],[72.899,59.031],[72.897,59.052],[72.985,59.091],[72.962,59.131],[72.828,59.152],[72.654,59.099],[72.457,59.194],[72.43,59.224],[72.439,59.3],[72.08,59.521],[71.876,59.534],[71.735,59.614],[71.373,59.74],[71.191,59.842],[70.982,59.792],[70.888,59.845],[70.589,59.805],[70.317,59.863],[70.14,59.933],[69.702,59.854],[69.697,59.923],[69.558,59.956],[69.374,59.946],[69.246,59.894],[69.403,59.762],[68.874,59.543],[68.612,59.544],[68.554,59.373],[68.424,59.247],[68.088,59.181],[67.767,59.156],[67.635,59.047],[67.166,58.915],[67.123,58.961],[67.033,58.975],[66.822,58.885],[66.829,58.659],[66.307,58.573],[66.041,58.599],[65.977,58.567],[65.979,58.62],[65.939,58.658],[65.729,58.697],[65.54,58.808],[65.395,59.01],[65.279,59.237],[65.147,59.253],[65.104,59.344],[64.871,59.339],[64.473,59.406],[64.161,59.41],[63.925,59.499],[63.851,59.578],[63.83,59.81],[63.853,59.854],[63.773,60.086],[63.705,60.15],[63.26,60.241],[63.327,60.32],[63.291,60.397],[62.94,60.707],[62.834,60.887],[62.916,61.016],[62.896,61.073],[62.719,61.203],[61.178,61.685],[60.425,61.749],[60.069,61.714],[59.987,61.758],[59.99,61.858],[59.951,61.886],[59.522,61.974],[59.465,61.947],[59.447,62.164],[59.488,62.194],[59.487,62.267],[59.635,62.306],[59.609,62.364],[59.632,62.426],[59.56,62.496],[59.448,62.527],[59.37,62.699],[59.483,62.758],[59.485,62.841],[59.277,62.944],[59.234,62.979],[59.234,63.018],[59.319,63.078],[59.265,63.14],[59.272,63.181],[59.355,63.236],[59.313,63.297],[59.389,63.324],[59.371,63.375],[59.414,63.418],[59.419,63.493],[59.47,63.564],[59.51,63.74],[59.476,63.809],[59.538,63.826],[59.599,63.917],[59.754,63.965],[59.79,64.027],[59.897,64.075],[59.841,64.145],[59.678,64.148],[59.64,64.193],[59.664,64.382],[59.636,64.44],[59.496,64.505],[59.61,64.576],[59.677,64.664],[59.746,64.678],[59.631,64.734],[59.639,64.801],[59.758,64.816],[59.781,64.875],[60.039,64.932],[60.037,65.013],[60.192,65.072],[60.463,65.027],[60.482,64.981],[60.572,64.961],[60.598,64.904],[60.765,64.948],[60.762,64.99],[60.789,65.006],[61.079,65.077],[61.122,65.144],[61.226,65.162],[61.374,65.234],[61.327,65.32],[61.35,65.36],[61.626,65.554],[62.063,65.702],[62.301,65.603],[62.436,65.487],[62.458,65.402],[62.875,65.291],[62.818,64.982],[62.742,64.906]]]}},{"type":"Feature","properties":{"id":"32","name":"Kirov"},"geometry":{"type":"Polygon","coordinates":[[[47.654,61.051],[47.948,60.996],[47.96,60.888],[48.398,60.83],[48.516,60.595],[48.489,60.5],[48.506,60.46],[48.693,60.367],[48.704,60.34],[48.655,60.304],[48.472,60.228],[48.423,60.171],[48.467,60.039],[48.465,59.722],[49.035,59.673],[49.052,59.645],[49.007,59.499],[49.052,59.488],[49.118,59.521],[49.303,59.485],[49.319,59.427],[49.55,59.411],[49.565,59.393],[49.503,59.259],[49.586,59.234],[49.679,59.224],[49.8,59.263],[49.844,59.376],[49.811,59.407],[49.829,59.493],[49.79,59.52],[49.821,59.672],[50.033,59.703],[49.975,59.755],[49.988,59.791],[50.203,59.794],[50.442,59.873],[50.844,59.897],[51.092,60.089],[51.307,60.072],[51.431,59.947],[51.519,59.95],[51.998,60.341],[52.079,60.342],[52.463,60.216],[53.345,60.144],[53.368,60.214],[53.444,60.231],[53.653,60.068],[53.65,59.912],[53.556,59.71],[53.431,59.7],[53.396,59.559],[53.209,59.363],[53.387,59.159],[53.508,59.158],[53.667,59.112],[53.765,59.125],[53.826,59.098],[53.831,59.072],[53.744,59.008],[53.787,58.862],[53.896,58.788],[53.752,58.747],[53.724,58.702],[53.767,58.664],[53.736,58.632],[53.775,58.49],[53.669,58.483],[53.619,58.452],[53.552,58.466],[53.473,58.442],[53.438,58.465],[53.396,58.457],[53.384,58.419],[53.232,58.424],[53.114,58.544],[52.914,58.505],[52.891,58.429],[52.842,58.403],[52.434,58.42],[52.101,58.473],[51.931,58.431],[51.796,58.347],[51.748,58.248],[51.67,58.174],[51.83,58.093],[51.836,58.029],[51.949,57.998],[51.886,57.931],[51.874,57.873],[51.918,57.84],[51.924,57.747],[51.887,57.725],[51.869,57.659],[51.759,57.599],[51.743,57.554],[51.608,57.51],[51.612,57.469],[51.297,57.461],[51.216,57.43],[51.135,57.355],[51.113,57.295],[51.407,56.935],[51.531,56.864],[51.517,56.815],[51.411,56.765],[51.363,56.673],[51.244,56.687],[51.165,56.658],[51.189,56.557],[51.153,56.511],[51.305,56.428],[51.331,56.372],[51.497,56.309],[51.399,56.245],[51.499,56.203],[51.394,56.101],[51.324,56.099],[51.21,56.149],[51.112,56.14],[51.032,56.176],[51.009,56.22],[50.925,56.266],[50.963,56.357],[50.927,56.42],[50.864,56.458],[50.792,56.436],[50.821,56.371],[50.655,56.398],[50.562,56.5],[50.579,56.543],[50.379,56.705],[50.298,56.658],[50.221,56.68],[50.101,56.652],[50.073,56.669],[50.14,56.797],[50.098,56.865],[49.754,56.913],[49.795,56.987],[49.753,57.026],[49.768,57.061],[49.626,57.103],[49.371,57.041],[49.273,57.064],[49.188,57.192],[49.186,57.25],[49.249,57.306],[49.209,57.341],[49.053,57.317],[49.029,57.263],[49.079,57.212],[48.998,57.175],[48.98,57.109],[48.938,57.097],[48.828,57.12],[48.867,57.175],[48.802,57.199],[48.673,57.166],[48.55,57.194],[48.446,57.131],[48.382,57.173],[48.284,57.173],[48.249,57.111],[48.173,57.096],[48.169,57.045],[48.065,57.025],[47.879,57.019],[47.76,57.08],[47.527,56.928],[47.536,56.88],[47.51,56.866],[47.451,56.892],[47.156,56.85],[47.18,56.896],[47.123,56.937],[46.761,56.959],[46.779,57.003],[46.752,57.032],[46.797,57.125],[46.742,57.172],[46.839,57.216],[46.789,57.286],[46.726,57.317],[46.708,57.424],[46.781,57.508],[46.835,57.527],[47.026,57.507],[47.252,57.586],[47.41,57.529],[47.472,57.544],[47.546,57.623],[47.602,57.838],[47.778,57.945],[47.379,58.017],[47.086,58.035],[46.526,58.054],[46.406,58.028],[46.39,58.08],[46.347,58.104],[46.33,58.131],[46.388,58.196],[46.448,58.199],[46.486,58.236],[46.459,58.243],[46.438,58.313],[46.511,58.362],[46.435,58.386],[46.62,58.431],[46.625,58.468],[46.591,58.506],[46.682,58.609],[47.051,58.633],[47.025,58.706],[47.161,58.775],[47.241,58.764],[47.362,58.799],[47.302,58.848],[47.349,58.87],[47.295,58.91],[47.619,58.906],[47.635,58.94],[47.548,59.071],[47.482,59.105],[47.459,59.167],[47.425,59.13],[47.329,59.154],[47.263,59.222],[47.3,59.235],[47.258,59.271],[47.28,59.342],[47.069,59.36],[47.139,59.713],[47.107,59.75],[46.886,59.795],[47.003,59.965],[47.043,60.154],[46.844,60.057],[46.728,60.041],[46.418,60.118],[46.33,60.238],[46.8,60.275],[46.888,60.499],[47.069,60.593],[47.003,60.7],[47.002,60.76],[47.137,60.982],[47.199,61.02],[47.187,61.059],[47.386,61.044],[47.551,61.073],[47.654,61.051]]]}},{"type":"Feature","properties":{"id":"33","name":"Komi"},"geometry":{"type":"Polygon","coordinates":[[[65.142,68.394],[65.318,68.372],[65.486,68.409],[65.485,68.364],[65.333,68.285],[65.344,68.07],[65.381,67.974],[65.575,67.906],[66.07,67.947],[66.128,67.897],[66.113,67.853],[66.026,67.807],[66.203,67.748],[66.267,67.671],[66.204,67.646],[65.982,67.668],[65.825,67.595],[66.064,67.561],[66.152,67.496],[66.137,67.452],[65.918,67.38],[65.75,67.362],[65.585,67.267],[65.319,67.191],[65.185,67.097],[65.054,67.07],[65.119,66.901],[64.883,66.822],[64.602,66.791],[64.564,66.728],[64.367,66.689],[64.287,66.643],[64.025,66.643],[63.81,66.537],[63.61,66.479],[63.394,66.455],[63.338,66.422],[63.312,66.356],[63.24,66.323],[63.324,66.229],[63.157,66.237],[63.064,66.186],[63.016,66.111],[62.835,66.022],[62.896,65.965],[62.79,65.91],[62.775,65.856],[61.903,65.665],[61.732,65.572],[61.626,65.554],[61.35,65.36],[61.327,65.32],[61.374,65.234],[61.226,65.162],[61.122,65.144],[61.079,65.077],[60.789,65.006],[60.762,64.99],[60.765,64.948],[60.598,64.904],[60.572,64.961],[60.482,64.981],[60.463,65.027],[60.192,65.072],[60.037,65.013],[60.039,64.932],[59.781,64.875],[59.758,64.816],[59.639,64.801],[59.631,64.734],[59.746,64.678],[59.677,64.664],[59.61,64.576],[59.496,64.505],[59.636,64.44],[59.664,64.382],[59.64,64.193],[59.678,64.148],[59.841,64.145],[59.897,64.075],[59.79,64.027],[59.754,63.965],[59.599,63.917],[59.538,63.826],[59.476,63.809],[59.51,63.74],[59.47,63.564],[59.419,63.493],[59.414,63.418],[59.371,63.375],[59.389,63.324],[59.313,63.297],[59.355,63.236],[59.272,63.181],[59.265,63.14],[59.319,63.078],[59.234,63.018],[59.234,62.979],[59.277,62.944],[59.485,62.841],[59.483,62.758],[59.37,62.699],[59.448,62.527],[59.56,62.496],[59.632,62.426],[59.609,62.364],[59.635,62.306],[59.487,62.267],[59.488,62.194],[59.447,62.164],[59.465,61.947],[59.412,61.922],[59.357,61.813],[59.395,61.698],[59.152,61.629],[59.074,61.556],[58.85,61.519],[58.035,61.507],[57.23,61.534],[57.11,61.502],[56.744,61.56],[56.699,61.522],[56.645,61.526],[56.584,61.45],[56.456,61.459],[56.296,61.249],[55.907,61.296],[55.773,61.143],[55.317,61.159],[55.227,61.038],[55.116,61.048],[54.989,60.904],[53.881,60.987],[53.829,60.86],[53.342,60.9],[53.435,61.054],[52.87,61.091],[52.78,60.97],[52.473,60.982],[52.348,60.859],[51.908,60.9],[51.768,60.612],[52.152,60.54],[52.134,60.49],[52.343,60.455],[52.324,60.394],[52.373,60.339],[52.286,60.266],[52.079,60.342],[51.956,60.325],[51.519,59.95],[51.431,59.947],[51.307,60.072],[51.092,60.089],[50.844,59.897],[50.442,59.873],[50.203,59.794],[49.988,59.791],[49.975,59.755],[50.033,59.703],[49.821,59.672],[49.79,59.52],[49.829,59.493],[49.811,59.407],[49.842,59.351],[49.8,59.263],[49.756,59.236],[49.679,59.224],[49.503,59.259],[49.565,59.393],[49.55,59.411],[49.319,59.427],[49.303,59.485],[49.118,59.521],[49.052,59.488],[49.007,59.499],[49.052,59.645],[49.035,59.673],[48.465,59.722],[48.467,60.039],[48.423,60.171],[48.472,60.228],[48.704,60.34],[48.672,60.386],[48.506,60.46],[48.489,60.5],[48.516,60.595],[48.398,60.83],[48.332,60.856],[48.377,60.991],[48.515,61.063],[48.768,61.15],[48.923,61.15],[49.061,61.195],[49.246,61.178],[49.513,61.61],[49.048,61.674],[49.237,62.137],[49.304,62.145],[49.586,62.769],[48.727,62.835],[48.616,62.73],[48.335,62.725],[48.194,62.481],[48.278,62.423],[48.277,62.328],[47.646,62.332],[47.596,62.215],[47.376,62.218],[47.349,62.346],[47.166,62.346],[47.201,62.658],[47.031,62.886],[47.438,63.033],[47.545,63.124],[47.468,63.171],[47.019,63.294],[46.854,63.465],[47.007,63.556],[47.023,63.647],[46.972,63.696],[46.378,63.931],[45.693,64.024],[45.571,64.083],[45.424,64.228],[45.7,64.302],[45.935,64.328],[46.363,64.293],[46.547,64.366],[47.805,64.398],[48.093,64.376],[48.108,64.274],[48.4,64.243],[48.445,64.291],[48.434,64.36],[48.819,64.366],[48.916,64.497],[49.166,64.507],[49.4,64.476],[49.561,64.61],[50.265,64.524],[50.431,64.854],[50.106,64.897],[49.988,64.959],[49.702,65.203],[49.671,65.283],[49.615,65.32],[49.054,65.274],[49.02,65.444],[49.033,65.647],[48.977,65.795],[49.001,66.024],[48.931,66.109],[51.554,66.78],[51.521,66.829],[51.532,66.907],[51.643,66.911],[52.166,67.076],[54.595,66.993],[55.972,66.978],[61.383,66.987],[61.549,67.027],[61.705,67.017],[61.825,67.1],[62.945,67.404],[62.978,67.453],[62.968,67.539],[63.133,67.676],[63.382,67.772],[63.542,67.79],[63.752,67.752],[63.741,67.803],[63.99,67.916],[63.989,67.968],[63.934,68.027],[64.611,68.197],[64.63,68.229],[64.564,68.319],[64.584,68.335],[64.766,68.393],[65.142,68.394]]]}},{"type":"Feature","properties":{"id":"34","name":"Kostroma"},"geometry":{"type":"Polygon","coordinates":[[[47.123,59.609],[47.069,59.36],[47.28,59.342],[47.258,59.271],[47.3,59.235],[47.263,59.222],[47.329,59.154],[47.425,59.13],[47.459,59.167],[47.482,59.105],[47.581,59.029],[47.635,58.94],[47.619,58.906],[47.326,58.922],[47.295,58.91],[47.349,58.87],[47.302,58.848],[47.362,58.799],[47.241,58.764],[47.161,58.775],[47.025,58.706],[47.051,58.633],[46.682,58.609],[46.591,58.506],[46.625,58.468],[46.62,58.431],[46.435,58.386],[46.511,58.362],[46.438,58.313],[46.459,58.243],[46.486,58.236],[46.448,58.199],[46.388,58.196],[46.33,58.131],[46.39,58.08],[45.865,58.045],[45.792,58.019],[45.757,57.947],[45.699,57.92],[45.632,57.922],[45.467,58.034],[45.344,58.016],[45.224,58.075],[44.887,58.066],[44.841,58.031],[44.877,57.867],[44.825,57.838],[44.848,57.788],[44.777,57.763],[44.776,57.704],[44.611,57.703],[44.507,57.632],[44.468,57.559],[44.389,57.517],[44.265,57.513],[44.079,57.441],[43.728,57.448],[43.711,57.496],[43.648,57.526],[43.471,57.546],[43.367,57.522],[43.237,57.434],[43.208,57.63],[43.134,57.558],[43.175,57.456],[43.146,57.421],[43.096,57.391],[42.96,57.383],[42.812,57.416],[42.774,57.451],[42.859,57.496],[42.81,57.543],[42.842,57.666],[42.725,57.688],[42.683,57.635],[42.515,57.622],[42.474,57.643],[42.387,57.623],[42.358,57.585],[42.186,57.592],[42.134,57.57],[41.973,57.622],[41.955,57.658],[41.618,57.712],[41.597,57.698],[41.652,57.596],[41.648,57.524],[41.609,57.469],[41.23,57.405],[41.157,57.425],[41.157,57.383],[41.093,57.338],[41.035,57.339],[41.035,57.308],[40.921,57.345],[40.499,57.283],[40.432,57.329],[40.446,57.362],[40.406,57.396],[40.447,57.399],[40.415,57.479],[40.475,57.497],[40.455,57.541],[40.535,57.552],[40.524,57.6],[40.569,57.577],[40.593,57.608],[40.665,57.587],[40.694,57.617],[40.61,57.699],[40.699,57.792],[40.621,57.893],[40.771,57.953],[40.787,57.997],[40.76,58.062],[40.921,58.123],[40.88,58.178],[41.218,58.348],[41.114,58.417],[41.087,58.498],[40.975,58.527],[41.062,58.541],[41.078,58.552],[41.037,58.584],[41.21,58.644],[41.287,58.72],[41.179,58.786],[41.24,58.849],[41.283,58.837],[41.28,58.892],[41.212,58.916],[41.34,58.999],[41.381,58.941],[41.434,58.985],[41.659,59.062],[41.959,59.077],[42.007,59.12],[42.095,59.11],[42.111,59.235],[41.972,59.283],[42.075,59.425],[42.216,59.405],[42.208,59.365],[42.245,59.315],[42.321,59.264],[42.382,59.3],[42.619,59.326],[42.681,59.281],[42.689,59.237],[42.739,59.237],[42.838,59.146],[42.89,59.156],[42.895,59.208],[42.936,59.189],[43.081,59.211],[43.076,59.235],[43.162,59.267],[43.259,59.223],[43.362,59.217],[43.356,59.27],[43.515,59.304],[43.507,59.261],[43.55,59.227],[43.519,59.203],[43.551,59.183],[43.629,59.203],[43.616,59.233],[43.799,59.28],[43.821,59.264],[43.802,59.222],[44.014,59.197],[44.171,59.223],[44.193,59.18],[44.31,59.165],[44.316,59.136],[44.509,59.159],[44.998,59.12],[45.066,59.189],[45.28,59.186],[45.326,59.222],[45.677,59.194],[45.703,59.223],[45.774,59.193],[45.936,59.185],[46.058,59.329],[46.393,59.37],[46.425,59.468],[46.382,59.497],[46.428,59.592],[46.64,59.601],[46.659,59.57],[46.743,59.578],[46.799,59.615],[47.123,59.609]]]}},{"type":"Feature","properties":{"id":"35","name":"Krasnodar"},"geometry":{"type":"MultiPolygon","coordinates":[[[[36.649,45.315],[36.649,45.315],[36.649,45.315],[36.649,45.314],[36.65,45.314],[36.65,45.313],[36.649,45.313],[36.649,45.313],[36.649,45.313],[36.649,45.311],[36.648,45.311],[36.648,45.312],[36.647,45.312],[36.647,45.312],[36.647,45.312],[36.647,45.312],[36.647,45.312],[36.647,45.313],[36.647,45.313],[36.647,45.314],[36.647,45.314],[36.647,45.314],[36.648,45.314],[36.648,45.315],[36.649,45.315]]],[[[36.667,45.318],[36.667,45.318],[36.668,45.318],[36.668,45.318],[36.668,45.318],[36.668,45.317],[36.669,45.317],[36.669,45.317],[36.67,45.317],[36.67,45.317],[36.67,45.317],[36.67,45.317],[36.671,45.317],[36.671,45.316],[36.671,45.316],[36.671,45.317],[36.672,45.317],[36.672,45.316],[36.672,45.316],[36.672,45.316],[36.67,45.316],[36.67,45.315],[36.668,45.315],[36.668,45.316],[36.668,45.316],[36.668,45.317],[36.668,45.317],[36.668,45.317],[36.667,45.317],[36.667,45.317],[36.666,45.317],[36.666,45.318],[36.667,45.318]]],[[[36.705,45.332],[36.705,45.332],[36.707,45.332],[36.707,45.332],[36.708,45.332],[36.708,45.331],[36.708,45.331],[36.708,45.331],[36.705,45.331],[36.705,45.331],[36.703,45.331],[36.703,45.332],[36.701,45.332],[36.701,45.332],[36.705,45.332]]],[[[37.597,45.467],[37.597,45.466],[37.597,45.466],[37.597,45.466],[37.598,45.466],[37.598,45.466],[37.598,45.466],[37.598,45.465],[37.599,45.465],[37.599,45.465],[37.599,45.465],[37.599,45.465],[37.599,45.465],[37.599,45.464],[37.599,45.464],[37.599,45.463],[37.599,45.463],[37.599,45.463],[37.598,45.463],[37.598,45.463],[37.598,45.463],[37.598,45.463],[37.597,45.463],[37.597,45.462],[37.597,45.462],[37.597,45.462],[37.596,45.462],[37.596,45.462],[37.595,45.462],[37.595,45.462],[37.594,45.462],[37.594,45.463],[37.594,45.463],[37.594,45.463],[37.595,45.463],[37.595,45.464],[37.595,45.464],[37.595,45.465],[37.595,45.465],[37.595,45.465],[37.595,45.465],[37.595,45.465],[37.596,45.465],[37.596,45.466],[37.596,45.466],[37.596,45.466],[37.597,45.466],[37.597,45.467],[37.597,45.467]]],[[[38.28,46.226],[38.28,46.226],[38.281,46.226],[38.281,46.226],[38.281,46.226],[38.281,46.225],[38.282,46.225],[38.282,46.225],[38.282,46.225],[38.282,46.225],[38.282,46.225],[38.282,46.224],[38.282,46.224],[38.282,46.222],[38.282,46.222],[38.282,46.222],[38.282,46.222],[38.282,46.222],[38.281,46.222],[38.281,46.221],[38.281,46.221],[38.281,46.221],[38.28,46.221],[38.28,46.221],[38.28,46.221],[38.28,46.22],[38.279,46.22],[38.279,46.22],[38.277,46.22],[38.277,46.22],[38.274,46.22],[38.274,46.22],[38.273,46.22],[38.273,46.22],[38.273,46.22],[38.273,46.221],[38.273,46.221],[38.273,46.221],[38.272,46.221],[38.272,46.221],[38.272,46.221],[38.272,46.223],[38.272,46.223],[38.272,46.223],[38.273,46.223],[38.273,46.224],[38.273,46.224],[38.273,46.224],[38.273,46.224],[38.273,46.225],[38.274,46.225],[38.274,46.225],[38.275,46.225],[38.275,46.225],[38.275,46.225],[38.275,46.225],[38.276,46.225],[38.276,46.226],[38.277,46.226],[38.277,46.226],[38.277,46.226],[38.277,46.226],[38.28,46.226]]],[[[38.501,46.88],[38.547,46.856],[38.66,46.873],[38.677,46.832],[38.889,46.835],[38.8,46.695],[38.8,46.629],[38.869,46.685],[39.078,46.673],[39.179,46.739],[39.189,46.803],[39.384,46.878],[39.458,46.839],[39.872,46.819],[40.026,46.754],[39.957,46.588],[40.166,46.523],[40.226,46.429],[40.191,46.377],[40.283,46.298],[40.659,46.298],[40.764,46.243],[40.95,46.292],[40.977,46.276],[40.978,46.163],[41.112,46.086],[41.183,45.985],[41.175,45.891],[41.256,45.862],[41.302,45.797],[41.283,45.766],[41.206,45.766],[41.193,45.709],[41.138,45.676],[41.032,45.71],[40.876,45.688],[40.84,45.644],[40.845,45.564],[40.943,45.519],[40.971,45.456],[41.038,45.416],[41.077,45.233],[41.217,45.208],[41.363,45.227],[41.42,45.204],[41.418,45.116],[41.542,44.995],[41.736,44.92],[41.748,44.821],[41.619,44.708],[41.51,44.678],[41.585,44.585],[41.731,44.491],[41.87,44.441],[41.852,44.411],[41.699,44.35],[41.798,44.274],[41.816,44.218],[41.724,44.055],[41.634,44.055],[41.587,43.971],[41.506,43.95],[41.411,43.986],[41.379,44.047],[40.97,44.111],[40.923,44.07],[40.96,44.007],[40.934,43.944],[40.819,43.911],[40.768,43.829],[40.762,43.76],[40.724,43.731],[40.716,43.531],[40.652,43.559],[40.572,43.516],[40.248,43.585],[40.102,43.568],[39.993,43.385],[39.917,43.421],[39.862,43.513],[39.719,43.578],[39.69,43.633],[39.608,43.667],[39.291,43.946],[39.036,44.096],[38.998,44.162],[38.866,44.197],[38.791,44.282],[38.201,44.417],[38.048,44.55],[38.075,44.557],[38.065,44.577],[37.967,44.578],[37.904,44.631],[37.932,44.645],[37.914,44.667],[37.802,44.734],[37.778,44.722],[37.811,44.679],[37.763,44.653],[37.482,44.694],[37.377,44.758],[37.296,44.89],[37.315,44.927],[37.238,44.99],[36.903,45.105],[36.633,45.14],[36.606,45.213],[36.733,45.218],[36.992,45.288],[36.996,45.327],[36.798,45.303],[36.765,45.376],[36.802,45.354],[36.857,45.38],[36.764,45.415],[36.712,45.347],[36.622,45.305],[36.784,45.442],[36.858,45.451],[37.08,45.363],[37.382,45.319],[37.366,45.335],[37.389,45.352],[37.449,45.346],[37.55,45.392],[37.606,45.477],[37.615,45.665],[37.835,45.757],[37.972,46.034],[38.111,46.057],[38.067,45.969],[38.093,45.965],[38.085,45.94],[38.107,45.95],[38.152,45.999],[38.185,46.115],[38.244,46.157],[38.277,46.262],[38.256,46.154],[38.459,46.043],[38.581,46.038],[38.568,46.115],[38.338,46.214],[38.132,46.382],[38,46.409],[38.012,46.373],[37.99,46.364],[37.916,46.407],[37.727,46.687],[37.837,46.643],[38.002,46.635],[38.293,46.742],[38.29,46.703],[38.333,46.663],[38.507,46.642],[38.592,46.665],[38.59,46.715],[38.513,46.75],[38.412,46.755],[38.395,46.726],[38.42,46.822],[38.501,46.88]],[[39.618,45.182],[39.467,45.097],[39.185,45.007],[38.955,44.997],[38.811,45.06],[38.699,45.046],[38.632,45.089],[38.57,45.033],[38.601,44.989],[38.718,44.975],[38.81,44.906],[39.001,44.85],[39.156,44.861],[39.42,44.823],[39.581,44.86],[39.615,44.983],[39.67,45.056],[39.761,45],[39.827,45.015],[39.929,44.992],[39.898,44.936],[39.999,44.903],[40.006,44.859],[39.955,44.82],[40.049,44.773],[39.917,44.711],[39.92,44.638],[39.841,44.584],[39.896,44.452],[39.861,44.372],[39.912,44.334],[39.982,44.337],[40.028,44.274],[40.09,44.274],[40.095,44.149],[40.018,44.098],[39.946,44.09],[39.871,44.187],[39.77,44.229],[39.712,44.2],[39.793,44.099],[39.718,44.075],[39.741,44.02],[39.648,43.989],[39.731,43.937],[39.938,43.947],[40.038,43.881],[40.165,43.867],[40.29,43.79],[40.354,43.809],[40.429,43.877],[40.476,43.976],[40.416,44.188],[40.5,44.359],[40.357,44.588],[40.387,44.672],[40.457,44.754],[40.563,44.729],[40.68,44.582],[40.683,44.488],[40.725,44.449],[40.815,44.475],[40.757,44.606],[40.716,44.675],[40.69,44.638],[40.744,44.583],[40.736,44.493],[40.644,44.652],[40.68,44.686],[40.714,44.677],[40.639,44.753],[40.539,44.932],[40.3,45.095],[40.142,45.102],[40.029,45.062],[39.875,45.102],[39.781,45.162],[39.68,45.156],[39.618,45.182]]]]}},{"type":"Feature","properties":{"id":"36","name":"Krasnoyarsk"},"geometry":{"type":"MultiPolygon","coordinates":[[[[106.367,69.535],[106.287,69.476],[106.192,69.458],[106.156,69.391],[106.541,69.151],[106.904,68.877],[106.96,68.648],[106.933,68.179],[106.813,67.638],[106.797,67.376],[106.752,67.291],[106.654,67.252],[106.473,67.276],[106.292,67.208],[106.08,67.196],[106.012,67.065],[105.547,67.046],[105.523,67.015],[105.709,66.943],[105.93,66.956],[105.951,66.906],[106.146,66.92],[106.142,66.867],[106.065,66.817],[106.211,66.81],[106.231,66.759],[106.312,66.72],[106.271,66.647],[106.32,66.592],[106.328,66.52],[106.291,66.47],[106.2,66.426],[106.186,66.181],[106.45,66.113],[106.503,66.054],[106.52,65.985],[106.476,65.737],[106.496,65.689],[106.694,65.641],[106.853,65.542],[107.044,65.521],[106.872,65.469],[106.837,65.38],[106.638,65.388],[106.531,65.356],[106.446,65.274],[106.527,65.216],[106.416,65.216],[106.312,65.144],[106.201,65.128],[106.166,65.083],[106.045,65.079],[106.005,65.049],[106.014,64.999],[106.091,64.972],[106.092,64.928],[106.191,64.893],[106.083,64.877],[106.022,64.918],[105.969,64.913],[105.935,64.865],[105.97,64.825],[105.864,64.744],[105.903,64.696],[105.868,64.672],[105.726,64.674],[105.769,64.594],[105.725,64.57],[105.864,64.48],[105.992,64.537],[106.126,64.521],[106.142,64.474],[106.098,64.441],[106.161,64.407],[106.568,64.449],[106.613,64.471],[106.597,64.51],[106.682,64.531],[106.776,64.414],[106.954,64.42],[107.011,64.366],[107.274,64.356],[107.306,64.265],[107.622,64.286],[107.933,64.194],[108.057,64.194],[108.07,64.231],[108.225,64.2],[108.288,64.108],[108.42,64.041],[108.291,63.92],[108.211,63.959],[107.816,63.951],[107.641,63.929],[107.601,63.86],[107.528,63.839],[107.371,63.85],[107.224,63.917],[107.113,63.858],[106.735,63.948],[106.692,63.93],[106.759,63.793],[106.668,63.688],[106.639,63.618],[106.651,63.562],[106.525,63.484],[106.568,63.429],[106.743,63.323],[106.585,63.257],[106.478,63.292],[106.395,63.273],[106.357,63.21],[106.445,63.164],[106.396,63.053],[106.175,63.023],[106.21,62.964],[106.204,62.901],[106.39,62.82],[106.528,62.71],[106.482,62.657],[106.553,62.612],[106.808,62.578],[106.734,62.52],[106.746,62.468],[106.476,62.334],[106.454,62.284],[106.367,62.234],[106.373,62.201],[106.436,62.175],[106.358,62.006],[105.886,61.793],[105.947,61.664],[105.807,61.613],[105.618,61.611],[105.57,61.566],[105.265,61.454],[105.247,61.415],[104.919,61.343],[104.905,61.296],[104.982,61.256],[105.013,61.189],[104.711,61.106],[104.704,61.062],[104.597,61.039],[104.556,60.986],[104.564,60.835],[104.448,60.806],[104.455,60.76],[104.536,60.75],[104.571,60.712],[104.477,60.603],[104.56,60.509],[104.933,60.317],[105.09,60.285],[105.264,60.297],[105.339,60.255],[105.434,60.265],[105.415,60.066],[105.463,60.011],[105.407,59.931],[105.487,59.891],[105.494,59.849],[105.058,59.858],[104.967,59.765],[104.736,59.673],[104.817,59.606],[104.836,59.538],[105.003,59.443],[105.145,59.444],[105.16,59.366],[105.111,59.32],[105.277,59.231],[105.301,59.101],[105.071,59.038],[104.734,58.874],[104.708,58.83],[104.763,58.766],[104.838,58.737],[104.619,58.637],[104.435,58.61],[104.283,58.625],[104.293,58.713],[104.209,58.721],[104.193,58.771],[104.052,58.78],[103.903,58.743],[103.879,58.893],[103.468,58.953],[103.288,59.068],[103.284,59.12],[103.174,59.189],[103.177,59.25],[103.302,59.251],[103.298,59.282],[103.118,59.294],[103.023,59.272],[102.89,59.306],[102.776,59.249],[102.751,59.207],[102.614,59.221],[102.401,59.167],[102.321,59.044],[102.361,58.972],[102.471,58.888],[102.496,58.752],[102.432,58.691],[102.259,58.641],[102.078,58.513],[101.701,58.463],[101.619,58.423],[101.47,58.247],[101.342,58.233],[101.077,58.116],[101.065,58.073],[101.148,58.046],[100.978,57.938],[100.974,57.879],[100.714,57.886],[100.722,57.831],[100.774,57.783],[100.717,57.681],[100.767,57.601],[100.849,57.574],[100.873,57.502],[100.828,57.477],[100.737,57.489],[100.662,57.425],[100.597,57.427],[100.55,57.487],[100.344,57.55],[100.321,57.605],[100.366,57.639],[100.286,57.684],[100.323,57.74],[100.246,57.776],[100.257,57.815],[100.005,57.864],[100.017,57.899],[99.968,57.949],[100.045,58.03],[99.931,58.09],[99.803,58.061],[99.698,58.09],[99.562,58.074],[99.527,57.992],[99.427,57.958],[99.428,57.899],[99.368,57.877],[99.362,57.802],[99.064,57.786],[98.992,57.74],[98.761,57.733],[98.7,57.79],[97.851,57.808],[97.272,57.055],[97.549,56.974],[97.521,56.923],[97.406,56.888],[97.393,56.843],[97.432,56.809],[97.723,56.798],[97.679,56.587],[97.815,56.576],[97.833,56.553],[97.791,56.483],[97.816,56.411],[97.463,56.385],[97.48,56.216],[97.374,56.221],[97.36,56.125],[97.246,56.06],[97.19,56.098],[97.066,56.108],[97.027,56.03],[96.898,56.021],[96.859,55.884],[96.676,55.789],[96.656,55.747],[96.691,55.69],[96.649,55.657],[96.745,55.611],[96.713,55.548],[96.746,55.505],[96.726,55.431],[96.819,55.335],[96.567,55.27],[96.619,55.18],[96.583,55.136],[96.597,55.07],[96.529,55.015],[96.532,54.981],[96.604,54.934],[96.616,54.863],[96.442,54.594],[96.449,54.544],[96.009,54.574],[95.887,54.445],[95.694,54.425],[95.631,54.401],[95.599,54.352],[95.582,54.246],[95.695,54.235],[95.77,54.168],[95.976,54.082],[95.982,54.024],[96.089,53.986],[96.235,53.834],[96.326,53.8],[96.427,53.706],[96.657,53.673],[96.626,53.595],[96.356,53.537],[96.174,53.589],[96.15,53.536],[96.056,53.523],[95.996,53.471],[95.798,53.503],[95.692,53.48],[95.657,53.511],[95.317,53.399],[95.128,53.462],[94.977,53.39],[94.968,53.408],[94.667,53.387],[94.566,53.334],[94.648,53.288],[94.648,53.253],[94.571,53.218],[94.518,53.009],[94.467,52.937],[94.249,52.92],[94.135,52.883],[94.043,52.791],[93.987,52.681],[93.907,52.654],[93.9,52.579],[93.746,52.488],[93.743,52.383],[93.636,52.335],[93.595,52.206],[93.415,52.184],[93.324,52.145],[92.826,51.852],[92.645,51.858],[92.388,51.796],[92.255,51.815],[91.95,51.759],[91.848,51.776],[91.82,51.825],[91.748,51.857],[91.609,51.835],[91.383,51.892],[91.12,51.867],[91.061,51.917],[90.982,51.929],[90.794,51.879],[90.651,52.06],[90.546,52.093],[90.452,52.163],[90.7,52.458],[90.899,52.577],[90.995,52.601],[91.038,52.66],[91.242,52.748],[91.396,52.868],[91.408,52.947],[91.351,53.078],[91.574,53.122],[91.841,53.288],[91.846,53.352],[91.744,53.447],[91.47,53.514],[91.454,53.606],[91.333,53.758],[91.327,53.817],[91.422,53.893],[91.465,53.966],[91.464,54.057],[91.252,54.275],[91.159,54.488],[90.855,54.627],[90.915,54.791],[90.84,54.839],[90.715,54.831],[90.724,54.871],[90.685,54.905],[90.458,54.871],[90.483,54.928],[90.436,55.016],[90.229,55.066],[90.237,55.106],[90.196,55.151],[90.129,55.105],[89.904,55.086],[89.658,55.003],[89.567,55.058],[89.447,55.039],[89.392,54.974],[89.347,55],[89.201,54.99],[89.147,55.076],[89.038,55.084],[89.067,55.132],[88.966,55.185],[88.95,55.289],[88.822,55.348],[88.76,55.344],[88.691,55.411],[88.636,55.425],[88.961,55.653],[89.193,55.684],[89.265,55.739],[89.423,55.78],[89.41,55.81],[89.439,55.853],[89.337,55.88],[89.247,56.015],[89.255,56.093],[89.114,56.186],[89.071,56.288],[88.931,56.294],[88.875,56.359],[88.719,56.358],[88.667,56.426],[88.598,56.46],[88.615,56.502],[88.499,56.555],[88.534,56.612],[88.673,56.643],[88.686,56.705],[88.646,56.739],[88.646,56.846],[88.614,56.872],[88.728,57.019],[88.682,57.074],[88.515,57.064],[88.535,57.105],[88.693,57.188],[88.88,57.419],[89.091,57.474],[89.049,57.556],[89.362,57.611],[89.385,57.654],[89.354,57.733],[89.379,57.831],[89.366,57.867],[89.25,57.929],[88.877,57.935],[88.738,57.977],[88.632,58.047],[88.075,58.109],[88.062,58.178],[87.954,58.271],[87.903,58.502],[88.006,58.6],[88.305,58.766],[88.521,58.938],[88.801,59.014],[88.782,59.075],[88.591,59.18],[88.549,59.287],[87.866,59.243],[87.693,59.387],[87.482,59.665],[87.145,59.671],[87.125,59.814],[87.078,59.86],[86.964,59.884],[86.329,59.946],[85.872,59.93],[85.543,59.885],[84.644,59.873],[84.593,59.944],[84.577,59.982],[84.669,60.102],[84.639,60.157],[84.655,60.201],[84.747,60.242],[84.826,60.335],[84.398,60.746],[84.28,60.788],[84.253,60.844],[84.566,60.957],[85.662,61.259],[85.678,61.326],[85.654,61.393],[85.799,61.449],[85.964,61.468],[85.969,61.505],[85.916,61.548],[85.655,61.577],[85.402,61.687],[85.213,61.698],[84.764,61.789],[84.594,61.893],[84.513,61.989],[84.494,62.068],[84.536,62.227],[84.918,62.447],[84.97,62.54],[84.96,62.579],[85.043,62.668],[85.278,62.777],[85.352,62.861],[85.509,62.923],[85.535,63.005],[85.591,63.026],[85.616,63.076],[85.534,63.17],[85.587,63.204],[85.565,63.249],[85.611,63.361],[85.456,63.37],[85.346,63.483],[85.151,63.532],[85.122,63.579],[85.315,63.668],[85.326,63.802],[85.357,63.838],[85.961,64.052],[85.949,64.166],[85.984,64.191],[85.966,64.266],[85.89,64.365],[85.915,64.403],[85.818,64.492],[85.921,64.572],[85.872,64.634],[85.855,64.756],[85.563,64.837],[85.353,64.772],[85.255,64.78],[85.161,64.827],[85.018,64.849],[85.101,64.891],[85.076,64.923],[84.715,64.894],[84.423,64.907],[84.382,64.933],[84.449,64.994],[84.339,65.105],[84.414,65.175],[84.653,65.269],[84.571,65.39],[84.584,65.447],[84.548,65.486],[84.413,65.535],[84.179,65.567],[84.358,65.611],[84.311,65.657],[83.96,65.757],[83.756,65.737],[83.573,65.787],[83.54,65.895],[83.405,65.967],[83.372,66.014],[83.465,66.054],[83.467,66.103],[83.605,66.143],[83.375,66.33],[83.117,66.455],[83.108,66.5],[83.314,66.603],[83.352,66.652],[83.294,66.689],[83.24,66.784],[83.08,66.825],[83.062,66.882],[82.175,67.201],[82.363,67.288],[82.34,67.398],[82.422,67.462],[82.415,67.499],[82.137,67.608],[82.099,67.642],[82.115,67.682],[82.095,67.71],[81.954,67.749],[81.784,67.883],[82.105,67.927],[82.242,67.903],[82.409,67.924],[82.423,68.067],[82.564,68.132],[82.595,68.217],[82.761,68.261],[82.746,68.296],[82.782,68.417],[82.721,68.551],[82.945,68.606],[82.883,68.712],[82.641,68.8],[82.57,68.936],[82.433,69.03],[82.542,69.079],[82.521,69.102],[82.473,69.127],[81.947,69.177],[81.927,69.214],[82.078,69.289],[82.079,69.343],[81.794,69.417],[81.723,69.375],[81.745,69.313],[81.712,69.266],[81.627,69.235],[81.391,69.239],[81.155,69.188],[81.032,69.192],[80.705,69.281],[80.314,69.313],[80.007,69.304],[79.888,69.327],[79.779,69.395],[79.702,69.4],[79.62,69.466],[79.577,69.57],[79.513,69.621],[79.117,69.651],[79.152,69.736],[79.035,69.813],[78.999,69.869],[79.212,69.942],[79.41,70.052],[79.419,70.12],[79.533,70.137],[79.612,70.127],[79.629,70.099],[79.779,70.199],[80.275,70.365],[80.281,70.399],[80.618,70.418],[80.898,70.371],[80.944,70.397],[80.928,70.417],[80.775,70.475],[80.941,70.628],[80.767,70.693],[80.854,70.794],[80.746,70.869],[80.717,70.997],[80.641,71.044],[79.952,71.133],[79.703,71.254],[79.401,71.314],[79.33,71.418],[79.353,71.456],[79.436,71.467],[79.467,71.501],[79.448,71.598],[79.847,71.601],[80.037,71.63],[80.171,71.693],[80.232,71.752],[80.253,71.825],[80.471,71.847],[80.498,71.871],[80.435,71.922],[79.824,72.051],[79.296,72.046],[79.005,72.113],[78.704,72.209],[78.721,72.266],[78.531,72.372],[78.58,72.372],[78.509,72.379],[79.47,72.345],[80.04,72.181],[80.013,72.155],[80.094,72.175],[80.606,72.1],[80.717,72.007],[80.849,72],[81.245,71.838],[81.328,71.747],[81.663,71.684],[82.241,71.696],[82.845,71.763],[83.194,71.717],[83.308,71.674],[83.183,71.572],[82.976,71.528],[82.999,71.402],[82.243,71.25],[82.325,71.064],[82.195,70.999],[82.278,70.976],[82.257,70.941],[82.222,70.945],[82.416,70.74],[82.262,70.681],[82.222,70.604],[82.087,70.561],[82.163,70.499],[82.156,70.468],[82.087,70.421],[81.914,70.383],[81.925,70.359],[81.855,70.336],[81.918,70.342],[81.933,70.298],[81.81,70.211],[81.858,70.212],[81.951,70.298],[81.962,70.384],[82.054,70.394],[82.161,70.454],[82.155,70.383],[82.263,70.333],[82.273,70.298],[82.019,70.281],[82.231,70.272],[82.34,70.208],[82.361,70.165],[82.199,70.115],[82.205,70.051],[82.237,70.044],[82.219,70.105],[82.251,70.135],[82.38,70.159],[82.415,70.141],[82.445,70.17],[82.734,70.129],[82.995,70.023],[82.946,69.978],[82.702,70.013],[82.735,69.987],[83.148,69.935],[83.426,69.805],[83.517,69.719],[83.858,69.716],[83.847,69.698],[83.882,69.71],[83.865,69.727],[83.971,69.724],[84.149,69.584],[84.289,69.55],[84.551,69.609],[84.501,69.632],[84.405,69.609],[84.4,69.66],[84.314,69.694],[84.069,69.712],[83.915,69.795],[83.998,69.78],[83.963,69.799],[83.702,69.863],[83.568,69.95],[83.528,70.011],[83.438,70.045],[83.157,70.071],[83.183,70.14],[82.988,70.287],[83.042,70.333],[83.205,70.3],[83.493,70.336],[83.55,70.308],[83.539,70.341],[83.785,70.453],[83.738,70.496],[83.776,70.514],[83.714,70.508],[83.767,70.544],[83.682,70.587],[83.707,70.59],[83.601,70.698],[83.612,70.732],[83.568,70.751],[83.591,70.764],[83.443,70.97],[83.362,71.029],[83.225,71.051],[83.16,71.11],[83.242,71.096],[83.267,71.129],[83.154,71.234],[83.325,71.294],[83.388,71.353],[83.383,71.392],[83.434,71.471],[83.587,71.506],[83.669,71.591],[83.652,71.627],[83.397,71.728],[83.436,71.78],[83.304,71.836],[82.757,71.894],[82.696,71.863],[82.513,72.028],[82.256,72.102],[82.336,72.086],[82.474,72.134],[82.42,72.138],[82.438,72.154],[82.271,72.245],[81.912,72.302],[81.964,72.338],[81.882,72.312],[81.301,72.343],[80.861,72.438],[80.773,72.506],[80.865,72.537],[80.831,72.57],[80.938,72.608],[80.879,72.629],[80.707,72.618],[80.686,72.677],[80.696,72.724],[80.896,72.791],[80.827,72.815],[80.875,72.857],[80.887,72.918],[80.802,72.999],[80.817,73.018],[80.519,73.075],[80.632,73.089],[80.649,73.104],[80.617,73.128],[80.402,73.149],[80.422,73.165],[80.39,73.175],[80.314,73.164],[80.597,73.18],[80.591,73.201],[80.809,73.193],[80.689,73.209],[80.655,73.231],[80.695,73.234],[80.519,73.278],[80.35,73.289],[80.447,73.353],[80.569,73.354],[80.54,73.37],[80.736,73.43],[80.652,73.433],[80.715,73.47],[80.677,73.49],[80.578,73.456],[80.508,73.501],[80.576,73.533],[80.528,73.539],[80.764,73.56],[80.878,73.532],[81.094,73.572],[81.323,73.565],[81.412,73.594],[81.914,73.627],[82.36,73.64],[82.436,73.594],[82.463,73.601],[82.448,73.628],[82.403,73.639],[83.479,73.634],[84.764,73.75],[85.324,73.697],[85.509,73.713],[85.491,73.749],[85.558,73.786],[86.081,73.852],[86.775,73.889],[87.103,73.847],[87.214,73.872],[87.169,73.872],[87.127,73.935],[86.962,73.982],[86.923,74.023],[87.454,74.075],[86.89,74.053],[86.812,74.083],[86.855,74.098],[86.705,74.12],[86.784,74.171],[86.679,74.228],[85.963,74.293],[85.891,74.323],[85.899,74.359],[85.963,74.39],[86.167,74.391],[86.302,74.319],[86.327,74.345],[86.28,74.399],[86.065,74.422],[86.552,74.476],[86.706,74.425],[86.656,74.403],[86.733,74.415],[86.798,74.382],[86.985,74.402],[86.953,74.392],[86.959,74.368],[86.738,74.314],[86.851,74.299],[86.884,74.308],[86.873,74.333],[86.996,74.352],[86.974,74.321],[87.02,74.304],[86.972,74.277],[87.015,74.271],[87.07,74.287],[87.081,74.323],[87.007,74.373],[87.03,74.386],[87.372,74.358],[87.375,74.385],[87.302,74.394],[87.32,74.438],[87.258,74.426],[87.319,74.366],[87.215,74.361],[87.044,74.409],[87.187,74.463],[87.134,74.487],[87.025,74.431],[86.792,74.423],[86.762,74.44],[86.812,74.447],[86.702,74.453],[86.73,74.487],[86.57,74.507],[86.773,74.557],[86.544,74.553],[86.367,74.586],[86.405,74.615],[86.002,74.635],[85.78,74.604],[85.871,74.632],[85.751,74.653],[85.886,74.683],[85.821,74.702],[85.837,74.721],[85.958,74.74],[86.035,74.719],[86.084,74.769],[86.151,74.768],[85.999,74.821],[86.121,74.835],[86.151,74.797],[86.245,74.821],[86.397,74.779],[86.402,74.757],[86.247,74.754],[86.364,74.7],[86.432,74.732],[86.555,74.725],[86.528,74.702],[86.646,74.721],[86.638,74.679],[86.568,74.662],[86.745,74.657],[86.691,74.643],[86.703,74.609],[86.794,74.628],[86.968,74.599],[86.874,74.64],[86.956,74.676],[86.795,74.68],[86.753,74.704],[86.863,74.734],[86.832,74.744],[86.865,74.758],[87.073,74.722],[87.047,74.747],[87.113,74.772],[87.031,74.771],[87.077,74.856],[87.171,74.857],[87.136,74.872],[87.394,74.947],[87.302,74.943],[87.205,74.988],[87.424,75.002],[87.486,74.977],[87.42,74.955],[87.565,74.936],[87.751,74.997],[87.733,75.031],[87.393,75.027],[87.086,75.081],[86.915,75.079],[86.954,75.058],[86.933,75.057],[86.876,75.088],[86.881,75.111],[87.213,75.149],[87.949,75.108],[88.344,75.151],[88.33,75.168],[88.386,75.169],[88.292,75.188],[88.528,75.28],[88.715,75.237],[88.602,75.283],[88.613,75.317],[88.96,75.333],[88.893,75.36],[88.764,75.352],[88.875,75.383],[89.087,75.395],[89.119,75.368],[89.089,75.347],[89.231,75.351],[89.141,75.358],[89.078,75.411],[88.745,75.395],[89.136,75.436],[89.307,75.51],[89.529,75.487],[89.339,75.499],[89.347,75.478],[89.313,75.464],[89.472,75.451],[89.425,75.43],[89.757,75.433],[89.701,75.477],[90.089,75.5],[89.956,75.539],[90.291,75.597],[90.463,75.582],[90.679,75.604],[90.722,75.618],[90.694,75.631],[90.937,75.664],[90.922,75.638],[90.991,75.604],[91.255,75.671],[91.215,75.639],[91.358,75.626],[91.497,75.659],[91.682,75.623],[91.679,75.668],[91.641,75.686],[91.702,75.699],[91.706,75.729],[91.824,75.722],[91.784,75.706],[92.019,75.723],[92.075,75.699],[92.127,75.733],[92.427,75.735],[92.447,75.743],[92.421,75.76],[92.475,75.775],[93.397,75.824],[94.186,75.936],[94.134,75.957],[94.108,75.929],[93.669,75.884],[93.603,75.895],[93.602,75.927],[93.563,75.942],[93.5,75.912],[93.551,75.882],[93.493,75.871],[93.271,75.936],[93.362,75.984],[92.974,75.924],[93.178,75.898],[93.055,75.885],[92.871,75.886],[92.938,75.918],[92.886,75.93],[92.887,75.956],[92.821,75.961],[92.982,75.989],[92.956,76.003],[92.975,76.033],[92.933,76.05],[93.074,76.065],[93.042,76.034],[93.126,76.005],[93.276,76.035],[93.24,76.057],[93.324,76.074],[93.164,76.092],[93.25,76.112],[93.312,76.087],[93.419,76.113],[93.498,76.097],[93.363,76.067],[93.463,76.038],[93.407,76.016],[93.43,76.009],[93.564,76.03],[93.564,76.058],[94.034,76.051],[93.687,76.109],[93.719,76.119],[94.099,76.127],[94.196,76.099],[94.42,76.128],[94.398,76.108],[94.494,76.094],[94.485,76.07],[94.678,76.083],[94.607,76.103],[94.636,76.111],[94.81,76.109],[94.761,76.117],[94.805,76.134],[94.786,76.137],[94.539,76.141],[94.611,76.154],[94.872,76.153],[95.081,76.095],[95.187,76.119],[95.292,76.103],[95.449,76.161],[96.276,76.088],[96.017,76.054],[96.15,76.038],[95.62,75.87],[95.725,75.829],[96.118,75.957],[96.193,75.932],[96.357,75.941],[96.386,75.95],[96.288,75.973],[96.444,76.004],[96.578,76.001],[96.524,75.973],[96.718,75.972],[96.438,75.862],[96.475,75.859],[96.703,75.9],[96.803,75.884],[96.961,75.926],[96.988,75.962],[97.298,76.023],[97.395,76.021],[97.2,75.989],[97.178,75.977],[97.271,75.952],[97.169,75.927],[97.31,75.924],[97.354,75.969],[97.489,75.99],[97.862,75.971],[97.791,76.021],[97.566,76.035],[97.827,76.085],[97.943,76.041],[98.225,76.066],[98.264,76.084],[97.966,76.109],[98.201,76.156],[98.433,76.165],[98.857,76.254],[98.899,76.246],[98.806,76.205],[99.344,76.197],[99.368,76.188],[99.205,76.138],[99.311,76.118],[99.612,76.149],[99.579,76.133],[99.587,76.111],[99.449,76.092],[99.623,76.081],[99.773,76.144],[99.62,76.19],[99.58,76.238],[99.395,76.272],[99.314,76.327],[99.104,76.334],[99.031,76.407],[98.885,76.463],[98.982,76.495],[99.486,76.44],[100.323,76.442],[100.834,76.488],[101.125,76.544],[101.197,76.669],[101.321,76.7],[101.291,76.732],[101.052,76.76],[100.952,76.841],[101.085,76.957],[101.248,76.942],[101.349,76.965],[101.341,77.014],[101.419,77.036],[101.285,77.044],[101.417,77.106],[102.148,77.36],[102.408,77.333],[102.309,77.373],[102.526,77.385],[102.466,77.402],[102.7,77.506],[103.042,77.551],[103.26,77.636],[103.66,77.624],[104.108,77.729],[104.3,77.729],[104.356,77.711],[104.288,77.689],[104.415,77.661],[104.65,77.694],[104.812,77.686],[104.812,77.65],[104.864,77.643],[104.823,77.629],[104.989,77.58],[105.067,77.597],[105.502,77.545],[105.919,77.564],[105.878,77.552],[105.953,77.513],[105.921,77.499],[105.963,77.492],[105.936,77.477],[106.036,77.438],[106.016,77.423],[106.3,77.378],[106.142,77.35],[105.852,77.38],[105.522,77.357],[105.507,77.339],[105.834,77.358],[105.603,77.289],[105.27,77.261],[105.618,77.263],[105.418,77.201],[104.952,77.15],[104.724,77.157],[104.243,77.083],[104.696,77.077],[104.775,77.101],[105.081,77.053],[105.22,77.085],[105.386,77.066],[105.792,77.09],[105.933,77.127],[105.875,77.099],[105.884,77.061],[105.753,77.036],[105.809,77.019],[105.469,76.998],[105.553,77.002],[105.629,76.968],[105.882,76.983],[106.218,77.055],[106.466,77.035],[106.498,77.001],[106.619,77.027],[106.68,76.993],[106.769,77.001],[106.673,77.01],[106.779,77.027],[106.746,77.049],[106.857,77.048],[106.963,77.023],[106.942,77.011],[107.081,77.009],[107.006,76.993],[107.03,76.988],[107.337,77.006],[107.241,76.99],[107.351,76.966],[107.324,76.956],[107.39,76.927],[107.538,76.912],[107.246,76.881],[107.399,76.863],[107.226,76.828],[107.333,76.828],[107.255,76.798],[107.056,76.785],[107.051,76.736],[106.919,76.707],[106.789,76.715],[106.801,76.676],[106.859,76.661],[106.793,76.631],[106.799,76.601],[106.735,76.582],[106.756,76.564],[106.663,76.531],[106.561,76.577],[106.443,76.567],[106.535,76.533],[106.475,76.514],[106.615,76.488],[106.603,76.474],[106.793,76.496],[106.884,76.451],[106.907,76.494],[107.365,76.52],[107.711,76.493],[108.01,76.572],[108.036,76.626],[107.979,76.659],[108,76.678],[107.974,76.72],[108.287,76.75],[108.686,76.706],[109.456,76.777],[109.966,76.71],[109.941,76.699],[110.08,76.719],[110.109,76.68],[110.139,76.716],[110.427,76.757],[110.751,76.769],[110.724,76.761],[110.942,76.736],[111.195,76.774],[111.304,76.759],[111.209,76.726],[111.265,76.716],[111.249,76.691],[111.635,76.704],[111.812,76.68],[111.836,76.663],[111.652,76.694],[111.686,76.677],[111.591,76.634],[112.035,76.561],[112.057,76.527],[112.17,76.51],[112.264,76.455],[111.978,76.361],[111.933,76.317],[111.979,76.258],[111.925,76.237],[111.949,76.216],[112.015,76.256],[111.954,76.302],[111.965,76.327],[112.38,76.453],[112.829,76.323],[112.758,76.297],[112.729,76.238],[112.753,76.205],[112.488,76.234],[112.59,76.202],[112.564,76.193],[112.668,76.187],[112.632,76.175],[112.813,76.192],[112.802,76.166],[112.884,76.098],[112.616,76.052],[112.799,76.058],[112.947,76.029],[112.911,76.053],[113.077,76.079],[113.011,76.117],[113.061,76.142],[113.255,76.149],[113.361,76.121],[113.179,76.183],[113.027,76.192],[112.972,76.233],[113.298,76.253],[113.352,76.22],[113.307,76.212],[113.415,76.198],[113.468,76.162],[113.51,76.106],[113.476,76.084],[113.555,76.019],[113.543,75.98],[113.586,75.928],[113.544,75.912],[113.597,75.889],[113.581,75.877],[113.649,75.869],[113.581,75.919],[113.769,75.945],[113.904,75.907],[113.915,75.825],[113.871,75.763],[113.783,75.712],[113.713,75.617],[113.547,75.536],[113.381,75.551],[113.609,75.65],[113.31,75.685],[112.981,75.669],[113.137,75.704],[112.625,75.831],[112.248,75.856],[112.425,75.835],[112.489,75.777],[112.839,75.74],[112.875,75.703],[112.783,75.69],[112.625,75.718],[112.603,75.698],[112.799,75.681],[112.792,75.656],[112.867,75.634],[112.768,75.588],[112.784,75.548],[112.944,75.545],[113.007,75.57],[112.955,75.59],[112.977,75.609],[113.267,75.663],[113.319,75.646],[113.301,75.612],[113.337,75.601],[113.281,75.593],[113.294,75.559],[113.399,75.517],[113.703,75.505],[113.748,75.432],[113.524,75.385],[113.693,75.372],[113.673,75.311],[113.51,75.21],[113.014,75.029],[112.911,75.016],[112.872,74.99],[112.892,74.985],[112.77,74.942],[112.526,74.891],[112.504,74.891],[112.565,74.922],[112.133,74.884],[112.165,74.867],[111.987,74.762],[111.885,74.769],[111.959,74.737],[111.83,74.693],[111.796,74.652],[111.565,74.691],[111.42,74.684],[110.99,74.539],[110.55,74.484],[110.2,74.498],[110.403,74.489],[110.423,74.446],[110.133,74.35],[110.046,74.347],[110.172,74.373],[110.093,74.388],[109.775,74.302],[109.671,74.332],[109.37,74.282],[109.523,74.309],[109.766,74.292],[109.902,74.321],[109.939,74.276],[109.871,74.195],[109.523,74.08],[109.08,74.046],[108.531,73.786],[108.303,73.824],[108.407,73.812],[108.419,73.756],[108.212,73.666],[107.839,73.618],[107.257,73.628],[107.185,73.607],[106.674,73.644],[106.31,73.634],[106.238,73.666],[106.134,73.65],[106.271,73.609],[106.72,73.615],[107.065,73.554],[107.073,73.516],[107.038,73.476],[106.879,73.436],[106.843,73.372],[106.86,73.349],[106.784,73.31],[106.301,73.31],[106.13,73.259],[106.034,73.159],[105.994,73.155],[106.051,73.136],[105.915,73.097],[105.908,72.998],[105.767,72.944],[105.722,72.881],[105.256,72.782],[105.318,72.745],[105.476,72.735],[105.872,72.854],[105.984,72.832],[105.926,72.861],[106.01,72.921],[106.22,72.966],[106.239,72.996],[106.2,73.093],[106.366,73.177],[106.791,73.124],[107.14,73.154],[107.767,73.147],[108.107,73.227],[108.233,73.121],[108.514,73.091],[108.395,73.117],[108.408,73.224],[108.572,73.255],[108.172,73.256],[108.255,73.286],[108.887,73.335],[109.288,73.396],[109.222,73.419],[109.207,73.445],[109.232,73.463],[109.417,73.393],[109.507,73.416],[109.459,73.424],[109.481,73.447],[109.825,73.439],[110.099,73.495],[110.15,73.539],[110.065,73.536],[110.097,73.561],[110.381,73.588],[110.348,73.603],[110.45,73.639],[110.891,73.677],[110.842,73.718],[110.889,73.764],[110.659,73.793],[110.3,73.688],[109.775,73.692],[109.733,73.68],[109.748,73.652],[109.623,73.693],[109.541,73.765],[109.532,73.818],[109.84,73.879],[109.964,73.999],[110.33,74.017],[111.006,73.898],[111.092,73.925],[111.105,73.943],[111.057,73.946],[111.055,73.968],[111.133,74.016],[111.522,74.045],[111.589,74.009],[111.21,73.972],[111.199,73.946],[111.277,73.871],[110.935,73.783],[110.899,73.696],[111.074,73.685],[111.166,73.612],[110.898,73.619],[110.683,73.441],[110.196,73.439],[110.135,73.408],[110.549,73.348],[110.569,73.293],[110.362,73.228],[110.467,73.181],[110.682,73.205],[110.905,73.165],[110.841,73.129],[110.927,73.085],[110.916,73.043],[110.785,73.035],[110.712,72.995],[110.881,72.986],[110.762,72.89],[110.758,72.843],[110.719,72.808],[110.78,72.651],[110.94,72.641],[110.914,72.59],[111.113,72.576],[111.216,72.539],[111.213,72.48],[111.062,72.407],[111.146,72.364],[111.581,72.332],[111.69,72.29],[111.692,72.237],[111.648,72.192],[112.015,72.121],[112.051,72.055],[112.058,71.928],[112.028,71.793],[112.121,71.529],[112.092,71.431],[112.126,71.398],[112.336,71.365],[112.511,71.289],[112.756,71.262],[112.755,71.213],[112.611,71.202],[112.582,71.147],[112.62,71.115],[112.572,71.073],[112.427,71.067],[112.375,71.018],[112.319,71.009],[112.175,71.052],[112.001,70.972],[111.581,70.933],[111.481,70.873],[111.276,70.864],[110.982,70.792],[110.612,70.753],[110.491,70.704],[110.211,70.66],[110.157,70.625],[110.195,70.588],[110.124,70.57],[110.117,70.51],[110.298,70.463],[110.345,70.421],[109.671,70.384],[109.626,70.359],[109.665,70.312],[109.613,70.255],[109.421,70.229],[109.405,70.172],[109.476,70.144],[109.448,70.064],[109.583,70.04],[109.576,70.013],[109.501,69.985],[109.474,69.891],[109.355,69.784],[108.975,69.773],[108.925,69.798],[108.935,69.848],[108.852,69.855],[108.337,69.843],[108.113,69.778],[108.027,69.702],[107.967,69.687],[107.505,69.659],[106.931,69.537],[106.687,69.536],[106.511,69.575],[106.367,69.535]],[[91.425,53.699],[91.444,53.697],[91.453,53.702],[91.451,53.711],[91.44,53.717],[91.43,53.715],[91.425,53.699]]],[[[84.322,69.578],[84.221,69.588],[84.198,69.628],[84.344,69.59],[84.322,69.578]]],[[[84.355,69.639],[84.271,69.682],[84.346,69.673],[84.374,69.646],[84.355,69.639]]],[[[83.618,69.73],[83.591,69.729],[83.58,69.729],[83.567,69.733],[83.567,69.733],[83.557,69.738],[83.561,69.74],[83.609,69.735],[83.624,69.732],[83.618,69.73]]],[[[83.571,69.86],[83.719,69.82],[83.838,69.749],[83.739,69.729],[83.514,69.75],[83.477,69.78],[83.482,69.829],[83.571,69.86]]],[[[83.353,69.869],[83.234,69.889],[83.202,69.928],[83.353,69.869]]],[[[83.362,70],[83.445,69.905],[83.396,69.906],[83.305,69.988],[83.177,69.99],[83.198,70.022],[83.083,70.054],[83.362,70]]],[[[83.133,70.028],[83.173,70.02],[83.143,69.992],[83.288,69.986],[83.357,69.916],[83.485,69.868],[83.42,69.836],[83.253,69.927],[82.996,69.97],[83.018,70.03],[82.882,70.079],[83.133,70.028]]],[[[82.222,70.097],[82.22,70.081],[82.213,70.083],[82.207,70.095],[82.212,70.098],[82.222,70.097]]],[[[83.133,70.116],[83.119,70.112],[83.117,70.116],[83.138,70.133],[83.145,70.135],[83.15,70.133],[83.151,70.129],[83.147,70.124],[83.133,70.116]]],[[[83.137,70.142],[83.121,70.131],[83.115,70.131],[83.12,70.142],[83.128,70.145],[83.132,70.144],[83.134,70.144],[83.137,70.142]]],[[[82.369,70.185],[82.363,70.181],[82.352,70.193],[82.354,70.196],[82.358,70.199],[82.366,70.195],[82.369,70.185]]],[[[82.836,70.224],[82.822,70.188],[82.849,70.152],[82.77,70.19],[82.774,70.216],[82.836,70.224]]],[[[82.916,70.129],[82.843,70.173],[82.863,70.228],[82.902,70.219],[82.916,70.129]]],[[[82.424,70.175],[82.39,70.17],[82.33,70.23],[82.424,70.175]]],[[[82.962,70.217],[83.11,70.168],[83.083,70.121],[83.109,70.123],[83.043,70.099],[82.94,70.111],[82.917,70.188],[82.966,70.177],[82.91,70.23],[82.962,70.217]]],[[[82.917,70.246],[82.895,70.235],[82.877,70.237],[82.876,70.241],[82.888,70.245],[82.915,70.249],[82.917,70.246]]],[[[83.01,70.223],[82.94,70.244],[82.977,70.262],[83.01,70.223]]],[[[82.234,70.279],[82.229,70.275],[82.203,70.285],[82.212,70.288],[82.221,70.285],[82.225,70.284],[82.234,70.279]]],[[[82.432,70.248],[82.456,70.239],[82.357,70.325],[82.587,70.226],[82.586,70.165],[82.454,70.18],[82.299,70.25],[82.276,70.267],[82.285,70.328],[82.336,70.321],[82.432,70.248]]],[[[83.233,70.338],[83.224,70.336],[83.216,70.34],[83.184,70.35],[83.19,70.352],[83.234,70.349],[83.241,70.346],[83.233,70.338]]],[[[83.258,70.362],[83.238,70.353],[83.221,70.356],[83.219,70.358],[83.248,70.363],[83.258,70.362]]],[[[82.238,70.352],[82.269,70.342],[82.204,70.361],[82.238,70.352]]],[[[83.561,70.359],[83.515,70.357],[83.578,70.367],[83.561,70.359]]],[[[82.551,70.255],[82.626,70.243],[82.656,70.172],[82.597,70.178],[82.6,70.232],[82.444,70.289],[82.283,70.399],[82.461,70.348],[82.469,70.312],[82.551,70.255]]],[[[83.267,70.37],[83.224,70.367],[83.295,70.404],[83.267,70.37]]],[[[83.602,70.399],[83.627,70.398],[83.41,70.351],[83.533,70.415],[83.666,70.418],[83.602,70.399]]],[[[82.825,70.416],[82.82,70.414],[82.76,70.419],[82.736,70.423],[82.703,70.432],[82.691,70.443],[82.693,70.445],[82.693,70.445],[82.693,70.447],[82.782,70.425],[82.822,70.42],[82.825,70.416]]],[[[83.296,70.431],[83.284,70.43],[83.294,70.439],[83.316,70.449],[83.326,70.45],[83.326,70.449],[83.328,70.446],[83.323,70.443],[83.296,70.431]]],[[[83.636,70.455],[83.627,70.455],[83.627,70.461],[83.641,70.467],[83.657,70.47],[83.66,70.467],[83.654,70.463],[83.636,70.455]]],[[[82.312,70.374],[82.334,70.333],[82.192,70.391],[82.201,70.478],[82.21,70.415],[82.312,70.374]]],[[[83.74,70.461],[83.736,70.458],[83.723,70.463],[83.698,70.483],[83.708,70.487],[83.722,70.48],[83.736,70.469],[83.74,70.461]]],[[[82.657,70.491],[82.684,70.478],[82.667,70.452],[82.631,70.464],[82.657,70.491]]],[[[83.634,70.516],[83.648,70.485],[83.577,70.429],[83.397,70.39],[83.552,70.463],[83.527,70.487],[83.544,70.504],[83.634,70.516]]],[[[83.143,70.514],[83.258,70.511],[83.309,70.456],[83.173,70.382],[83.064,70.37],[83.101,70.514],[83.143,70.514]]],[[[83.698,70.53],[83.725,70.528],[83.696,70.502],[83.679,70.544],[83.698,70.53]]],[[[83.586,70.556],[83.511,70.513],[83.528,70.467],[83.497,70.459],[83.428,70.471],[83.366,70.531],[83.586,70.556]]],[[[83.489,70.556],[83.46,70.557],[83.51,70.576],[83.489,70.556]]],[[[82.279,70.575],[82.224,70.546],[82.253,70.515],[82.177,70.513],[82.136,70.543],[82.279,70.575]]],[[[82.293,70.583],[82.27,70.582],[82.259,70.584],[82.265,70.588],[82.296,70.588],[82.302,70.586],[82.293,70.583]]],[[[82.411,70.596],[82.594,70.533],[82.618,70.46],[82.685,70.431],[82.695,70.392],[82.71,70.423],[82.839,70.411],[82.893,70.359],[82.933,70.362],[82.66,70.234],[82.568,70.257],[82.465,70.353],[82.223,70.429],[82.233,70.495],[82.284,70.511],[82.25,70.553],[82.411,70.596]]],[[[83.11,70.601],[83.104,70.599],[83.094,70.602],[83.094,70.611],[83.1,70.619],[83.107,70.621],[83.108,70.615],[83.11,70.601]]],[[[82.386,70.607],[82.357,70.602],[82.422,70.624],[82.386,70.607]]],[[[83.349,70.562],[83.334,70.601],[83.407,70.653],[83.44,70.638],[83.432,70.582],[83.349,70.562]]],[[[83.555,70.626],[83.521,70.6],[83.476,70.629],[83.524,70.653],[83.555,70.626]]],[[[82.347,70.674],[82.411,70.669],[82.412,70.642],[82.313,70.596],[82.254,70.599],[82.248,70.658],[82.347,70.674]]],[[[82.355,70.683],[82.356,70.681],[82.352,70.68],[82.348,70.68],[82.321,70.681],[82.295,70.678],[82.35,70.697],[82.355,70.683]]],[[[83.253,70.579],[83.244,70.523],[83.11,70.536],[83.139,70.592],[83.125,70.636],[83.184,70.7],[83.22,70.659],[83.31,70.64],[83.253,70.579]]],[[[82.726,70.711],[82.723,70.71],[82.687,70.721],[82.674,70.729],[82.657,70.736],[82.648,70.741],[82.651,70.743],[82.657,70.742],[82.665,70.741],[82.712,70.728],[82.715,70.721],[82.726,70.711]]],[[[82.483,70.726],[82.461,70.73],[82.492,70.753],[82.483,70.726]]],[[[83.036,70.563],[82.994,70.563],[83.02,70.605],[82.909,70.681],[83.067,70.709],[83.148,70.759],[83.036,70.563]]],[[[82.657,70.491],[82.556,70.571],[82.469,70.591],[82.441,70.663],[82.499,70.679],[82.54,70.747],[82.62,70.763],[82.88,70.621],[82.892,70.599],[82.844,70.559],[82.975,70.55],[83.053,70.457],[82.942,70.379],[82.696,70.452],[82.701,70.483],[82.657,70.491]]],[[[83.354,70.755],[83.354,70.788],[83.429,70.754],[83.446,70.687],[83.365,70.653],[83.277,70.663],[83.263,70.685],[83.302,70.721],[83.293,70.743],[83.252,70.667],[83.226,70.673],[83.223,70.716],[83.312,70.787],[83.354,70.755]]],[[[82.465,70.791],[82.455,70.783],[82.428,70.795],[82.439,70.799],[82.461,70.797],[82.465,70.791]]],[[[83.32,70.802],[83.309,70.794],[83.302,70.806],[83.304,70.811],[83.315,70.809],[83.317,70.809],[83.32,70.802]]],[[[83.217,70.727],[83.206,70.786],[83.28,70.829],[83.286,70.775],[83.217,70.727]]],[[[82.672,70.846],[82.7,70.841],[82.65,70.791],[82.629,70.812],[82.672,70.846]]],[[[82.479,70.801],[82.473,70.798],[82.453,70.809],[82.438,70.821],[82.42,70.846],[82.426,70.851],[82.43,70.85],[82.434,70.85],[82.437,70.842],[82.447,70.837],[82.453,70.829],[82.474,70.811],[82.479,70.801]]],[[[82.482,70.831],[82.448,70.854],[82.526,70.854],[82.482,70.831]]],[[[83.309,70.854],[83.304,70.849],[83.295,70.85],[83.296,70.866],[83.307,70.864],[83.309,70.854]]],[[[82.698,70.851],[82.652,70.882],[82.733,70.927],[82.741,70.869],[82.698,70.851]]],[[[82.844,70.943],[82.952,70.862],[82.983,70.814],[82.965,70.771],[83.017,70.76],[82.982,70.783],[82.965,70.892],[83.098,70.866],[83.143,70.786],[83.054,70.718],[82.899,70.686],[82.903,70.655],[82.992,70.585],[82.941,70.546],[82.887,70.563],[82.918,70.598],[82.903,70.626],[82.653,70.761],[82.759,70.839],[82.801,70.906],[82.784,70.943],[82.844,70.943]]],[[[82.754,70.943],[82.628,70.887],[82.647,70.849],[82.593,70.771],[82.527,70.752],[82.496,70.776],[82.507,70.818],[82.523,70.802],[82.584,70.837],[82.596,70.906],[82.642,70.91],[82.661,70.943],[82.754,70.943]]],[[[82.317,70.946],[82.278,70.955],[82.329,70.964],[82.317,70.946]]],[[[83.162,70.94],[83.221,70.934],[83.249,70.885],[83.211,70.838],[83.037,70.925],[83.057,70.943],[83.033,70.958],[83.072,70.971],[83.162,70.94]]],[[[82.91,70.929],[82.956,70.9],[82.879,70.912],[82.84,70.961],[82.883,70.976],[82.91,70.929]]],[[[82.371,70.972],[82.469,70.976],[82.404,70.955],[82.496,70.964],[82.504,70.922],[82.434,70.859],[82.354,70.865],[82.331,70.896],[82.392,70.912],[82.329,70.904],[82.293,70.932],[82.371,70.972]]],[[[82.533,70.979],[82.679,70.97],[82.53,70.922],[82.533,70.979]]],[[[83.054,70.887],[82.965,70.912],[82.921,70.954],[82.947,70.968],[82.932,70.995],[83.003,70.981],[82.998,70.944],[83.054,70.887]]],[[[81.135,72.232],[81.128,72.231],[81.115,72.232],[81.102,72.23],[81.089,72.231],[81.098,72.236],[81.114,72.24],[81.12,72.24],[81.125,72.24],[81.135,72.237],[81.135,72.232]]],[[[81.029,72.295],[81.098,72.277],[80.968,72.296],[81.029,72.295]]],[[[81.09,72.348],[81.085,72.347],[81.067,72.35],[81.054,72.355],[81.055,72.36],[81.064,72.361],[81.091,72.352],[81.09,72.348]]],[[[78.509,72.379],[78.501,72.378],[78.5,72.378],[78.436,72.379],[78.424,72.385],[78.471,72.385],[78.509,72.379]]],[[[80.814,72.404],[80.88,72.382],[80.784,72.394],[80.745,72.433],[80.814,72.404]]],[[[105.462,72.786],[105.391,72.792],[105.523,72.817],[105.462,72.786]]],[[[105.746,72.843],[105.715,72.836],[105.706,72.836],[105.705,72.839],[105.743,72.847],[105.758,72.847],[105.746,72.843]]],[[[105.675,72.839],[105.653,72.839],[105.713,72.849],[105.675,72.839]]],[[[105.819,72.878],[105.754,72.876],[105.824,72.919],[105.874,72.908],[105.819,72.878]]],[[[105.889,72.936],[105.881,72.936],[105.876,72.937],[105.88,72.941],[105.889,72.947],[105.894,72.946],[105.902,72.945],[105.889,72.936]]],[[[105.772,72.894],[105.788,72.943],[105.865,72.939],[105.772,72.894]]],[[[105.997,72.949],[105.98,72.961],[106.023,72.976],[105.997,72.949]]],[[[105.991,72.978],[105.974,72.989],[106.02,72.988],[105.991,72.978]]],[[[106.005,73.02],[105.982,73.015],[105.973,73.016],[105.952,73.024],[105.956,73.025],[105.984,73.029],[106.011,73.027],[106.014,73.025],[106.005,73.02]]],[[[79.295,73.095],[79.169,73.082],[79.37,73.013],[79.508,72.92],[79.46,72.912],[79.496,72.896],[79.5,72.828],[79.53,72.814],[79.496,72.795],[79.559,72.746],[79.516,72.728],[79.528,72.714],[79.361,72.699],[78.876,72.737],[78.641,72.795],[78.607,72.833],[79.08,73.067],[79.295,73.095]]],[[[108.382,73.151],[108.368,73.146],[108.357,73.146],[108.348,73.15],[108.349,73.154],[108.362,73.155],[108.38,73.154],[108.382,73.151]]],[[[80.37,73.155],[80.356,73.152],[80.348,73.155],[80.364,73.164],[80.375,73.162],[80.37,73.155]]],[[[108.293,73.135],[108.262,73.188],[108.336,73.208],[108.339,73.176],[108.293,73.135]]],[[[80.561,73.202],[80.558,73.201],[80.543,73.202],[80.527,73.205],[80.532,73.209],[80.547,73.211],[80.555,73.209],[80.561,73.202]]],[[[79.228,73.246],[79.351,73.192],[79.234,73.24],[78.979,73.242],[78.844,73.226],[78.832,73.205],[78.872,73.204],[78.769,73.182],[78.814,73.229],[78.884,73.243],[79.228,73.246]]],[[[80.344,73.417],[80.328,73.409],[80.297,73.415],[80.295,73.419],[80.328,73.419],[80.344,73.417]]],[[[80.558,73.422],[80.57,73.418],[80.567,73.414],[80.557,73.414],[80.52,73.421],[80.505,73.419],[80.486,73.422],[80.474,73.425],[80.471,73.431],[80.483,73.432],[80.558,73.422]]],[[[80.226,73.447],[80.213,73.445],[80.177,73.448],[80.151,73.452],[80.145,73.457],[80.153,73.459],[80.174,73.453],[80.213,73.45],[80.226,73.447]]],[[[80.16,73.513],[80.197,73.51],[80.229,73.511],[80.238,73.509],[80.236,73.506],[80.22,73.504],[80.191,73.503],[80.16,73.506],[80.15,73.508],[80.149,73.513],[80.16,73.513]]],[[[109.28,73.517],[109.343,73.498],[109.255,73.491],[109.28,73.517]]],[[[80.448,73.505],[80.36,73.5],[80.449,73.468],[80.242,73.491],[80.282,73.522],[80.448,73.505]]],[[[109.272,73.528],[109.185,73.498],[109.21,73.543],[109.272,73.528]]],[[[80.484,73.554],[80.473,73.55],[80.449,73.554],[80.441,73.556],[80.452,73.558],[80.462,73.557],[80.484,73.554]]],[[[106.72,73.615],[106.732,73.622],[106.749,73.622],[106.755,73.619],[106.743,73.616],[106.735,73.617],[106.72,73.615]]],[[[106.344,73.617],[106.333,73.616],[106.309,73.618],[106.3,73.621],[106.315,73.624],[106.336,73.625],[106.351,73.622],[106.354,73.62],[106.344,73.617]]],[[[84.724,73.859],[84.724,73.853],[84.705,73.84],[84.663,73.832],[84.619,73.83],[84.61,73.833],[84.601,73.837],[84.608,73.85],[84.654,73.857],[84.672,73.856],[84.694,73.861],[84.717,73.862],[84.724,73.859]]],[[[86.619,73.883],[86.586,73.88],[86.57,73.881],[86.575,73.884],[86.596,73.886],[86.61,73.886],[86.619,73.883]]],[[[86.683,73.901],[86.635,73.906],[86.739,73.908],[86.683,73.901]]],[[[86.94,73.927],[86.923,73.925],[86.904,73.929],[86.888,73.938],[86.893,73.941],[86.93,73.942],[86.932,73.942],[86.934,73.94],[86.941,73.934],[86.94,73.927]]],[[[86.829,73.938],[86.878,73.927],[86.672,73.912],[86.537,73.935],[86.829,73.938]]],[[[86.702,73.946],[86.685,73.944],[86.655,73.948],[86.658,73.95],[86.668,73.952],[86.705,73.954],[86.713,73.952],[86.702,73.946]]],[[[86.588,73.891],[86.385,73.909],[86.292,73.963],[86.615,73.893],[86.588,73.891]]],[[[86.937,73.966],[86.934,73.962],[86.924,73.961],[86.868,73.965],[86.792,73.96],[86.782,73.961],[86.761,73.972],[86.822,73.974],[86.911,73.972],[86.932,73.969],[86.937,73.966]]],[[[86.68,73.978],[86.693,73.961],[86.561,73.969],[86.611,73.991],[86.68,73.978]]],[[[86.845,73.983],[86.828,73.981],[86.814,73.982],[86.791,73.99],[86.799,73.995],[86.812,73.997],[86.833,73.993],[86.84,73.99],[86.845,73.983]]],[[[84.416,74.022],[84.3,74.006],[84.373,73.979],[84.334,73.955],[83.855,74.006],[84.416,74.022]]],[[[84.882,74.022],[84.839,74.019],[84.927,74.032],[84.882,74.022]]],[[[86.663,74.025],[86.657,74.024],[86.647,74.026],[86.634,74.032],[86.634,74.036],[86.642,74.037],[86.653,74.035],[86.665,74.03],[86.663,74.025]]],[[[86.751,74.011],[86.696,74.032],[86.758,74.04],[86.751,74.011]]],[[[86.605,74.021],[86.57,74.02],[86.539,74.025],[86.523,74.031],[86.522,74.035],[86.527,74.038],[86.556,74.041],[86.574,74.038],[86.61,74.023],[86.605,74.021]]],[[[86.929,73.982],[86.784,74.022],[86.879,74.038],[86.929,73.982]]],[[[82.425,74.042],[82.363,74.039],[82.348,74.039],[82.344,74.041],[82.354,74.044],[82.375,74.047],[82.408,74.048],[82.427,74.049],[82.434,74.047],[82.425,74.042]]],[[[87.272,74.047],[87.232,74.05],[87.292,74.059],[87.272,74.047]]],[[[86.398,74.077],[86.376,74.075],[86.348,74.076],[86.346,74.079],[86.375,74.081],[86.391,74.08],[86.398,74.077]]],[[[82.965,74.084],[82.928,74.078],[82.923,74.079],[82.93,74.084],[82.944,74.088],[82.96,74.089],[82.968,74.089],[82.973,74.088],[82.965,74.084]]],[[[86.624,74.102],[86.756,74.088],[86.703,74.061],[86.569,74.087],[86.624,74.102]]],[[[84.835,74.111],[84.813,74.11],[84.813,74.11],[84.801,74.113],[84.81,74.117],[84.825,74.117],[84.837,74.114],[84.838,74.114],[84.835,74.111]]],[[[86.565,74.113],[86.546,74.111],[86.537,74.113],[86.55,74.117],[86.569,74.119],[86.58,74.116],[86.565,74.113]]],[[[86.608,74.113],[86.587,74.108],[86.581,74.109],[86.577,74.111],[86.586,74.115],[86.597,74.119],[86.61,74.12],[86.614,74.116],[86.608,74.113]]],[[[85.238,74.124],[85.215,74.121],[85.205,74.122],[85.201,74.125],[85.235,74.129],[85.242,74.127],[85.238,74.124]]],[[[83.561,74.107],[83.637,74.064],[83.56,74.069],[83.61,74.07],[83.573,74.091],[83.403,74.07],[83.37,74.05],[83.452,74.055],[83.392,74.042],[83.052,74.084],[82.885,74.063],[83.246,74.13],[83.561,74.107]]],[[[82.738,74.051],[82.5,74.055],[82.443,74.08],[82.619,74.141],[82.843,74.106],[82.738,74.051]]],[[[85.247,74.148],[85.243,74.144],[85.221,74.136],[85.206,74.134],[85.198,74.136],[85.21,74.141],[85.207,74.143],[85.193,74.143],[85.183,74.146],[85.193,74.149],[85.212,74.146],[85.219,74.15],[85.23,74.151],[85.241,74.15],[85.247,74.148]]],[[[85.301,74.182],[85.265,74.188],[85.324,74.185],[85.301,74.182]]],[[[85.382,74.185],[85.739,74.169],[85.749,74.14],[85.446,74.115],[85.431,74.132],[85.59,74.148],[85.354,74.171],[85.382,74.185]]],[[[85.583,74.274],[85.562,74.274],[85.549,74.275],[85.554,74.278],[85.582,74.28],[85.59,74.278],[85.583,74.274]]],[[[85.293,74.301],[85.281,74.299],[85.254,74.305],[85.287,74.306],[85.296,74.304],[85.293,74.301]]],[[[84.985,74.292],[84.974,74.291],[84.927,74.293],[84.915,74.296],[84.94,74.301],[84.943,74.308],[84.96,74.305],[84.965,74.298],[84.986,74.295],[84.985,74.292]]],[[[85.146,74.318],[85.238,74.311],[85.033,74.294],[85.146,74.318]]],[[[111.208,74.278],[111.086,74.279],[111.064,74.315],[111.159,74.323],[111.205,74.311],[111.208,74.278]]],[[[84.971,74.338],[85,74.334],[85.03,74.335],[85.039,74.333],[85.035,74.332],[85,74.331],[84.991,74.33],[84.973,74.331],[84.962,74.337],[84.971,74.338]]],[[[85.238,74.337],[85.142,74.346],[85.257,74.344],[85.238,74.337]]],[[[87.355,74.362],[87.34,74.361],[87.338,74.365],[87.346,74.371],[87.364,74.374],[87.363,74.365],[87.355,74.362]]],[[[85.247,74.367],[85.24,74.363],[85.222,74.362],[85.194,74.364],[85.171,74.361],[85.134,74.365],[85.125,74.369],[85.125,74.376],[85.131,74.377],[85.156,74.378],[85.192,74.377],[85.247,74.367]]],[[[84.336,74.399],[84.326,74.396],[84.317,74.398],[84.317,74.402],[84.299,74.406],[84.299,74.409],[84.305,74.41],[84.33,74.407],[84.339,74.403],[84.336,74.399]]],[[[85.539,74.433],[85.602,74.418],[85.397,74.393],[85.179,74.417],[85.539,74.433]]],[[[85.303,74.44],[85.284,74.439],[85.327,74.446],[85.303,74.44]]],[[[84.355,74.433],[84.34,74.433],[84.329,74.435],[84.308,74.448],[84.265,74.457],[84.264,74.457],[84.237,74.463],[84.247,74.465],[84.261,74.464],[84.276,74.459],[84.299,74.459],[84.333,74.451],[84.36,74.439],[84.355,74.433]]],[[[84.969,74.447],[84.944,74.46],[84.979,74.468],[84.969,74.447]]],[[[110.447,74.48],[110.442,74.476],[110.43,74.479],[110.426,74.484],[110.432,74.488],[110.436,74.487],[110.443,74.486],[110.447,74.48]]],[[[84.917,74.515],[84.979,74.498],[84.891,74.469],[84.56,74.463],[84.834,74.413],[84.809,74.402],[84.452,74.452],[84.628,74.497],[84.917,74.515]]],[[[85,74.529],[84.997,74.527],[84.988,74.527],[84.977,74.531],[84.982,74.535],[84.996,74.537],[85,74.536],[85.009,74.534],[85,74.529]]],[[[85.032,74.537],[85.011,74.536],[85.05,74.548],[85.032,74.537]]],[[[112.494,74.525],[113.212,74.497],[113.398,74.452],[113.464,74.357],[113.425,74.326],[113.396,74.341],[113.176,74.193],[112.986,74.183],[112.826,74.081],[112.203,74.134],[111.946,74.22],[111.637,74.247],[111.49,74.295],[111.516,74.34],[111.62,74.366],[111.907,74.339],[112.041,74.37],[112.008,74.384],[112.059,74.433],[111.984,74.459],[111.981,74.511],[112.018,74.548],[112.494,74.525]]],[[[85.337,74.57],[85.669,74.536],[85.64,74.512],[85.482,74.504],[85.465,74.485],[85.484,74.477],[85.402,74.449],[85.177,74.479],[85.191,74.511],[85.146,74.521],[85.222,74.563],[85.337,74.57]]],[[[85.689,74.549],[85.62,74.559],[85.681,74.584],[85.713,74.565],[85.689,74.549]]],[[[85.062,74.581],[85.133,74.579],[84.966,74.569],[84.883,74.526],[84.81,74.536],[84.976,74.589],[85.062,74.581]]],[[[86.116,74.552],[86.251,74.523],[86.128,74.482],[86.096,74.515],[85.967,74.532],[85.921,74.521],[86.046,74.492],[85.721,74.45],[85.704,74.457],[85.754,74.472],[85.655,74.473],[85.841,74.583],[86.014,74.59],[86.116,74.552]]],[[[86.138,74.611],[86.172,74.593],[86.019,74.599],[86.138,74.611]]],[[[79.362,74.611],[79.595,74.577],[79.505,74.538],[79.545,74.511],[79.468,74.508],[79.278,74.535],[79.209,74.578],[79.286,74.551],[79.384,74.578],[79.224,74.61],[79.297,74.644],[79.362,74.611]]],[[[84.22,74.663],[84.284,74.652],[84.232,74.625],[84.22,74.663]]],[[[85.716,74.654],[85.702,74.653],[85.659,74.66],[85.681,74.671],[85.69,74.672],[85.712,74.666],[85.716,74.654]]],[[[112.927,74.628],[112.892,74.627],[112.94,74.649],[112.913,74.677],[112.973,74.68],[112.982,74.652],[112.927,74.628]]],[[[85.51,74.802],[85.638,74.793],[85.7,74.723],[85.637,74.707],[85.636,74.742],[85.596,74.746],[85.542,74.707],[85.386,74.749],[85.194,74.731],[85.106,74.753],[85.51,74.802]]],[[[85.32,74.801],[85.289,74.797],[85.271,74.798],[85.243,74.802],[85.249,74.806],[85.322,74.808],[85.332,74.806],[85.32,74.801]]],[[[86.395,74.801],[86.384,74.801],[86.377,74.808],[86.374,74.812],[86.372,74.814],[86.378,74.816],[86.396,74.818],[86.397,74.818],[86.402,74.817],[86.398,74.814],[86.402,74.806],[86.395,74.801]]],[[[85.98,74.813],[85.995,74.805],[85.99,74.8],[85.971,74.798],[85.961,74.805],[85.947,74.805],[85.941,74.807],[85.941,74.818],[85.948,74.819],[85.957,74.818],[85.98,74.813]]],[[[86.68,74.813],[86.835,74.786],[86.741,74.767],[86.64,74.785],[86.617,74.771],[86.681,74.749],[86.591,74.743],[86.535,74.751],[86.549,74.781],[86.457,74.792],[86.501,74.803],[86.459,74.818],[86.488,74.83],[86.68,74.813]]],[[[85.623,74.825],[85.596,74.835],[85.704,74.852],[85.623,74.825]]],[[[85.944,74.87],[85.962,74.865],[85.874,74.854],[85.918,74.801],[85.748,74.794],[85.807,74.816],[85.818,74.858],[85.944,74.87]]],[[[86.892,74.856],[86.811,74.865],[86.922,74.864],[86.892,74.856]]],[[[85.144,74.852],[85.11,74.848],[85.235,74.884],[85.208,74.854],[85.144,74.852]]],[[[85.598,74.882],[85.705,74.883],[85.525,74.875],[85.598,74.882]]],[[[86.328,74.934],[86.343,74.932],[86.373,74.933],[86.386,74.93],[86.37,74.926],[86.343,74.924],[86.326,74.931],[86.328,74.934]]],[[[86.355,74.946],[86.297,74.963],[86.385,74.955],[86.355,74.946]]],[[[87.076,74.977],[87.197,74.944],[87.105,74.891],[86.966,74.869],[86.852,74.911],[86.721,74.904],[86.831,74.843],[87,74.839],[86.899,74.806],[86.647,74.846],[86.433,74.837],[86.237,74.887],[86.296,74.907],[86.281,74.927],[86.484,74.885],[86.665,74.894],[86.526,74.926],[86.577,74.95],[86.512,74.96],[86.569,74.971],[86.522,74.977],[86.727,74.972],[86.646,74.953],[86.692,74.935],[87,74.989],[87.076,74.977]]],[[[82.132,75.079],[82.051,75.096],[82.138,75.104],[82.132,75.079]]],[[[88.185,75.207],[88.285,75.201],[88.254,75.189],[88.27,75.174],[88.134,75.164],[88.185,75.207]]],[[[82.099,75.216],[82.151,75.212],[82.118,75.174],[82.072,75.195],[82.099,75.216]]],[[[88.096,75.26],[88.07,75.261],[88.119,75.266],[88.096,75.26]]],[[[86.29,75.276],[86.216,75.276],[86.343,75.288],[86.29,75.276]]],[[[86.382,75.292],[86.414,75.29],[86.363,75.288],[86.382,75.292]]],[[[86.492,75.289],[86.46,75.291],[86.518,75.296],[86.492,75.289]]],[[[82.126,75.227],[82.095,75.244],[82.118,75.265],[82.098,75.318],[82.14,75.265],[82.126,75.227]]],[[[113.722,75.398],[113.709,75.393],[113.701,75.393],[113.694,75.396],[113.699,75.403],[113.706,75.404],[113.72,75.402],[113.722,75.398]]],[[[81.954,75.445],[82.121,75.4],[82.221,75.409],[82.242,75.394],[82.22,75.385],[82.313,75.357],[82.318,75.324],[82.207,75.342],[82.038,75.323],[82.083,75.281],[82.026,75.271],[82.083,75.268],[82.013,75.23],[82.045,75.195],[82.019,75.158],[81.935,75.202],[81.955,75.229],[81.898,75.287],[81.914,75.303],[81.745,75.285],[81.771,75.264],[81.649,75.309],[81.716,75.339],[81.622,75.337],[81.619,75.289],[81.771,75.201],[82.021,75.126],[82.148,75.159],[82.124,75.115],[82.046,75.103],[81.711,75.208],[81.602,75.281],[81.593,75.346],[81.682,75.404],[81.799,75.374],[81.741,75.373],[81.766,75.367],[81.962,75.348],[82.001,75.363],[81.962,75.365],[81.983,75.392],[82.074,75.39],[81.88,75.448],[81.954,75.445]]],[[[81.742,75.4],[81.686,75.42],[81.861,75.469],[81.742,75.4]]],[[[82.21,75.508],[82.152,75.482],[82.196,75.427],[82.163,75.413],[81.978,75.453],[82.064,75.507],[81.897,75.485],[82.28,75.523],[82.21,75.508]]],[[[89.529,75.54],[89.704,75.533],[89.624,75.512],[89.509,75.535],[89.529,75.54]]],[[[89.222,75.521],[89.22,75.521],[89.22,75.521],[89.21,75.523],[89.226,75.531],[89.218,75.534],[89.233,75.54],[89.251,75.542],[89.253,75.533],[89.234,75.524],[89.222,75.521]]],[[[89.538,75.549],[89.528,75.548],[89.517,75.552],[89.498,75.555],[89.502,75.557],[89.503,75.558],[89.533,75.557],[89.544,75.553],[89.538,75.549]]],[[[90.228,75.587],[90.216,75.582],[90.196,75.583],[90.173,75.587],[90.173,75.591],[90.215,75.589],[90.228,75.587]]],[[[89.903,75.602],[89.883,75.59],[89.872,75.589],[89.864,75.59],[89.86,75.591],[89.833,75.59],[89.828,75.595],[89.833,75.599],[89.843,75.6],[89.863,75.596],[89.89,75.602],[89.903,75.602]]],[[[88.075,75.636],[88.054,75.626],[88.035,75.624],[88.019,75.625],[87.999,75.629],[87.94,75.624],[87.918,75.628],[87.92,75.631],[87.932,75.633],[88.014,75.637],[88.05,75.645],[88.056,75.65],[88.069,75.651],[88.075,75.636]]],[[[88.819,75.654],[88.788,75.654],[88.771,75.657],[88.784,75.66],[88.799,75.66],[88.815,75.659],[88.824,75.656],[88.819,75.654]]],[[[89.148,75.681],[89.097,75.679],[89.091,75.682],[89.146,75.688],[89.157,75.685],[89.148,75.681]]],[[[88.71,75.705],[88.694,75.7],[88.662,75.695],[88.635,75.696],[88.624,75.699],[88.63,75.705],[88.65,75.708],[88.663,75.705],[88.674,75.707],[88.696,75.708],[88.71,75.705]]],[[[91.805,75.746],[91.758,75.749],[91.854,75.759],[91.805,75.746]]],[[[92.814,75.805],[92.776,75.808],[92.841,75.81],[92.814,75.805]]],[[[81.693,75.841],[81.746,75.836],[81.779,75.838],[81.785,75.837],[81.781,75.834],[81.752,75.828],[81.73,75.826],[81.7,75.828],[81.687,75.83],[81.678,75.835],[81.683,75.84],[81.693,75.841]]],[[[92.869,75.848],[92.977,75.842],[92.65,75.827],[92.83,75.864],[92.869,75.848]]],[[[93.348,75.869],[93.405,75.865],[93.285,75.86],[93.348,75.869]]],[[[82.589,75.915],[82.633,75.907],[82.652,75.908],[82.657,75.906],[82.651,75.902],[82.617,75.9],[82.606,75.901],[82.578,75.911],[82.579,75.914],[82.585,75.915],[82.589,75.915]]],[[[92.177,75.917],[92.161,75.907],[92.149,75.91],[92.148,75.913],[92.161,75.918],[92.163,75.919],[92.173,75.919],[92.174,75.919],[92.177,75.917]]],[[[92.248,75.913],[92.238,75.909],[92.222,75.911],[92.195,75.919],[92.198,75.922],[92.223,75.923],[92.228,75.918],[92.248,75.913]]],[[[81.813,75.96],[81.986,75.951],[81.928,75.92],[82.001,75.889],[82.386,75.86],[81.655,75.924],[81.813,75.96]]],[[[113.727,75.94],[113.615,75.94],[113.722,75.967],[113.748,75.948],[113.727,75.94]]],[[[82.774,75.978],[83.269,75.938],[82.981,75.915],[82.891,75.928],[82.926,75.957],[82.518,75.938],[82.301,75.956],[82.377,75.977],[82.499,75.954],[82.549,75.966],[82.555,75.996],[82.774,75.978]]],[[[92.685,75.998],[92.677,75.97],[92.571,75.979],[92.685,75.998]]],[[[92.37,76.03],[92.36,76.03],[92.34,76.031],[92.331,76.035],[92.336,76.039],[92.352,76.04],[92.36,76.039],[92.365,76.039],[92.374,76.035],[92.37,76.03]]],[[[91.815,76.06],[91.89,76.051],[91.769,76.051],[91.815,76.06]]],[[[92.115,76.061],[92.096,76.059],[92.087,76.069],[92.095,76.071],[92.115,76.071],[92.121,76.069],[92.115,76.061]]],[[[93.728,76.071],[93.712,76.066],[93.687,76.066],[93.711,76.075],[93.717,76.075],[93.729,76.077],[93.74,76.075],[93.728,76.071]]],[[[96.491,76.069],[96.476,76.068],[96.463,76.069],[96.453,76.073],[96.459,76.08],[96.469,76.081],[96.475,76.08],[96.482,76.075],[96.498,76.075],[96.505,76.073],[96.491,76.069]]],[[[113.547,76.074],[113.534,76.072],[113.529,76.073],[113.529,76.076],[113.54,76.084],[113.53,76.093],[113.529,76.093],[113.531,76.093],[113.542,76.095],[113.558,76.088],[113.557,76.08],[113.547,76.074]]],[[[97.181,76.005],[96.811,75.975],[96.714,75.995],[97.207,76.091],[97.369,76.09],[97.181,76.005]]],[[[94.141,76.148],[94.117,76.145],[94.104,76.146],[94.095,76.152],[94.094,76.157],[94.1,76.159],[94.102,76.159],[94.112,76.159],[94.148,76.15],[94.141,76.148]]],[[[98.155,76.158],[98.133,76.156],[98.123,76.159],[98.151,76.165],[98.164,76.165],[98.168,76.163],[98.165,76.16],[98.155,76.158]]],[[[95.677,76.161],[95.648,76.16],[95.638,76.164],[95.641,76.167],[95.656,76.168],[95.675,76.166],[95.682,76.163],[95.677,76.161]]],[[[93.885,76.177],[93.924,76.174],[93.865,76.167],[93.885,76.177]]],[[[95.509,76.192],[95.494,76.19],[95.472,76.191],[95.463,76.193],[95.471,76.198],[95.499,76.2],[95.509,76.192]]],[[[95.116,76.146],[95.007,76.168],[95.143,76.214],[95.226,76.186],[95.162,76.171],[95.252,76.161],[95.116,76.146]]],[[[99.484,76.22],[99.461,76.211],[99.473,76.207],[99.471,76.204],[99.45,76.205],[99.428,76.211],[99.413,76.211],[99.38,76.205],[99.363,76.205],[99.355,76.209],[99.369,76.214],[99.422,76.223],[99.435,76.222],[99.481,76.222],[99.484,76.22]]],[[[99.122,76.217],[99.102,76.216],[99.094,76.22],[99.1,76.224],[99.115,76.225],[99.136,76.225],[99.137,76.22],[99.122,76.217]]],[[[113.247,76.261],[113.15,76.259],[113.123,76.259],[113.107,76.265],[113.152,76.271],[113.235,76.27],[113.251,76.267],[113.255,76.263],[113.247,76.261]]],[[[98.393,76.258],[98.339,76.259],[98.41,76.266],[98.393,76.258]]],[[[94.761,76.261],[94.682,76.268],[94.786,76.269],[94.761,76.261]]],[[[95,76.275],[95.076,76.272],[94.873,76.233],[94.922,76.216],[94.88,76.19],[94.906,76.175],[94.45,76.196],[94.575,76.226],[94.832,76.211],[94.784,76.253],[95,76.275]]],[[[95.366,76.294],[95.348,76.293],[95.342,76.296],[95.356,76.301],[95.372,76.303],[95.376,76.298],[95.366,76.294]]],[[[95.897,76.262],[96.163,76.279],[96.123,76.236],[96.147,76.226],[96.223,76.241],[96.266,76.289],[96.413,76.304],[96.682,76.254],[96.694,76.232],[96.587,76.201],[96.608,76.147],[96.527,76.127],[96.548,76.209],[96.482,76.263],[96.395,76.25],[96.477,76.194],[96.258,76.206],[96.472,76.163],[96.446,76.129],[96.374,76.128],[96.421,76.109],[96.338,76.098],[96.338,76.123],[96.259,76.147],[95.771,76.146],[95.803,76.153],[95.7,76.169],[95.735,76.186],[95.313,76.225],[95.394,76.25],[95.336,76.255],[95.34,76.279],[95.548,76.277],[95.483,76.248],[95.598,76.233],[95.686,76.277],[95.883,76.311],[95.927,76.296],[95.897,76.262]]],[[[96.515,76.334],[96.761,76.323],[96.671,76.286],[96.369,76.327],[96.515,76.334]]],[[[96.95,76.308],[97.05,76.321],[97.039,76.304],[97.116,76.286],[97.043,76.268],[97.063,76.256],[96.913,76.276],[96.754,76.216],[96.74,76.185],[96.944,76.246],[97.082,76.216],[97.06,76.207],[96.879,76.198],[96.755,76.157],[96.665,76.177],[96.836,76.294],[96.927,76.309],[96.835,76.341],[96.95,76.308]]],[[[96.145,76.313],[96.081,76.325],[96.222,76.329],[96.145,76.313]]],[[[112.973,76.318],[112.935,76.318],[112.922,76.368],[112.951,76.368],[112.973,76.318]]],[[[94.612,76.366],[94.561,76.363],[94.536,76.366],[94.541,76.369],[94.579,76.37],[94.614,76.375],[94.62,76.371],[94.612,76.366]]],[[[96.883,76.363],[96.815,76.38],[96.868,76.386],[96.883,76.363]]],[[[94.622,76.385],[94.604,76.384],[94.583,76.384],[94.577,76.386],[94.583,76.39],[94.63,76.395],[94.638,76.393],[94.622,76.385]]],[[[95.099,76.371],[95.066,76.393],[95.097,76.4],[95.118,76.376],[95.099,76.371]]],[[[97.409,76.4],[97.385,76.405],[97.436,76.411],[97.409,76.4]]],[[[95.226,76.408],[95.219,76.406],[95.164,76.412],[95.142,76.418],[95.153,76.421],[95.18,76.424],[95.193,76.422],[95.204,76.416],[95.224,76.416],[95.233,76.413],[95.226,76.408]]],[[[112.914,76.412],[112.88,76.411],[112.939,76.42],[112.914,76.412]]],[[[94.909,76.424],[94.843,76.424],[94.833,76.427],[94.847,76.429],[94.912,76.432],[94.916,76.431],[94.922,76.43],[94.909,76.424]]],[[[113.422,76.372],[113.478,76.382],[113.439,76.398],[113.487,76.388],[113.516,76.346],[113.185,76.368],[113.194,76.395],[113.291,76.433],[113.354,76.422],[113.336,76.385],[113.422,76.372]]],[[[113.24,76.431],[113.226,76.426],[113.212,76.427],[113.213,76.433],[113.224,76.439],[113.234,76.439],[113.24,76.431]]],[[[95.578,76.429],[95.558,76.429],[95.549,76.431],[95.562,76.439],[95.578,76.44],[95.583,76.44],[95.589,76.438],[95.578,76.429]]],[[[96.55,76.434],[96.535,76.433],[96.511,76.438],[96.512,76.441],[96.521,76.443],[96.54,76.442],[96.547,76.442],[96.556,76.439],[96.55,76.434]]],[[[113.422,76.411],[113.413,76.409],[113.398,76.411],[113.381,76.424],[113.372,76.426],[113.31,76.438],[113.281,76.445],[113.287,76.448],[113.341,76.439],[113.403,76.424],[113.422,76.411]]],[[[96.62,76.44],[96.577,76.444],[96.646,76.45],[96.62,76.44]]],[[[95.458,76.445],[95.396,76.447],[95.482,76.451],[95.458,76.445]]],[[[112.757,76.425],[112.747,76.395],[112.675,76.373],[112.654,76.397],[112.55,76.404],[112.682,76.422],[112.699,76.458],[112.757,76.425]]],[[[95.101,76.436],[94.97,76.422],[95.146,76.472],[95.101,76.436]]],[[[113.165,76.472],[113.246,76.454],[113.035,76.47],[113.165,76.472]]],[[[112.786,76.476],[112.773,76.469],[112.76,76.47],[112.761,76.475],[112.763,76.476],[112.773,76.482],[112.786,76.481],[112.786,76.476]]],[[[95.404,76.484],[95.482,76.475],[95.37,76.469],[95.404,76.484]]],[[[95.34,76.491],[95.32,76.482],[95.303,76.485],[95.255,76.479],[95.246,76.482],[95.257,76.486],[95.299,76.492],[95.334,76.493],[95.34,76.491]]],[[[112.716,76.543],[112.702,76.536],[112.692,76.538],[112.664,76.557],[112.669,76.56],[112.681,76.558],[112.712,76.547],[112.716,76.543]]],[[[95.653,76.538],[95.598,76.55],[95.696,76.553],[95.653,76.538]]],[[[95.393,76.517],[95.364,76.544],[95.506,76.554],[95.393,76.517]]],[[[96.063,76.547],[96.031,76.548],[96.116,76.563],[96.063,76.547]]],[[[96.51,76.554],[96.488,76.558],[96.56,76.572],[96.51,76.554]]],[[[96.231,76.55],[96.18,76.551],[96.222,76.566],[96.192,76.575],[96.301,76.57],[96.231,76.55]]],[[[96.066,76.573],[96.032,76.576],[96.095,76.582],[96.066,76.573]]],[[[95.614,76.578],[95.602,76.576],[95.565,76.579],[95.557,76.581],[95.561,76.585],[95.582,76.59],[95.602,76.591],[95.606,76.59],[95.611,76.59],[95.62,76.583],[95.614,76.578]]],[[[95.105,76.576],[95.054,76.579],[95.142,76.596],[95.105,76.576]]],[[[96.29,76.599],[96.264,76.587],[96.234,76.587],[96.23,76.591],[96.254,76.599],[96.287,76.602],[96.29,76.599]]],[[[94.683,76.591],[94.674,76.591],[94.647,76.595],[94.648,76.599],[94.663,76.603],[94.686,76.602],[94.693,76.599],[94.683,76.591]]],[[[94.235,76.587],[94.458,76.566],[94.348,76.55],[94.324,76.575],[94.16,76.563],[93.94,76.596],[94.235,76.587]]],[[[112.209,76.639],[112.158,76.642],[112.235,76.644],[112.209,76.639]]],[[[112.353,76.648],[112.635,76.615],[112.689,76.571],[112.531,76.625],[112.429,76.614],[112.55,76.611],[112.564,76.568],[112.631,76.543],[112.579,76.516],[112.737,76.535],[112.776,76.526],[112.774,76.498],[112.663,76.499],[112.627,76.466],[112.665,76.44],[112.649,76.424],[112.452,76.44],[112.461,76.462],[112.383,76.508],[112.139,76.541],[112.02,76.595],[112.154,76.628],[112.357,76.615],[112.33,76.645],[112.353,76.648]]],[[[111.921,76.648],[111.949,76.636],[111.868,76.615],[111.77,76.635],[111.921,76.648]]],[[[97.562,76.64],[97.538,76.645],[97.581,76.648],[97.562,76.64]]],[[[94.756,76.637],[94.675,76.642],[94.81,76.657],[94.756,76.637]]],[[[94.464,76.658],[94.582,76.63],[94.345,76.64],[94.464,76.658]]],[[[94.545,76.664],[94.502,76.663],[94.483,76.666],[94.492,76.669],[94.547,76.67],[94.554,76.667],[94.545,76.664]]],[[[96.577,76.674],[96.557,76.669],[96.541,76.671],[96.558,76.677],[96.574,76.679],[96.581,76.676],[96.577,76.674]]],[[[95.623,76.652],[95.672,76.649],[95.7,76.683],[95.861,76.67],[95.754,76.634],[95.554,76.63],[95.489,76.635],[95.542,76.648],[95.466,76.654],[95.456,76.679],[95.584,76.695],[95.534,76.677],[95.623,76.652]]],[[[96.239,76.695],[96.458,76.686],[96.272,76.641],[96.337,76.617],[95.881,76.591],[95.954,76.618],[95.904,76.639],[96.103,76.638],[96.167,76.687],[96.239,76.695]]],[[[95.264,76.655],[95.429,76.645],[94.918,76.615],[94.831,76.638],[95.07,76.67],[95.166,76.653],[95.128,76.668],[95.177,76.699],[95.264,76.655]]],[[[94.511,76.694],[94.587,76.696],[94.424,76.673],[94.441,76.696],[94.511,76.694]]],[[[94.821,76.697],[94.736,76.699],[94.857,76.71],[94.821,76.697]]],[[[97.475,76.684],[97.501,76.612],[97.653,76.587],[97.343,76.589],[97.442,76.607],[97.43,76.629],[97.464,76.65],[97.322,76.678],[97.422,76.682],[97.443,76.697],[97.409,76.709],[97.438,76.714],[97.491,76.7],[97.475,76.684]]],[[[98.071,76.711],[98.086,76.703],[98.061,76.704],[98.02,76.708],[98.012,76.712],[98.025,76.719],[98.045,76.722],[98.069,76.723],[98.074,76.717],[98.071,76.711]]],[[[96.069,76.681],[95.902,76.678],[96.029,76.725],[96.069,76.681]]],[[[95.103,76.717],[95.088,76.717],[95.081,76.723],[95.09,76.726],[95.109,76.727],[95.115,76.725],[95.108,76.72],[95.103,76.717]]],[[[95.386,76.728],[95.384,76.726],[95.351,76.727],[95.338,76.73],[95.337,76.734],[95.353,76.735],[95.373,76.732],[95.386,76.728]]],[[[95.854,76.734],[95.82,76.714],[95.866,76.703],[95.847,76.688],[95.698,76.717],[95.854,76.734]]],[[[95.48,76.721],[95.556,76.715],[95.463,76.697],[95.434,76.722],[95.488,76.739],[95.48,76.721]]],[[[109.926,76.74],[109.912,76.736],[109.887,76.736],[109.882,76.74],[109.893,76.743],[109.919,76.742],[109.926,76.74]]],[[[95.198,76.733],[95.172,76.732],[95.157,76.736],[95.156,76.74],[95.162,76.742],[95.179,76.743],[95.202,76.736],[95.198,76.733]]],[[[94.494,76.748],[94.578,76.749],[94.521,76.738],[94.607,76.714],[94.507,76.711],[94.436,76.748],[94.494,76.748]]],[[[94.87,76.753],[94.962,76.746],[94.844,76.735],[94.82,76.755],[94.87,76.753]]],[[[95.769,76.754],[95.754,76.751],[95.733,76.752],[95.721,76.756],[95.732,76.762],[95.773,76.761],[95.777,76.759],[95.769,76.754]]],[[[94.805,76.761],[94.792,76.755],[94.76,76.756],[94.758,76.759],[94.762,76.76],[94.777,76.764],[94.805,76.761]]],[[[97.659,76.756],[97.489,76.72],[97.17,76.749],[97.639,76.776],[97.673,76.768],[97.659,76.756]]],[[[94.501,76.771],[94.49,76.77],[94.475,76.775],[94.481,76.782],[94.492,76.784],[94.5,76.784],[94.505,76.783],[94.516,76.78],[94.501,76.771]]],[[[94.602,76.779],[94.568,76.775],[94.551,76.777],[94.538,76.781],[94.544,76.783],[94.564,76.784],[94.59,76.787],[94.595,76.787],[94.6,76.787],[94.609,76.783],[94.602,76.779]]],[[[97.914,76.751],[97.846,76.781],[97.958,76.784],[97.914,76.751]]],[[[111.279,76.787],[111.443,76.732],[111.279,76.779],[111.11,76.777],[111.279,76.787]]],[[[110.909,76.804],[110.856,76.788],[110.813,76.791],[110.781,76.79],[110.771,76.792],[110.773,76.796],[110.889,76.809],[110.903,76.807],[110.909,76.804]]],[[[97.256,76.796],[97.231,76.798],[97.3,76.81],[97.256,76.796]]],[[[95.822,76.812],[95.81,76.812],[95.789,76.818],[95.803,76.821],[95.812,76.821],[95.825,76.821],[95.831,76.818],[95.822,76.812]]],[[[97.659,76.797],[97.632,76.821],[97.693,76.812],[97.659,76.797]]],[[[97.819,76.829],[97.945,76.822],[97.885,76.793],[97.725,76.813],[97.819,76.829]]],[[[95.852,76.825],[95.833,76.825],[95.8,76.828],[95.798,76.831],[95.806,76.833],[95.837,76.833],[95.86,76.83],[95.852,76.825]]],[[[97.386,76.825],[97.329,76.831],[97.489,76.845],[97.386,76.825]]],[[[97.603,76.826],[97.525,76.836],[97.641,76.851],[97.603,76.826]]],[[[96.561,76.849],[96.518,76.853],[96.592,76.859],[96.561,76.849]]],[[[96.934,76.846],[96.91,76.836],[96.895,76.836],[96.888,76.837],[96.878,76.845],[96.869,76.857],[96.871,76.862],[96.887,76.865],[96.917,76.863],[96.927,76.861],[96.902,76.851],[96.925,76.849],[96.934,76.846]]],[[[96.646,76.862],[96.627,76.862],[96.611,76.865],[96.627,76.869],[96.653,76.869],[96.657,76.867],[96.654,76.864],[96.646,76.862]]],[[[96.82,76.852],[96.793,76.851],[96.769,76.854],[96.759,76.858],[96.764,76.862],[96.79,76.87],[96.807,76.871],[96.808,76.87],[96.813,76.863],[96.831,76.861],[96.836,76.858],[96.82,76.852]]],[[[95.845,76.865],[95.722,76.873],[95.894,76.873],[95.845,76.865]]],[[[95.137,76.886],[95.104,76.887],[95.154,76.892],[95.137,76.886]]],[[[97.833,76.899],[97.815,76.898],[97.808,76.899],[97.805,76.902],[97.815,76.905],[97.817,76.906],[97.839,76.907],[97.846,76.904],[97.838,76.901],[97.833,76.899]]],[[[96.203,76.93],[96.403,76.907],[96.131,76.872],[95.882,76.899],[96.203,76.93]]],[[[95.953,76.944],[96.001,76.941],[95.837,76.915],[95.953,76.944]]],[[[100.483,76.928],[100.449,76.934],[100.5,76.934],[100.483,76.928]]],[[[107.95,76.939],[107.922,76.941],[107.945,76.967],[108.032,76.96],[107.95,76.939]]],[[[89.86,76.97],[89.854,76.967],[89.829,76.968],[89.816,76.973],[89.818,76.978],[89.835,76.979],[89.853,76.975],[89.86,76.97]]],[[[100.316,76.982],[100.306,76.976],[100.291,76.977],[100.279,76.981],[100.292,76.985],[100.31,76.986],[100.316,76.982]]],[[[108.155,76.975],[108.133,76.977],[108.22,76.983],[108.155,76.975]]],[[[96.282,76.983],[96.245,76.98],[96.24,76.983],[96.244,76.985],[96.26,76.988],[96.281,76.989],[96.287,76.986],[96.282,76.983]]],[[[100.356,76.994],[100.359,76.992],[100.353,76.989],[100.323,76.988],[100.312,76.99],[100.314,76.993],[100.331,76.992],[100.335,76.993],[100.356,76.994]]],[[[108.087,77.007],[108.049,76.996],[108.028,76.993],[108.005,76.994],[107.995,76.994],[107.986,76.993],[107.963,76.994],[107.946,76.998],[107.955,77.001],[107.979,77.004],[108.009,77.003],[108.059,77.014],[108.064,77.014],[108.075,77.014],[108.084,77.013],[108.087,77.007]]],[[[101.297,77.019],[101.273,77.016],[101.262,77.017],[101.279,77.024],[101.305,77.024],[101.307,77.022],[101.308,77.021],[101.297,77.019]]],[[[95.268,77.043],[95.195,77.04],[95.287,77.052],[95.268,77.043]]],[[[104.433,77.075],[104.392,77.072],[104.37,77.073],[104.358,77.076],[104.365,77.079],[104.405,77.08],[104.435,77.08],[104.441,77.078],[104.433,77.075]]],[[[100.127,77.076],[100.117,77.075],[100.086,77.076],[100.074,77.08],[100.093,77.082],[100.128,77.082],[100.134,77.08],[100.127,77.076]]],[[[104.474,77.083],[104.46,77.083],[104.445,77.089],[104.458,77.093],[104.477,77.092],[104.484,77.088],[104.474,77.083]]],[[[104.356,77.088],[104.309,77.083],[104.294,77.085],[104.304,77.088],[104.33,77.093],[104.363,77.094],[104.368,77.091],[104.356,77.088]]],[[[104.418,77.099],[104.389,77.097],[104.373,77.097],[104.368,77.101],[104.37,77.102],[104.391,77.107],[104.423,77.106],[104.432,77.102],[104.418,77.099]]],[[[90.143,77.11],[90.199,77.099],[89.909,77.112],[90.143,77.11]]],[[[88.961,77.121],[88.742,77.095],[88.96,77.092],[88.871,77.05],[88.762,77.05],[88.925,77.015],[88.88,77.004],[88.968,76.976],[89.142,76.98],[88.919,76.976],[88.748,77.027],[88.708,77.073],[88.714,77.111],[88.783,77.13],[89.033,77.126],[88.961,77.121]]],[[[100.177,77.145],[100.159,77.141],[100.129,77.143],[100.116,77.149],[100.12,77.151],[100.162,77.153],[100.176,77.152],[100.183,77.148],[100.177,77.145]]],[[[105.791,77.153],[105.716,77.171],[105.852,77.173],[105.791,77.153]]],[[[100.285,77.173],[100.267,77.18],[100.323,77.179],[100.285,77.173]]],[[[96.243,77.016],[96.281,77.006],[95.739,76.919],[95.703,76.923],[95.821,76.976],[96.022,77.009],[95.302,76.978],[95.677,77.069],[96.054,77.105],[96.467,77.189],[96.583,77.136],[96.46,77.066],[96.243,77.016]]],[[[100.362,77.196],[100.337,77.201],[100.418,77.209],[100.362,77.196]]],[[[105.88,77.191],[105.828,77.196],[105.953,77.215],[105.88,77.191]]],[[[96.341,77.205],[96.297,77.206],[96.458,77.229],[96.341,77.205]]],[[[100.578,77.236],[100.557,77.234],[100.547,77.237],[100.552,77.242],[100.572,77.244],[100.579,77.243],[100.57,77.24],[100.58,77.238],[100.578,77.236]]],[[[105.88,77.237],[105.79,77.25],[105.801,77.282],[105.855,77.294],[105.944,77.299],[105.997,77.269],[105.88,77.237]]],[[[90.679,77.299],[90.664,77.286],[90.65,77.296],[90.657,77.301],[90.661,77.301],[90.675,77.302],[90.679,77.299]]],[[[89.728,77.28],[89.742,77.266],[89.615,77.269],[89.726,77.235],[89.571,77.169],[89.435,77.159],[89.249,77.194],[89.278,77.152],[89.219,77.202],[89.285,77.268],[89.417,77.295],[89.728,77.28]]],[[[107.178,77.295],[107.162,77.292],[107.138,77.294],[107.086,77.296],[107.081,77.299],[107.087,77.302],[107.13,77.303],[107.156,77.306],[107.16,77.301],[107.178,77.295]]],[[[90.785,77.32],[90.811,77.287],[90.782,77.272],[90.71,77.282],[90.77,77.293],[90.7,77.319],[90.785,77.32]]],[[[106.391,77.337],[106.468,77.326],[106.299,77.322],[106.391,77.337]]],[[[106.093,77.323],[105.969,77.311],[106.017,77.339],[106.093,77.323]]],[[[107.557,77.313],[107.674,77.334],[107.756,77.307],[107.667,77.28],[107.716,77.26],[107.443,77.216],[107.209,77.219],[107.481,77.256],[107.291,77.275],[107.293,77.3],[107.388,77.34],[107.557,77.313]]],[[[106.29,77.34],[106.275,77.34],[106.264,77.341],[106.257,77.346],[106.26,77.352],[106.276,77.352],[106.296,77.351],[106.302,77.346],[106.29,77.34]]],[[[107.641,77.348],[107.584,77.347],[107.664,77.356],[107.641,77.348]]],[[[107.515,77.386],[107.492,77.402],[107.529,77.404],[107.515,77.386]]],[[[102.218,77.38],[102.139,77.379],[102.328,77.403],[102.218,77.38]]],[[[106.833,77.469],[106.954,77.465],[106.882,77.424],[106.764,77.417],[106.74,77.385],[106.505,77.384],[106.719,77.466],[106.833,77.469]]],[[[106.345,77.522],[106.345,77.522],[106.323,77.522],[106.307,77.528],[106.315,77.53],[106.318,77.531],[106.349,77.53],[106.359,77.527],[106.345,77.522]]],[[[82.388,77.523],[82.313,77.52],[82.62,77.483],[82.424,77.528],[82.509,77.525],[82.677,77.475],[82.329,77.48],[82.234,77.513],[82.388,77.523]]],[[[102.539,77.512],[102.51,77.514],[102.601,77.53],[102.539,77.512]]],[[[106.279,77.543],[106.266,77.541],[106.25,77.548],[106.246,77.553],[106.252,77.557],[106.27,77.558],[106.29,77.548],[106.279,77.543]]],[[[101.737,77.615],[101.728,77.613],[101.655,77.612],[101.631,77.615],[101.604,77.614],[101.594,77.617],[101.597,77.619],[101.665,77.623],[101.688,77.622],[101.724,77.618],[101.737,77.615]]],[[[92.041,77.594],[91.901,77.603],[91.858,77.637],[91.929,77.65],[92.093,77.619],[92.041,77.594]]],[[[101.514,77.62],[101.457,77.637],[101.584,77.646],[101.514,77.62]]],[[[101.358,77.683],[101.252,77.673],[101.233,77.674],[101.229,77.677],[101.262,77.687],[101.339,77.691],[101.356,77.689],[101.361,77.686],[101.358,77.683]]],[[[104.437,77.689],[104.369,77.694],[104.472,77.7],[104.437,77.689]]],[[[104.084,77.734],[104.063,77.73],[104.029,77.73],[104.022,77.732],[104.057,77.736],[104.084,77.734]]],[[[99.761,77.936],[99.744,77.936],[99.746,77.941],[99.766,77.946],[99.789,77.947],[99.801,77.944],[99.761,77.936]]],[[[100.473,78.006],[100.437,77.999],[100.424,78],[100.422,78.002],[100.433,78.006],[100.447,78.009],[100.473,78.011],[100.477,78.01],[100.473,78.006]]],[[[102.946,78.131],[102.926,78.125],[102.907,78.125],[102.894,78.127],[102.894,78.131],[102.912,78.134],[102.936,78.134],[102.943,78.132],[102.946,78.131]]],[[[102.952,78.142],[102.939,78.14],[102.908,78.14],[102.899,78.143],[102.907,78.145],[102.937,78.149],[102.952,78.148],[102.958,78.145],[102.952,78.142]]],[[[102.892,78.149],[102.865,78.152],[102.91,78.155],[102.892,78.149]]],[[[102.101,78.172],[102.084,78.166],[102.058,78.168],[102.054,78.172],[102.066,78.175],[102.094,78.175],[102.101,78.172]]],[[[103.169,78.17],[103.135,78.17],[103.186,78.177],[103.169,78.17]]],[[[106.934,78.175],[106.923,78.174],[106.895,78.175],[106.896,78.18],[106.886,78.184],[106.902,78.186],[106.924,78.187],[106.93,78.186],[106.94,78.184],[106.945,78.18],[106.934,78.175]]],[[[107.681,78.167],[107.747,78.136],[107.719,78.092],[107.532,78.04],[107.51,78.042],[107.514,78.075],[107.579,78.086],[107.399,78.069],[106.432,78.137],[106.841,78.18],[107.308,78.158],[107.535,78.191],[107.681,78.167]]],[[[93.712,78.199],[93.773,78.197],[93.805,78.16],[93.698,78.159],[93.638,78.187],[93.657,78.209],[93.712,78.199]]],[[[93.756,78.229],[93.722,78.227],[93.783,78.236],[93.756,78.229]]],[[[104.859,78.299],[104.846,78.295],[104.841,78.295],[104.814,78.295],[104.801,78.299],[104.803,78.302],[104.848,78.304],[104.857,78.3],[104.859,78.299]]],[[[106.844,78.278],[106.77,78.335],[106.833,78.322],[106.844,78.278]]],[[[106.58,78.334],[106.773,78.318],[106.808,78.284],[106.773,78.257],[106.713,78.281],[106.547,78.267],[106.472,78.249],[106.591,78.244],[106.322,78.196],[106.128,78.223],[106.141,78.258],[106.402,78.256],[106.461,78.279],[106.459,78.307],[106.58,78.334]]],[[[106.587,78.355],[106.568,78.35],[106.552,78.351],[106.543,78.354],[106.559,78.358],[106.58,78.359],[106.587,78.355]]],[[[106.693,78.361],[106.678,78.358],[106.662,78.359],[106.633,78.368],[106.652,78.376],[106.662,78.375],[106.685,78.367],[106.693,78.361]]],[[[106.574,78.376],[106.544,78.376],[106.624,78.386],[106.574,78.376]]],[[[98.793,78.493],[98.76,78.489],[98.733,78.49],[98.727,78.498],[98.747,78.504],[98.766,78.505],[98.799,78.503],[98.803,78.498],[98.793,78.493]]],[[[98.767,78.517],[98.73,78.512],[98.713,78.519],[98.718,78.521],[98.722,78.523],[98.769,78.522],[98.775,78.52],[98.767,78.517]]],[[[98.809,78.562],[98.783,78.561],[98.747,78.564],[98.718,78.569],[98.715,78.571],[98.734,78.575],[98.816,78.576],[98.82,78.573],[98.823,78.572],[98.821,78.565],[98.809,78.562]]],[[[100.491,78.587],[100.465,78.577],[100.431,78.578],[100.422,78.582],[100.434,78.587],[100.487,78.589],[100.49,78.587],[100.491,78.587]]],[[[98.741,78.603],[98.708,78.597],[98.725,78.611],[98.703,78.62],[98.751,78.653],[98.81,78.639],[98.741,78.603]]],[[[98.74,78.727],[98.699,78.728],[98.758,78.73],[98.74,78.727]]],[[[97.919,78.739],[97.899,78.742],[97.973,78.751],[97.919,78.739]]],[[[97.909,78.761],[97.842,78.759],[97.838,78.765],[97.876,78.767],[97.894,78.765],[97.923,78.763],[97.909,78.761]]],[[[97.91,78.774],[97.879,78.776],[97.936,78.778],[97.91,78.774]]],[[[98.7,78.788],[98.664,78.774],[98.633,78.775],[98.623,78.779],[98.613,78.779],[98.572,78.772],[98.553,78.775],[98.619,78.794],[98.621,78.795],[98.64,78.796],[98.661,78.796],[98.69,78.791],[98.7,78.788]]],[[[97.944,78.807],[97.921,78.799],[97.902,78.8],[97.89,78.804],[97.892,78.807],[97.906,78.81],[97.933,78.811],[97.944,78.807]]],[[[100.891,78.812],[100.874,78.806],[100.852,78.807],[100.838,78.81],[100.855,78.814],[100.887,78.814],[100.891,78.812]]],[[[104.736,78.883],[104.685,78.896],[104.772,78.888],[104.736,78.883]]],[[[105,78.908],[104.965,78.898],[104.95,78.901],[104.956,78.907],[104.987,78.913],[105,78.913],[105.003,78.913],[105.009,78.913],[105.011,78.911],[105,78.908]]],[[[96.864,78.96],[96.84,78.959],[96.823,78.962],[96.82,78.965],[96.846,78.975],[96.864,78.976],[96.858,78.969],[96.87,78.962],[96.864,78.96]]],[[[104.401,79.028],[104.368,79.017],[104.323,79.01],[104.294,79.008],[104.229,79.009],[104.171,79.002],[104.162,79.006],[104.196,79.016],[104.224,79.018],[104.284,79.018],[104.315,79.019],[104.381,79.035],[104.409,79.036],[104.412,79.033],[104.401,79.028]]],[[[103.328,79.074],[103.306,79.066],[103.295,79.076],[103.301,79.078],[103.321,79.077],[103.328,79.074]]],[[[92.379,79.104],[92.87,79.044],[92.29,79.111],[92.379,79.104]]],[[[103.469,79.104],[103.456,79.098],[103.442,79.098],[103.435,79.102],[103.435,79.115],[103.443,79.119],[103.456,79.121],[103.466,79.12],[103.469,79.104]]],[[[103.399,79.115],[103.363,79.127],[103.413,79.129],[103.399,79.115]]],[[[103.399,79.198],[103.414,79.176],[103.479,79.181],[103.459,79.166],[103.477,79.154],[103.335,79.155],[103.31,79.185],[103.399,79.198]]],[[[101.675,79.234],[101.655,79.224],[101.642,79.225],[101.632,79.231],[101.636,79.235],[101.647,79.237],[101.666,79.236],[101.675,79.234]]],[[[99.855,79.237],[99.867,79.227],[99.82,79.232],[99.765,79.241],[99.755,79.246],[99.756,79.249],[99.773,79.253],[99.791,79.252],[99.801,79.246],[99.824,79.24],[99.855,79.237]]],[[[100.015,79.333],[100.001,79.327],[100,79.328],[99.99,79.331],[99.979,79.332],[99.978,79.334],[99.978,79.343],[100,79.339],[100.006,79.338],[100.016,79.333],[100.015,79.333]]],[[[102.542,79.391],[102.912,79.358],[102.968,79.32],[103.027,79.324],[102.999,79.304],[103.197,79.287],[102.897,79.203],[102.932,79.197],[102.825,79.123],[102.864,79.1],[102.747,79.049],[102.769,78.973],[102.747,78.956],[102.778,78.952],[102.719,78.911],[102.563,78.885],[102.587,78.879],[102.532,78.869],[102.524,78.836],[102.419,78.781],[102.775,78.833],[102.733,78.836],[102.726,78.869],[102.805,78.873],[102.979,79.002],[102.984,79.037],[103.125,79.009],[103.108,79.023],[103.511,79.091],[103.535,79.141],[103.585,79.162],[103.677,79.154],[103.657,79.087],[103.87,79.16],[103.89,79.15],[103.868,79.12],[104.06,79.112],[104.062,79.069],[103.989,79.049],[104.093,79.016],[104.067,78.986],[104.342,78.982],[104.515,78.924],[104.503,78.871],[104.695,78.864],[104.515,78.842],[104.086,78.851],[104.66,78.808],[104.668,78.78],[104.587,78.734],[104.803,78.812],[104.746,78.827],[104.863,78.847],[105.204,78.795],[105.313,78.723],[105.233,78.721],[105.324,78.7],[105.307,78.654],[105.345,78.632],[105.335,78.593],[105.389,78.539],[105.137,78.403],[104.781,78.305],[104.715,78.327],[104.223,78.312],[103.732,78.238],[103.083,78.22],[102.788,78.148],[102.848,78.172],[102.758,78.201],[102.787,78.214],[102.05,78.193],[102.146,78.215],[102.107,78.231],[102.019,78.194],[101.544,78.191],[101.611,78.213],[101.586,78.216],[100.092,77.949],[99.792,77.96],[99.666,77.933],[99.583,77.964],[99.565,78.018],[99.493,78.026],[99.747,78.186],[100.167,78.342],[100.143,78.411],[100.288,78.453],[100.291,78.475],[100.237,78.481],[100.313,78.506],[100.292,78.516],[100.34,78.556],[100.647,78.598],[100.389,78.606],[100.418,78.614],[100.43,78.661],[100.699,78.789],[101.279,78.736],[100.974,78.779],[100.93,78.811],[100.973,78.821],[100.869,78.84],[101.073,78.995],[101.664,78.95],[101.34,79.001],[101.377,79.015],[101.117,79.032],[101.204,79.085],[101.504,79.1],[101.285,79.122],[101.388,79.2],[101.731,79.217],[101.645,79.262],[101.66,79.288],[101.637,79.3],[101.914,79.341],[102.041,79.237],[102.015,79.223],[102.333,79.182],[102.242,79.29],[102.237,79.334],[102.268,79.369],[102.455,79.411],[102.542,79.391]]],[[[92.921,79.439],[93.075,79.416],[92.869,79.385],[92.726,79.423],[92.921,79.439]]],[[[91.91,79.433],[91.89,79.432],[91.848,79.439],[91.856,79.442],[91.91,79.433]]],[[[92.558,79.433],[92.391,79.422],[92.373,79.393],[92.318,79.389],[91.86,79.428],[92.558,79.433]]],[[[92.6,79.454],[92.789,79.446],[92.463,79.451],[92.6,79.454]]],[[[91.792,79.443],[91.768,79.443],[91.721,79.452],[91.722,79.455],[91.794,79.448],[91.792,79.443]]],[[[100.077,79.445],[100.168,79.439],[99.996,79.404],[100.02,79.44],[100.077,79.445]]],[[[91.683,79.466],[91.708,79.456],[91.661,79.465],[91.683,79.466]]],[[[91.593,79.477],[91.647,79.448],[91.835,79.43],[91.472,79.461],[91.539,79.474],[91.461,79.492],[91.593,79.477]]],[[[91.198,79.508],[91.171,79.505],[91.148,79.506],[91.019,79.528],[91.023,79.531],[91.046,79.532],[91.069,79.529],[91.121,79.522],[91.161,79.512],[91.198,79.508]]],[[[90.958,79.563],[91.438,79.506],[90.632,79.56],[90.958,79.563]]],[[[92.937,79.568],[92.928,79.565],[92.908,79.567],[92.887,79.571],[92.897,79.574],[92.926,79.574],[92.933,79.57],[92.937,79.568]]],[[[100.158,79.572],[100.108,79.578],[100.177,79.584],[100.158,79.572]]],[[[91.18,79.615],[91.175,79.608],[91.153,79.608],[91.129,79.611],[91.141,79.615],[91.174,79.616],[91.18,79.615]]],[[[76.406,79.622],[76.306,79.614],[76.657,79.618],[77.608,79.499],[76.779,79.473],[76.699,79.487],[76.67,79.535],[76.382,79.524],[76.114,79.605],[76.119,79.638],[76.175,79.649],[76.406,79.622]]],[[[97.271,79.694],[97.254,79.682],[97.234,79.682],[97.232,79.688],[97.244,79.695],[97.264,79.696],[97.271,79.694],[97.271,79.694]]],[[[100.206,79.711],[100.127,79.698],[100.382,79.676],[100.168,79.664],[100.039,79.597],[99.983,79.601],[100.101,79.706],[100.06,79.716],[100.206,79.711]]],[[[96.796,79.737],[96.784,79.736],[96.762,79.74],[96.759,79.746],[96.768,79.747],[96.786,79.746],[96.804,79.74],[96.796,79.737]]],[[[97.879,79.851],[97.858,79.851],[97.84,79.853],[97.831,79.86],[97.809,79.864],[97.815,79.866],[97.83,79.867],[97.845,79.866],[97.847,79.866],[97.855,79.866],[97.885,79.858],[97.889,79.854],[97.879,79.851]]],[[[98.31,79.919],[98.26,79.918],[98.249,79.92],[98.254,79.923],[98.31,79.923],[98.318,79.921],[98.319,79.921],[98.31,79.919]]],[[[94.336,79.929],[94.304,79.933],[94.375,79.937],[94.336,79.929]]],[[[98.296,79.961],[98.266,79.964],[98.321,79.968],[98.296,79.961]]],[[[98.14,79.981],[98.114,79.98],[98.077,79.985],[98.08,79.987],[98.112,79.987],[98.143,79.987],[98.15,79.984],[98.14,79.981]]],[[[98.344,79.99],[98.318,79.99],[98.31,79.992],[98.313,79.994],[98.33,79.997],[98.354,79.998],[98.358,79.993],[98.344,79.99]]],[[[94.564,79.989],[94.537,79.985],[94.503,79.988],[94.484,79.992],[94.49,79.995],[94.528,79.995],[94.546,79.999],[94.558,79.999],[94.573,79.994],[94.564,79.989]]],[[[94.308,80],[93.981,79.982],[94.271,80.048],[94.391,80.028],[94.308,80]]],[[[92.746,80.035],[92.606,80.036],[92.84,80.043],[92.746,80.035]]],[[[91.957,80.074],[92.047,80.048],[93.362,80],[93.905,79.913],[93.723,79.858],[93.756,79.847],[93.732,79.834],[93.56,79.811],[93.458,79.812],[93.522,79.862],[93.346,79.816],[93.182,79.832],[93.497,79.796],[93.133,79.713],[92.579,79.68],[92.107,79.689],[91.776,79.666],[91.834,79.654],[91.791,79.648],[91.359,79.705],[91.269,79.741],[91.944,79.738],[91.847,79.723],[92.03,79.702],[92.148,79.753],[92.335,79.737],[92.409,79.76],[92.187,79.817],[91.29,79.839],[91.223,79.873],[91.452,79.914],[91.239,79.961],[91.354,79.976],[91.362,80.003],[90.998,80.066],[91.957,80.074]]],[[[94.935,80.082],[94.904,80.076],[94.882,80.078],[94.88,80.082],[94.897,80.085],[94.905,80.086],[94.92,80.087],[94.93,80.087],[94.939,80.087],[94.935,80.082]]],[[[95.141,80.089],[95.117,80.089],[95.101,80.093],[95.136,80.097],[95.157,80.096],[95.155,80.092],[95.141,80.089]]],[[[98.039,80.085],[97.979,80.106],[98.074,80.096],[98.039,80.085]]],[[[91.755,80.122],[91.74,80.121],[91.715,80.123],[91.71,80.125],[91.72,80.128],[91.747,80.129],[91.75,80.129],[91.767,80.127],[91.768,80.124],[91.755,80.122]]],[[[96.82,80.134],[96.753,80.136],[96.843,80.139],[96.82,80.134]]],[[[96.048,80.123],[95.963,80.126],[96.106,80.138],[96.048,80.123]]],[[[97.268,80.157],[97.683,80.157],[98.127,80.05],[97.914,80.012],[97.998,79.965],[97.94,79.947],[98.031,79.937],[97.974,79.903],[97.698,79.852],[97.413,79.856],[97.595,79.837],[96.48,79.719],[96.887,79.742],[97.005,79.722],[97.147,79.771],[97.72,79.811],[97.746,79.784],[97.218,79.699],[97.171,79.661],[97.205,79.635],[97.159,79.617],[97.223,79.593],[97.19,79.618],[97.229,79.63],[97.214,79.673],[97.75,79.76],[97.859,79.747],[97.853,79.793],[98.275,79.824],[98.136,79.91],[98.318,79.9],[98.446,79.962],[98.426,79.943],[98.518,79.946],[98.425,79.902],[98.42,79.874],[98.52,79.879],[98.49,79.894],[98.584,79.952],[98.593,79.986],[98.488,80.017],[98.511,80.044],[98.732,80.072],[98.764,80.069],[98.699,80.046],[99.325,80.059],[99.174,80.027],[99.41,80.033],[99.464,80.022],[99.341,79.997],[99.657,79.978],[99.687,79.968],[99.61,79.938],[99.686,79.954],[99.768,79.937],[99.751,79.921],[99.842,79.924],[99.934,79.893],[99.925,79.866],[100.073,79.848],[100.155,79.784],[99.869,79.749],[99.976,79.727],[99.989,79.7],[99.94,79.639],[99.873,79.644],[99.901,79.629],[99.871,79.571],[99.786,79.554],[99.924,79.504],[99.819,79.444],[99.867,79.412],[99.817,79.367],[99.86,79.341],[99.836,79.32],[99.844,79.276],[99.722,79.281],[99.744,79.265],[99.624,79.246],[99.664,79.231],[99.358,79.297],[99.223,79.292],[99.398,79.223],[99.777,79.148],[99.637,79.117],[99.956,79.088],[99.956,79.061],[99.993,79.05],[99.936,79.026],[100.049,78.948],[99.538,78.81],[98.655,78.811],[98.411,78.77],[98.143,78.827],[98.101,78.822],[98.153,78.812],[97.929,78.83],[97.666,78.809],[97.456,78.835],[97.377,78.869],[97.391,78.887],[97.181,78.885],[96.983,78.935],[96.964,78.987],[96.927,78.996],[96.571,78.999],[96.623,79.009],[96.491,78.981],[96.324,79.014],[96.182,78.98],[95.748,78.992],[95.725,79.035],[95.767,79.057],[95.672,79.055],[95.635,79.069],[95.657,79.093],[95.639,79.097],[95.483,79.095],[95.105,79.026],[95.014,79.041],[95.066,79.055],[94.879,79.053],[94.679,79.12],[94.717,79.184],[94.389,79.245],[94.466,79.279],[94.4,79.321],[94.434,79.348],[94.377,79.413],[94.441,79.437],[94.415,79.482],[94.068,79.495],[94.046,79.468],[94.089,79.458],[94.041,79.438],[93.854,79.436],[93.901,79.464],[93.797,79.478],[93.971,79.491],[93.932,79.52],[94.031,79.515],[93.701,79.569],[93.928,79.602],[93.952,79.61],[93.912,79.616],[93.947,79.639],[93.787,79.623],[93.747,79.601],[93.789,79.583],[93.498,79.534],[93.471,79.514],[93.561,79.499],[93.433,79.473],[93.518,79.461],[93.236,79.464],[93.2,79.485],[93.393,79.516],[93.334,79.544],[93.16,79.531],[93.106,79.543],[93.146,79.556],[92.961,79.58],[93.369,79.553],[93.616,79.626],[93.731,79.628],[93.696,79.632],[94.104,79.77],[94.736,79.776],[94.615,79.787],[94.746,79.817],[94.724,79.828],[94.349,79.894],[94.376,79.908],[94.344,79.917],[94.461,79.944],[94.403,79.951],[94.381,79.983],[94.797,79.973],[94.685,79.996],[94.749,80],[94.774,80.042],[94.967,80.065],[94.999,80.104],[95.308,80.02],[95.423,80.051],[95.425,80.089],[95.506,80.103],[96.477,80.094],[96.639,80.131],[96.769,80.115],[97.268,80.157]]],[[[97.482,80.248],[97.428,80.251],[97.501,80.272],[97.482,80.248]]],[[[91.646,80.345],[91.635,80.343],[91.604,80.344],[91.555,80.35],[91.592,80.352],[91.628,80.35],[91.646,80.345]]],[[[91.523,80.364],[91.535,80.359],[91.504,80.359],[91.445,80.366],[91.439,80.369],[91.465,80.371],[91.481,80.369],[91.523,80.364]]],[[[92.76,80.482],[92.669,80.478],[92.841,80.502],[92.76,80.482]]],[[[98.013,80.633],[97.98,80.63],[97.958,80.633],[97.954,80.636],[97.963,80.639],[97.987,80.64],[98.012,80.637],[98.013,80.633]]],[[[92.538,80.694],[92.48,80.694],[92.567,80.703],[92.538,80.694]]],[[[98.117,80.75],[98.089,80.747],[98.068,80.749],[98.067,80.754],[98.083,80.757],[98.108,80.755],[98.121,80.753],[98.117,80.75]]],[[[79.19,80.828],[78.607,80.847],[78.868,80.943],[79.238,80.968],[79.812,80.941],[79.953,80.901],[79.593,80.842],[79.19,80.828]]],[[[93.567,81.061],[93.564,81.057],[93.556,81.057],[93.536,81.06],[93.52,81.069],[93.536,81.07],[93.554,81.068],[93.567,81.061]]],[[[93.331,81.075],[93.307,81.073],[93.228,81.074],[93.183,81.078],[93.179,81.08],[93.189,81.083],[93.214,81.084],[93.265,81.085],[93.3,81.084],[93.328,81.078],[93.331,81.075]]],[[[91.099,81.205],[91.633,81.174],[91.654,81.137],[91.724,81.113],[91.421,81.046],[91.084,81.03],[90.282,81.063],[90.079,81.105],[90.128,81.154],[90.239,81.183],[91.099,81.205]]],[[[96.002,81.211],[95.882,81.164],[96.118,81.167],[96.237,81.138],[96.284,81.104],[96.54,81.055],[96.567,81.011],[96.776,80.984],[96.726,80.952],[96.837,80.905],[97.151,80.873],[97.471,80.8],[97.892,80.788],[97.81,80.757],[97.946,80.75],[97.966,80.731],[97.851,80.71],[97.974,80.701],[98.021,80.669],[97.4,80.611],[97.367,80.639],[97.183,80.634],[96.722,80.714],[97.244,80.613],[97.119,80.503],[97.249,80.431],[97.263,80.334],[97.471,80.306],[97.3,80.251],[97.33,80.234],[97.303,80.228],[95.675,80.202],[95.174,80.146],[94.576,80.142],[94.35,80.067],[93.722,80.004],[92.794,80.12],[92.186,80.138],[92.306,80.161],[92.294,80.183],[92.977,80.144],[92.163,80.251],[92.842,80.275],[93.412,80.238],[93.301,80.272],[92.876,80.292],[91.71,80.252],[91.754,80.284],[91.468,80.255],[91.771,80.331],[92.2,80.325],[92.06,80.347],[92.089,80.35],[92.77,80.334],[91.988,80.408],[92.88,80.477],[92.886,80.553],[92.953,80.622],[93.341,80.725],[93.325,80.736],[93.381,80.76],[93.24,80.761],[93.281,80.731],[93.253,80.727],[92.935,80.71],[92.88,80.73],[92.72,80.7],[92.586,80.728],[92.845,80.79],[92.843,80.823],[93.292,80.861],[93.154,80.931],[93.598,80.983],[93.789,80.971],[93.816,80.977],[93.77,81.007],[94.911,81.104],[95.362,81.19],[95.665,81.194],[95.152,81.218],[95.179,81.243],[95.79,81.262],[95.958,81.241],[96.002,81.211]]]]}},{"type":"Feature","properties":{"id":"37","name":"Kurgan"},"geometry":{"type":"Polygon","coordinates":[[[64.662,56.865],[64.847,56.863],[64.968,56.797],[64.951,56.775],[65.019,56.701],[64.981,56.619],[64.996,56.573],[65.151,56.426],[65.113,56.382],[65.145,56.35],[65.634,56.317],[65.682,56.245],[66,56.048],[66.257,56.113],[66.478,55.982],[66.679,56.074],[66.717,56.065],[66.757,55.999],[66.853,55.991],[66.963,56.031],[67.023,55.975],[67.253,55.972],[67.323,55.826],[67.394,55.758],[67.603,55.729],[67.77,55.761],[67.875,55.694],[68.158,55.734],[68.187,55.694],[68.161,55.674],[68.21,55.62],[68.651,55.374],[68.673,55.332],[68.657,55.26],[68.617,55.189],[68.178,55.187],[68.203,55.127],[68.288,55.069],[68.219,55.023],[68.201,54.958],[68.023,54.943],[67.868,54.977],[67.793,54.942],[67.763,54.883],[67.638,54.853],[67.553,54.838],[67.314,54.867],[67.28,54.821],[67.048,54.774],[66.798,54.766],[66.735,54.725],[66.345,54.689],[66.02,54.618],[65.952,54.631],[65.971,54.7],[65.946,54.713],[65.84,54.693],[65.755,54.603],[65.482,54.648],[65.449,54.616],[65.482,54.573],[65.358,54.581],[65.201,54.525],[65.19,54.451],[65.24,54.367],[65.222,54.342],[65.112,54.34],[64.978,54.42],[64.755,54.358],[64.743,54.405],[64.642,54.398],[64.476,54.363],[64.434,54.329],[64.079,54.318],[64.031,54.282],[63.996,54.311],[63.961,54.275],[63.811,54.279],[63.412,54.194],[63.378,54.197],[63.364,54.262],[63.109,54.369],[63.152,54.418],[63.12,54.47],[63.288,54.532],[63.204,54.719],[62.991,54.726],[62.714,54.669],[62.532,54.682],[62.568,54.724],[62.484,54.754],[62.184,54.684],[62.044,54.766],[62.083,54.819],[61.956,54.991],[61.961,55.048],[62.07,55.065],[62.139,55.021],[62.19,55.022],[62.253,55.116],[62.057,55.311],[62.21,55.347],[62.161,55.454],[62.358,55.44],[62.456,55.461],[62.546,55.491],[62.576,55.557],[62.481,55.572],[62.558,55.625],[62.563,55.662],[62.505,55.743],[62.541,55.773],[62.321,55.893],[62.366,55.942],[62.241,55.946],[62.2,56.004],[62.202,56.051],[62.031,56.179],[62.042,56.301],[62.161,56.346],[62.399,56.556],[62.511,56.602],[62.559,56.601],[62.65,56.517],[62.747,56.583],[62.946,56.648],[63.124,56.597],[63.3,56.603],[63.336,56.577],[63.387,56.623],[63.496,56.65],[63.787,56.525],[64.16,56.51],[64.231,56.544],[64.198,56.613],[64.345,56.684],[64.312,56.753],[64.337,56.773],[64.446,56.786],[64.585,56.866],[64.662,56.865]]]}},{"type":"Feature","properties":{"id":"38","name":"Kursk"},"geometry":{"type":"Polygon","coordinates":[[[35.515,52.434],[35.564,52.394],[35.589,52.302],[35.632,52.286],[35.748,52.32],[35.911,52.322],[36.011,52.364],[36.342,52.388],[36.482,52.248],[36.614,52.236],[36.649,52.196],[36.751,52.192],[36.895,52.126],[37.14,52.109],[37.403,51.955],[37.533,52.043],[37.687,51.986],[37.689,52.024],[37.731,52.057],[37.81,52.032],[37.844,51.956],[38.004,51.913],[38.158,51.938],[38.251,51.924],[38.34,51.959],[38.489,51.899],[38.531,51.834],[38.509,51.763],[38.646,51.719],[38.546,51.659],[38.466,51.693],[38.212,51.653],[38.319,51.562],[38.367,51.478],[38.36,51.438],[38.406,51.356],[38.37,51.279],[38.034,51.426],[37.929,51.421],[37.793,51.363],[37.432,51.378],[37.158,51.317],[37.059,51.217],[36.806,51.189],[36.61,51.086],[36.347,51.122],[36.255,51.163],[36.123,51.133],[36.039,51.19],[35.951,51.128],[36.012,51.107],[35.988,51.061],[35.911,51.049],[35.845,50.977],[35.759,51.003],[35.675,50.962],[35.535,50.947],[35.487,51.006],[35.391,51.02],[35.426,51.049],[35.385,51.072],[35.313,51.087],[35.205,51.053],[35.129,51.151],[35.111,51.224],[34.976,51.237],[34.82,51.176],[34.688,51.188],[34.656,51.248],[34.415,51.268],[34.339,51.232],[34.271,51.26],[34.343,51.364],[34.224,51.406],[34.318,51.529],[34.252,51.589],[34.091,51.663],[34.432,51.739],[34.395,51.783],[34.419,51.833],[34.327,51.872],[34.414,51.938],[34.282,51.981],[34.326,52.009],[34.323,52.045],[34.448,52.103],[34.649,52.099],[34.686,52.165],[34.634,52.202],[34.644,52.223],[34.696,52.245],[34.812,52.23],[34.931,52.37],[35.143,52.398],[35.187,52.438],[35.337,52.406],[35.346,52.459],[35.439,52.429],[35.461,52.48],[35.53,52.465],[35.515,52.434]]]}},{"type":"Feature","properties":{"id":"39","name":"Leningrad"},"geometry":{"type":"MultiPolygon","coordinates":[[[[28.142,59.343],[28.142,59.343],[28.142,59.343],[28.142,59.343],[28.142,59.343],[28.142,59.343],[28.142,59.343],[28.142,59.343],[28.142,59.343],[28.142,59.343],[28.142,59.343],[28.142,59.343],[28.142,59.343],[28.142,59.343],[28.142,59.343]]],[[[28.147,59.344],[28.147,59.344],[28.147,59.344],[28.147,59.344],[28.147,59.344]]],[[[28.169,59.347],[28.169,59.347],[28.169,59.347],[28.169,59.347],[28.169,59.347],[28.169,59.347],[28.169,59.347],[28.169,59.347],[28.169,59.347],[28.169,59.347],[28.169,59.347],[28.169,59.346],[28.169,59.346],[28.169,59.346],[28.169,59.346],[28.169,59.346],[28.169,59.346],[28.169,59.346],[28.169,59.346],[28.169,59.346],[28.169,59.346],[28.169,59.347],[28.169,59.347],[28.169,59.347],[28.169,59.347],[28.169,59.347],[28.169,59.347]]],[[[27.999,59.655],[27.996,59.651],[27.993,59.652],[27.991,59.655],[27.994,59.655],[27.999,59.655]]],[[[28.017,59.661],[28.016,59.658],[28.015,59.661],[28.017,59.661]]],[[[28.083,59.81],[28.084,59.808],[28.082,59.808],[28.08,59.81],[28.083,59.81]]],[[[28.089,59.815],[28.089,59.814],[28.087,59.816],[28.089,59.815]]],[[[26.919,59.819],[26.955,59.797],[26.897,59.809],[26.919,59.819]]],[[[27.196,59.867],[27.229,59.846],[27.185,59.836],[27.196,59.867]]],[[[26.888,59.933],[26.888,59.933],[26.889,59.933],[26.889,59.932],[26.889,59.932],[26.889,59.93],[26.889,59.93],[26.889,59.93],[26.888,59.93],[26.888,59.93],[26.888,59.93],[26.888,59.929],[26.887,59.929],[26.887,59.929],[26.886,59.929],[26.886,59.929],[26.886,59.929],[26.886,59.928],[26.884,59.928],[26.884,59.929],[26.884,59.929],[26.884,59.929],[26.884,59.929],[26.884,59.93],[26.885,59.93],[26.885,59.931],[26.885,59.931],[26.885,59.932],[26.886,59.932],[26.886,59.932],[26.886,59.932],[26.886,59.932],[26.887,59.932],[26.887,59.933],[26.888,59.933],[26.888,59.933],[26.888,59.933]]],[[[26.864,59.946],[26.864,59.946],[26.864,59.946],[26.864,59.945],[26.865,59.945],[26.865,59.944],[26.864,59.944],[26.864,59.944],[26.861,59.944],[26.861,59.944],[26.86,59.944],[26.86,59.944],[26.859,59.944],[26.859,59.945],[26.859,59.945],[26.859,59.945],[26.859,59.945],[26.859,59.945],[26.86,59.945],[26.86,59.946],[26.86,59.946],[26.86,59.946],[26.861,59.946],[26.861,59.946],[26.864,59.946]]],[[[26.68,59.97],[26.68,59.97],[26.681,59.97],[26.681,59.968],[26.679,59.968],[26.679,59.968],[26.678,59.968],[26.678,59.968],[26.677,59.968],[26.677,59.969],[26.678,59.969],[26.678,59.97],[26.679,59.97],[26.679,59.97],[26.68,59.97]]],[[[27.832,59.968],[27.828,59.968],[27.829,59.971],[27.832,59.971],[27.832,59.968]]],[[[27.903,59.99],[27.9,59.985],[27.896,59.985],[27.894,59.989],[27.893,59.984],[27.891,59.981],[27.89,59.984],[27.89,59.988],[27.889,59.991],[27.887,59.993],[27.884,59.995],[27.884,59.999],[27.891,60],[27.888,60.011],[27.895,60.016],[27.905,60.009],[27.906,60.003],[27.899,60.001],[27.903,59.99]]],[[[27.84,59.986],[27.793,59.996],[27.835,60.038],[27.874,60.003],[27.84,59.986]]],[[[28.059,60.024],[28.061,60.021],[28.021,60.027],[28.007,60.027],[28.003,60.032],[28.005,60.041],[28.009,60.043],[28.015,60.04],[28.022,60.033],[28.028,60.03],[28.059,60.024]]],[[[28.407,60.016],[28.394,60.01],[28.387,60.012],[28.371,60.024],[28.376,60.029],[28.37,60.04],[28.374,60.044],[28.39,60.041],[28.395,60.04],[28.398,60.026],[28.407,60.016]]],[[[27.026,60.025],[26.982,60.026],[26.945,60.1],[26.983,60.097],[27.026,60.025]]],[[[28.558,60.342],[28.731,60.286],[28.699,60.262],[28.62,60.27],[28.561,60.295],[28.558,60.342]]],[[[28.472,60.365],[28.531,60.308],[28.422,60.363],[28.472,60.365]]],[[[27.807,60.449],[27.801,60.442],[27.795,60.443],[27.781,60.451],[27.783,60.455],[27.784,60.457],[27.788,60.457],[27.79,60.457],[27.792,60.455],[27.796,60.45],[27.807,60.449]]],[[[28.696,60.449],[28.69,60.443],[28.681,60.45],[28.67,60.452],[28.666,60.455],[28.667,60.459],[28.671,60.461],[28.673,60.463],[28.677,60.463],[28.68,60.458],[28.696,60.449]]],[[[28.491,60.428],[28.523,60.414],[28.536,60.35],[28.448,60.464],[28.491,60.428]]],[[[27.874,60.461],[27.866,60.46],[27.861,60.463],[27.864,60.466],[27.861,60.471],[27.865,60.474],[27.871,60.471],[27.873,60.47],[27.883,60.469],[27.886,60.465],[27.879,60.464],[27.879,60.464],[27.874,60.461]]],[[[27.887,60.479],[27.889,60.472],[27.88,60.471],[27.87,60.479],[27.873,60.483],[27.886,60.479],[27.887,60.479]]],[[[27.887,60.479],[27.889,60.484],[27.893,60.485],[27.897,60.48],[27.888,60.479],[27.887,60.479]]],[[[27.856,60.502],[27.852,60.496],[27.847,60.497],[27.84,60.501],[27.841,60.505],[27.85,60.506],[27.854,60.503],[27.856,60.502]]],[[[27.82,60.505],[27.852,60.475],[27.789,60.49],[27.82,60.505]]],[[[28.678,60.512],[28.667,60.51],[28.664,60.511],[28.67,60.515],[28.672,60.515],[28.676,60.515],[28.678,60.512]]],[[[27.811,60.526],[27.824,60.524],[27.839,60.524],[27.845,60.523],[27.846,60.518],[27.836,60.513],[27.834,60.504],[27.827,60.505],[27.824,60.511],[27.807,60.522],[27.811,60.526]]],[[[28.67,60.475],[28.697,60.47],[28.627,60.476],[28.57,60.518],[28.67,60.475]]],[[[28.648,60.525],[28.636,60.525],[28.632,60.527],[28.639,60.537],[28.64,60.537],[28.643,60.538],[28.646,60.533],[28.649,60.529],[28.648,60.525]]],[[[28.614,60.533],[28.606,60.525],[28.602,60.526],[28.595,60.535],[28.6,60.542],[28.598,60.548],[28.593,60.551],[28.594,60.555],[28.594,60.555],[28.598,60.557],[28.609,60.552],[28.617,60.541],[28.613,60.538],[28.614,60.533]]],[[[28.448,60.561],[28.445,60.56],[28.43,60.569],[28.45,60.569],[28.455,60.567],[28.448,60.561]]],[[[28.476,60.585],[28.471,60.585],[28.451,60.592],[28.443,60.596],[28.44,60.601],[28.44,60.607],[28.452,60.605],[28.459,60.601],[28.458,60.596],[28.459,60.596],[28.464,60.595],[28.48,60.587],[28.476,60.585]]],[[[28.657,60.605],[28.652,60.604],[28.645,60.613],[28.647,60.616],[28.657,60.609],[28.657,60.605]]],[[[28.439,60.622],[28.45,60.618],[28.456,60.619],[28.463,60.615],[28.454,60.614],[28.452,60.611],[28.432,60.619],[28.435,60.622],[28.439,60.622]]],[[[28.55,60.622],[28.553,60.617],[28.541,60.619],[28.534,60.626],[28.515,60.644],[28.516,60.648],[28.518,60.649],[28.523,60.651],[28.53,60.651],[28.546,60.637],[28.553,60.631],[28.556,60.629],[28.55,60.622]]],[[[28.61,60.66],[28.599,60.652],[28.597,60.655],[28.604,60.66],[28.61,60.66]]],[[[28.542,60.654],[28.536,60.65],[28.526,60.658],[28.532,60.661],[28.536,60.659],[28.542,60.654]]],[[[28.615,60.673],[28.614,60.672],[28.604,60.664],[28.586,60.661],[28.579,60.664],[28.582,60.667],[28.595,60.666],[28.606,60.673],[28.615,60.673]]],[[[28.711,60.73],[28.7,60.725],[28.692,60.728],[28.691,60.729],[28.696,60.735],[28.698,60.736],[28.699,60.736],[28.7,60.737],[28.711,60.733],[28.711,60.733],[28.711,60.733],[28.711,60.73]]],[[[28.733,60.718],[28.713,60.75],[28.76,60.724],[28.733,60.718]]],[[[28.615,60.673],[28.406,60.66],[28.383,60.647],[28.396,60.601],[28.311,60.622],[28.356,60.597],[28.243,60.573],[28.241,60.512],[28.168,60.541],[28.155,60.514],[28.017,60.524],[27.988,60.5],[27.87,60.516],[27.865,60.553],[27.794,60.535],[27.892,60.613],[28.468,60.925],[28.538,60.958],[28.657,60.951],[28.708,61.034],[28.829,61.126],[29.214,61.258],[29.322,61.336],[29.43,61.272],[29.565,61.245],[29.64,61.188],[29.905,61.171],[29.944,61.143],[30.062,61.14],[32.634,60.652],[32.785,60.646],[32.959,60.761],[33.131,60.777],[33.194,60.867],[33.442,60.968],[33.442,61.012],[33.575,61.005],[33.753,60.948],[33.902,61.103],[33.772,61.131],[33.654,61.098],[33.479,61.176],[33.471,61.196],[33.523,61.22],[33.774,61.276],[34.13,61.255],[34.21,61.273],[34.473,61.156],[34.507,61.247],[34.76,61.346],[35.157,61.259],[35.35,61.315],[35.376,61.302],[35.346,61.208],[35.488,61.169],[35.601,61.238],[35.713,61.171],[35.709,61.132],[35.657,61.06],[35.52,61.005],[35.525,60.972],[35.6,60.942],[35.557,60.888],[35.494,60.852],[35.318,60.869],[35.203,60.797],[35.297,60.693],[35.342,60.569],[35.24,60.322],[35.163,60.269],[35.172,60.212],[35.144,60.155],[35.234,60.118],[35.232,60.079],[35.174,60.05],[35.512,59.987],[35.443,59.944],[35.434,59.768],[35.459,59.736],[35.652,59.715],[35.67,59.628],[35.553,59.671],[35.559,59.574],[35.418,59.487],[35.501,59.438],[35.414,59.376],[35.382,59.303],[35.27,59.304],[35.17,59.251],[35.084,59.264],[35.037,59.223],[34.955,59.271],[34.805,59.174],[34.809,59.132],[34.772,59.124],[34.801,59.091],[34.746,59.076],[34.363,59.16],[34.198,59.147],[34.149,59.102],[34.079,59.115],[33.895,59.163],[33.693,59.346],[33.534,59.326],[33.443,59.343],[33.342,59.281],[33.128,59.356],[33.068,59.406],[32.974,59.33],[32.811,59.263],[32.78,59.231],[32.823,59.138],[32.72,59.064],[32.415,59.132],[32.341,59.184],[32.32,59.269],[31.989,59.387],[31.937,59.38],[31.889,59.276],[31.837,59.269],[31.688,59.333],[31.548,59.341],[31.575,59.222],[31.603,59.203],[31.528,59.174],[31.547,59.155],[31.527,59.12],[31.406,59.021],[31.275,58.994],[31.158,59.038],[31.049,59.039],[31.01,59.017],[30.956,58.906],[30.772,58.827],[30.76,58.75],[30.729,58.722],[30.554,58.731],[30.384,58.678],[30.19,58.741],[30.129,58.701],[30.168,58.667],[30.11,58.618],[30.112,58.58],[30.159,58.547],[30.157,58.464],[30.036,58.419],[29.928,58.441],[29.818,58.409],[29.703,58.416],[29.615,58.444],[29.557,58.518],[29.292,58.561],[29.269,58.649],[29.01,58.782],[28.319,58.841],[28.185,58.957],[28.055,58.99],[27.906,59],[27.793,58.939],[27.727,58.936],[27.744,59.03],[27.806,59.131],[27.886,59.19],[27.906,59.249],[28.031,59.301],[28.121,59.301],[28.127,59.338],[28.209,59.37],[28.044,59.473],[28.094,59.592],[28.002,59.695],[28.028,59.751],[28.099,59.789],[28.192,59.773],[28.235,59.68],[28.383,59.66],[28.433,59.68],[28.441,59.794],[28.475,59.828],[28.558,59.85],[28.726,59.773],[28.792,59.776],[28.785,59.801],[28.841,59.78],[28.879,59.809],[28.979,59.812],[29.06,59.863],[29.065,59.892],[28.989,59.912],[29.05,59.924],[29.058,59.958],[29.227,59.995],[29.66,59.933],[29.689,59.98],[29.676,59.863],[29.85,59.828],[29.85,59.805],[30.063,59.688],[30.264,59.609],[30.483,59.623],[30.567,59.694],[30.681,59.694],[30.771,59.744],[30.758,59.777],[30.517,59.851],[30.495,59.887],[30.525,59.986],[30.352,60.051],[30.384,60.128],[29.638,60.266],[29.541,60.256],[29.409,60.163],[29.144,60.162],[29.016,60.186],[28.996,60.24],[28.859,60.288],[28.812,60.354],[28.773,60.319],[28.62,60.354],[28.447,60.543],[28.499,60.548],[28.568,60.477],[28.718,60.44],[28.698,60.502],[28.659,60.519],[28.658,60.554],[28.685,60.557],[28.618,60.597],[28.653,60.562],[28.611,60.556],[28.555,60.602],[28.578,60.599],[28.579,60.644],[28.631,60.601],[28.708,60.593],[28.649,60.655],[28.69,60.663],[28.72,60.629],[28.706,60.662],[28.754,60.664],[28.727,60.687],[28.766,60.726],[28.712,60.772],[28.675,60.769],[28.698,60.75],[28.649,60.736],[28.662,60.701],[28.615,60.701],[28.664,60.685],[28.615,60.673]],[[28.165,59.408],[28.165,59.408],[28.165,59.408],[28.166,59.408],[28.166,59.408],[28.166,59.408],[28.166,59.408],[28.166,59.408],[28.166,59.408],[28.166,59.408],[28.166,59.408],[28.166,59.408],[28.166,59.408],[28.166,59.408],[28.166,59.408],[28.166,59.408],[28.166,59.408],[28.166,59.408],[28.166,59.408],[28.166,59.408],[28.166,59.408],[28.166,59.408],[28.166,59.408],[28.166,59.408],[28.166,59.408],[28.166,59.408],[28.166,59.408],[28.166,59.408],[28.166,59.408],[28.166,59.408],[28.166,59.408],[28.165,59.408],[28.165,59.408],[28.165,59.408],[28.165,59.408],[28.165,59.409],[28.165,59.409],[28.165,59.409],[28.165,59.409],[28.165,59.409],[28.165,59.409],[28.165,59.409],[28.165,59.409],[28.165,59.409],[28.165,59.409],[28.165,59.409],[28.165,59.409],[28.165,59.409],[28.165,59.409],[28.165,59.409],[28.165,59.409],[28.165,59.409],[28.165,59.409],[28.165,59.409],[28.165,59.409],[28.165,59.409],[28.165,59.409],[28.165,59.409],[28.165,59.409],[28.164,59.409],[28.164,59.409],[28.164,59.409],[28.164,59.409],[28.164,59.409],[28.164,59.409],[28.164,59.409],[28.164,59.409],[28.164,59.409],[28.164,59.409],[28.164,59.409],[28.164,59.409],[28.164,59.409],[28.164,59.409],[28.164,59.409],[28.164,59.409],[28.164,59.409],[28.164,59.409],[28.164,59.409],[28.164,59.409],[28.164,59.409],[28.164,59.409],[28.164,59.409],[28.164,59.409],[28.164,59.409],[28.164,59.409],[28.164,59.409],[28.164,59.409],[28.164,59.409],[28.164,59.409],[28.164,59.409],[28.164,59.409],[28.164,59.408],[28.164,59.408],[28.164,59.408],[28.164,59.408],[28.164,59.408],[28.164,59.408],[28.164,59.408],[28.164,59.408],[28.165,59.408],[28.165,59.408],[28.165,59.408],[28.165,59.408],[28.165,59.408],[28.165,59.408],[28.165,59.408],[28.165,59.408],[28.165,59.408],[28.165,59.408],[28.165,59.408],[28.165,59.408],[28.165,59.408],[28.165,59.408],[28.165,59.408],[28.165,59.408],[28.165,59.408]],[[28.192,59.397],[28.192,59.397],[28.192,59.397],[28.192,59.397],[28.192,59.397],[28.192,59.397],[28.192,59.397],[28.192,59.397],[28.192,59.397],[28.192,59.397],[28.192,59.397],[28.192,59.397],[28.192,59.397],[28.192,59.397],[28.192,59.398],[28.192,59.398],[28.192,59.398],[28.192,59.398],[28.192,59.398],[28.192,59.398],[28.192,59.398],[28.192,59.398],[28.192,59.398],[28.192,59.398],[28.192,59.398],[28.192,59.398],[28.192,59.398],[28.192,59.398],[28.192,59.398],[28.192,59.398],[28.192,59.398],[28.192,59.398],[28.192,59.398],[28.192,59.398],[28.192,59.398],[28.192,59.399],[28.192,59.399],[28.192,59.399],[28.192,59.399],[28.192,59.399],[28.191,59.399],[28.191,59.399],[28.191,59.399],[28.191,59.399],[28.191,59.399],[28.191,59.399],[28.191,59.399],[28.191,59.399],[28.191,59.399],[28.191,59.399],[28.191,59.399],[28.19,59.4],[28.19,59.4],[28.19,59.4],[28.19,59.4],[28.19,59.4],[28.19,59.4],[28.19,59.4],[28.19,59.4],[28.189,59.4],[28.189,59.4],[28.189,59.4],[28.189,59.4],[28.189,59.4],[28.189,59.4],[28.189,59.4],[28.189,59.4],[28.189,59.4],[28.189,59.4],[28.188,59.4],[28.188,59.4],[28.188,59.4],[28.188,59.4],[28.188,59.4],[28.188,59.4],[28.188,59.4],[28.188,59.4],[28.188,59.4],[28.188,59.4],[28.188,59.4],[28.188,59.4],[28.187,59.401],[28.187,59.401],[28.187,59.401],[28.187,59.401],[28.187,59.401],[28.187,59.401],[28.187,59.401],[28.186,59.401],[28.186,59.401],[28.186,59.401],[28.186,59.401],[28.186,59.401],[28.186,59.401],[28.186,59.401],[28.186,59.401],[28.186,59.401],[28.186,59.401],[28.185,59.401],[28.185,59.401],[28.185,59.401],[28.185,59.401],[28.185,59.401],[28.185,59.401],[28.185,59.401],[28.185,59.401],[28.185,59.401],[28.185,59.401],[28.185,59.401],[28.185,59.4],[28.185,59.4],[28.185,59.4],[28.186,59.4],[28.186,59.4],[28.186,59.4],[28.186,59.4],[28.186,59.4],[28.186,59.4],[28.186,59.4],[28.186,59.4],[28.186,59.4],[28.186,59.4],[28.186,59.4],[28.186,59.4],[28.186,59.4],[28.186,59.4],[28.186,59.4],[28.186,59.4],[28.187,59.4],[28.187,59.4],[28.187,59.4],[28.187,59.4],[28.187,59.4],[28.187,59.4],[28.187,59.399],[28.187,59.399],[28.187,59.399],[28.187,59.399],[28.187,59.399],[28.187,59.399],[28.188,59.399],[28.188,59.399],[28.188,59.399],[28.188,59.399],[28.188,59.399],[28.188,59.399],[28.188,59.399],[28.188,59.399],[28.188,59.399],[28.188,59.399],[28.188,59.399],[28.188,59.399],[28.189,59.399],[28.189,59.399],[28.189,59.399],[28.189,59.399],[28.189,59.399],[28.189,59.399],[28.189,59.398],[28.189,59.398],[28.189,59.398],[28.189,59.398],[28.189,59.398],[28.189,59.398],[28.189,59.398],[28.189,59.398],[28.19,59.398],[28.19,59.398],[28.19,59.398],[28.19,59.398],[28.19,59.398],[28.19,59.398],[28.19,59.398],[28.19,59.398],[28.19,59.398],[28.19,59.398],[28.19,59.398],[28.191,59.398],[28.191,59.398],[28.191,59.398],[28.191,59.397],[28.191,59.397],[28.191,59.397],[28.191,59.397],[28.191,59.397],[28.191,59.397],[28.191,59.397],[28.191,59.397],[28.192,59.397],[28.192,59.397],[28.192,59.397],[28.192,59.397]],[[28.203,59.363],[28.203,59.363],[28.203,59.363],[28.204,59.363],[28.204,59.363],[28.204,59.363],[28.204,59.363],[28.204,59.363],[28.205,59.363],[28.205,59.363],[28.205,59.364],[28.205,59.364],[28.205,59.364],[28.206,59.364],[28.206,59.364],[28.206,59.364],[28.206,59.364],[28.206,59.364],[28.206,59.364],[28.206,59.364],[28.206,59.364],[28.206,59.364],[28.206,59.364],[28.205,59.364],[28.205,59.364],[28.205,59.364],[28.204,59.364],[28.204,59.364],[28.204,59.363],[28.204,59.363],[28.203,59.363],[28.203,59.363],[28.203,59.363]],[[28.197,59.36],[28.197,59.36],[28.197,59.36],[28.197,59.36],[28.197,59.36],[28.197,59.36],[28.196,59.359],[28.196,59.358],[28.196,59.358],[28.196,59.358],[28.196,59.358],[28.195,59.357],[28.194,59.356],[28.194,59.356],[28.194,59.355],[28.193,59.355],[28.193,59.355],[28.193,59.355],[28.193,59.355],[28.193,59.355],[28.193,59.355],[28.193,59.355],[28.193,59.355],[28.193,59.355],[28.193,59.355],[28.193,59.355],[28.194,59.355],[28.194,59.355],[28.194,59.355],[28.194,59.355],[28.194,59.355],[28.194,59.355],[28.194,59.355],[28.195,59.355],[28.195,59.355],[28.195,59.355],[28.195,59.355],[28.195,59.355],[28.195,59.355],[28.195,59.355],[28.195,59.355],[28.195,59.355],[28.196,59.355],[28.196,59.355],[28.199,59.356],[28.199,59.357],[28.199,59.357],[28.2,59.358],[28.2,59.358],[28.2,59.358],[28.2,59.358],[28.2,59.359],[28.199,59.36],[28.199,59.36],[28.199,59.36],[28.199,59.36],[28.199,59.361],[28.199,59.361],[28.198,59.361],[28.198,59.36],[28.198,59.36],[28.198,59.36],[28.197,59.36]],[[28.196,59.36],[28.196,59.36],[28.196,59.36],[28.196,59.36],[28.196,59.36],[28.196,59.36],[28.196,59.36],[28.196,59.36],[28.196,59.36],[28.196,59.36],[28.196,59.36],[28.196,59.36],[28.196,59.36],[28.196,59.36]],[[28.185,59.352],[28.185,59.352],[28.185,59.352],[28.185,59.352],[28.185,59.352]],[[28.187,59.352],[28.187,59.352],[28.187,59.352],[28.187,59.352],[28.187,59.352],[28.187,59.352],[28.187,59.352],[28.187,59.352],[28.187,59.352],[28.187,59.352],[28.187,59.352]],[[28.19,59.351],[28.19,59.351],[28.19,59.351],[28.19,59.351],[28.19,59.351],[28.19,59.351],[28.19,59.351],[28.19,59.351],[28.19,59.351],[28.19,59.351],[28.19,59.351],[28.19,59.351],[28.19,59.35],[28.19,59.35],[28.19,59.35],[28.189,59.35],[28.189,59.35],[28.189,59.35],[28.189,59.35],[28.189,59.35],[28.189,59.35],[28.189,59.35],[28.189,59.35],[28.189,59.35],[28.189,59.35],[28.189,59.35],[28.189,59.35],[28.189,59.35],[28.189,59.35],[28.189,59.35],[28.189,59.35],[28.189,59.349],[28.189,59.349],[28.189,59.349],[28.189,59.349],[28.189,59.349],[28.189,59.349],[28.189,59.349],[28.189,59.349],[28.189,59.349],[28.189,59.349],[28.189,59.349],[28.189,59.349],[28.189,59.349],[28.189,59.349],[28.189,59.349],[28.189,59.349],[28.189,59.349],[28.189,59.348],[28.189,59.348],[28.188,59.348],[28.188,59.348],[28.188,59.348],[28.188,59.348],[28.188,59.348],[28.188,59.348],[28.188,59.348],[28.189,59.348],[28.189,59.348],[28.189,59.348],[28.189,59.348],[28.189,59.348],[28.189,59.348],[28.189,59.348],[28.189,59.348],[28.189,59.348],[28.189,59.348],[28.188,59.348],[28.188,59.347],[28.189,59.347],[28.189,59.347],[28.189,59.347],[28.189,59.347],[28.189,59.347],[28.189,59.347],[28.189,59.347],[28.189,59.347],[28.189,59.347],[28.189,59.347],[28.189,59.347],[28.189,59.347],[28.189,59.347],[28.189,59.347],[28.189,59.347],[28.189,59.347],[28.19,59.347],[28.19,59.347],[28.19,59.347],[28.19,59.347],[28.19,59.347],[28.191,59.348],[28.191,59.348],[28.191,59.348],[28.191,59.348],[28.191,59.348],[28.191,59.348],[28.191,59.349],[28.191,59.349],[28.191,59.349],[28.191,59.349],[28.191,59.349],[28.19,59.349],[28.19,59.349],[28.19,59.349],[28.19,59.349],[28.19,59.349],[28.19,59.349],[28.19,59.349],[28.19,59.349],[28.19,59.35],[28.19,59.35],[28.19,59.35],[28.19,59.35],[28.19,59.351],[28.19,59.351],[28.19,59.351],[28.19,59.351],[28.19,59.352],[28.19,59.352],[28.19,59.351]],[[28.185,59.349],[28.185,59.349],[28.185,59.349],[28.185,59.349],[28.185,59.349],[28.185,59.349],[28.185,59.349],[28.185,59.349],[28.185,59.349],[28.185,59.349],[28.185,59.349],[28.185,59.349],[28.185,59.349],[28.184,59.349],[28.185,59.349],[28.185,59.349],[28.184,59.349],[28.184,59.349],[28.184,59.349],[28.184,59.349],[28.184,59.349],[28.184,59.349],[28.184,59.349],[28.184,59.349],[28.185,59.349],[28.185,59.349],[28.185,59.349],[28.185,59.349],[28.185,59.349],[28.185,59.349],[28.185,59.349],[28.185,59.349],[28.185,59.349],[28.185,59.349],[28.185,59.349],[28.185,59.349],[28.185,59.349],[28.185,59.349],[28.185,59.349],[28.185,59.349],[28.185,59.349],[28.185,59.349],[28.185,59.349]],[[28.185,59.351],[28.185,59.351],[28.184,59.351],[28.184,59.351],[28.184,59.351],[28.184,59.351],[28.184,59.351],[28.184,59.351],[28.184,59.351],[28.184,59.351],[28.184,59.351],[28.184,59.351],[28.184,59.351],[28.184,59.351],[28.184,59.351],[28.184,59.351],[28.184,59.351],[28.184,59.351],[28.185,59.351],[28.185,59.351],[28.185,59.351],[28.185,59.351],[28.185,59.351]],[[28.162,59.344],[28.162,59.344],[28.162,59.344],[28.162,59.344],[28.161,59.344],[28.161,59.344],[28.161,59.344],[28.161,59.344],[28.161,59.344],[28.161,59.344],[28.161,59.344],[28.161,59.344],[28.161,59.344],[28.161,59.344],[28.161,59.344],[28.161,59.344],[28.161,59.344],[28.161,59.344],[28.161,59.344],[28.161,59.344],[28.161,59.344],[28.161,59.344],[28.162,59.344],[28.162,59.344]],[[28.161,59.344],[28.161,59.344],[28.161,59.344],[28.161,59.344],[28.161,59.344],[28.161,59.344],[28.161,59.344],[28.161,59.344],[28.161,59.344],[28.161,59.344],[28.161,59.344],[28.161,59.344],[28.161,59.344],[28.161,59.344],[28.161,59.344],[28.161,59.344],[28.161,59.344],[28.161,59.344],[28.16,59.344],[28.16,59.344],[28.16,59.344],[28.16,59.344],[28.16,59.344],[28.16,59.344],[28.16,59.344],[28.16,59.344],[28.161,59.344],[28.161,59.344],[28.161,59.344],[28.161,59.344],[28.161,59.344],[28.161,59.344],[28.161,59.344],[28.161,59.344],[28.161,59.344],[28.161,59.344],[28.161,59.344],[28.161,59.344],[28.161,59.344]],[[28.171,59.344],[28.171,59.344],[28.171,59.344],[28.171,59.344],[28.171,59.344],[28.171,59.344],[28.171,59.344],[28.171,59.344],[28.171,59.344],[28.171,59.344],[28.171,59.344],[28.171,59.344],[28.171,59.344],[28.171,59.344],[28.171,59.344],[28.171,59.344]],[[28.148,59.343],[28.148,59.343],[28.148,59.343],[28.148,59.343],[28.148,59.343],[28.148,59.343],[28.148,59.343],[28.148,59.343],[28.147,59.343],[28.147,59.343],[28.147,59.343],[28.147,59.343],[28.147,59.343],[28.147,59.343],[28.147,59.343],[28.147,59.343],[28.147,59.343],[28.147,59.343],[28.147,59.343],[28.146,59.343],[28.146,59.343],[28.146,59.343],[28.146,59.343],[28.146,59.343],[28.146,59.343],[28.146,59.343],[28.145,59.343],[28.146,59.343],[28.146,59.343],[28.146,59.342],[28.146,59.342],[28.146,59.342],[28.146,59.342],[28.146,59.342],[28.146,59.342],[28.146,59.342],[28.146,59.342],[28.146,59.342],[28.146,59.342],[28.146,59.342],[28.146,59.342],[28.146,59.342],[28.146,59.342],[28.146,59.342],[28.146,59.342],[28.147,59.342],[28.147,59.342],[28.147,59.342],[28.147,59.342],[28.147,59.342],[28.147,59.342],[28.147,59.342],[28.147,59.342],[28.147,59.342],[28.147,59.342],[28.147,59.342],[28.147,59.342],[28.147,59.342],[28.147,59.342],[28.147,59.342],[28.147,59.342],[28.147,59.342],[28.148,59.342],[28.148,59.342],[28.148,59.342],[28.148,59.342],[28.148,59.342],[28.148,59.342],[28.148,59.342],[28.148,59.342],[28.148,59.342],[28.148,59.342],[28.148,59.342],[28.148,59.342],[28.148,59.341],[28.148,59.341],[28.148,59.342],[28.148,59.342],[28.148,59.342],[28.148,59.342],[28.148,59.342],[28.148,59.342],[28.148,59.342],[28.148,59.342],[28.148,59.342],[28.148,59.342],[28.148,59.342],[28.148,59.342],[28.148,59.342],[28.148,59.343],[28.148,59.343],[28.148,59.343],[28.148,59.343],[28.148,59.342],[28.148,59.342],[28.148,59.342],[28.148,59.342],[28.148,59.342],[28.149,59.342],[28.149,59.342],[28.149,59.342],[28.149,59.342],[28.149,59.342],[28.149,59.342],[28.149,59.342],[28.149,59.342],[28.149,59.342],[28.149,59.342],[28.149,59.342],[28.149,59.342],[28.149,59.343],[28.149,59.343],[28.149,59.343],[28.149,59.343],[28.149,59.343],[28.149,59.343],[28.149,59.343],[28.149,59.343],[28.149,59.343],[28.149,59.343],[28.149,59.343],[28.148,59.343]],[[28.135,59.341],[28.135,59.341],[28.135,59.341],[28.135,59.341],[28.135,59.341],[28.134,59.341],[28.134,59.341],[28.134,59.341],[28.134,59.341],[28.134,59.341],[28.134,59.341],[28.134,59.341],[28.135,59.341],[28.135,59.341],[28.135,59.341],[28.135,59.341],[28.135,59.341],[28.135,59.341],[28.135,59.341],[28.135,59.341],[28.135,59.341],[28.135,59.341],[28.135,59.341],[28.135,59.341],[28.135,59.341],[28.135,59.341],[28.135,59.341],[28.135,59.341],[28.135,59.341],[28.135,59.341],[28.135,59.341]],[[28.13,59.338],[28.13,59.338],[28.13,59.338],[28.13,59.338],[28.13,59.338],[28.13,59.338],[28.13,59.338],[28.131,59.338],[28.131,59.338],[28.131,59.338],[28.131,59.338],[28.131,59.338],[28.131,59.338],[28.131,59.338],[28.131,59.338],[28.131,59.338],[28.131,59.338],[28.131,59.338],[28.131,59.338],[28.131,59.338],[28.131,59.338],[28.131,59.338],[28.13,59.338],[28.13,59.338],[28.13,59.338],[28.13,59.338],[28.13,59.339],[28.13,59.338],[28.13,59.338],[28.13,59.338],[28.13,59.338]],[[28.146,59.336],[28.146,59.336],[28.146,59.336],[28.146,59.336],[28.146,59.336],[28.146,59.336],[28.146,59.336],[28.146,59.336],[28.147,59.336],[28.147,59.336],[28.147,59.336],[28.147,59.336],[28.147,59.336],[28.147,59.336],[28.147,59.336],[28.147,59.337],[28.147,59.337],[28.147,59.337],[28.147,59.337],[28.147,59.337],[28.147,59.337],[28.147,59.337],[28.147,59.337],[28.146,59.337],[28.146,59.337],[28.146,59.337],[28.146,59.337],[28.146,59.337],[28.146,59.337],[28.146,59.337],[28.146,59.337],[28.146,59.337],[28.146,59.337],[28.146,59.337],[28.146,59.337],[28.145,59.337],[28.145,59.337],[28.145,59.337],[28.145,59.337],[28.145,59.337],[28.145,59.337],[28.145,59.337],[28.145,59.337],[28.145,59.337],[28.145,59.337],[28.145,59.337],[28.145,59.337],[28.145,59.337],[28.146,59.337],[28.146,59.337],[28.146,59.337],[28.146,59.337],[28.146,59.337],[28.146,59.336],[28.146,59.336],[28.146,59.336],[28.146,59.336],[28.146,59.336],[28.146,59.336],[28.146,59.336],[28.146,59.336],[28.146,59.336],[28.146,59.336],[28.146,59.336]],[[28.118,59.298],[28.118,59.298],[28.118,59.298],[28.118,59.298],[28.117,59.298],[28.118,59.298],[28.118,59.298],[28.118,59.297],[28.117,59.297],[28.117,59.297],[28.117,59.297],[28.117,59.297],[28.117,59.297],[28.117,59.297],[28.117,59.297],[28.117,59.297],[28.117,59.297],[28.118,59.297],[28.118,59.297],[28.118,59.297],[28.118,59.297],[28.118,59.297],[28.118,59.297],[28.118,59.297],[28.118,59.297],[28.118,59.297],[28.118,59.297],[28.118,59.297],[28.119,59.297],[28.119,59.297],[28.119,59.297],[28.119,59.297],[28.119,59.297],[28.119,59.297],[28.119,59.298],[28.119,59.298],[28.119,59.298],[28.118,59.298],[28.118,59.298],[28.118,59.298],[28.118,59.298],[28.118,59.298]],[[28.027,59.295],[28.027,59.296],[28.027,59.296],[28.028,59.296],[28.029,59.296],[28.029,59.296],[28.03,59.296],[28.03,59.296],[28.03,59.296],[28.029,59.297],[28.029,59.297],[28.029,59.297],[28.029,59.297],[28.029,59.297],[28.03,59.297],[28.03,59.297],[28.029,59.297],[28.029,59.297],[28.029,59.297],[28.028,59.297],[28.028,59.297],[28.028,59.297],[28.028,59.298],[28.028,59.298],[28.028,59.298],[28.027,59.298],[28.027,59.298],[28.026,59.298],[28.026,59.298],[28.026,59.298],[28.025,59.297],[28.025,59.297],[28.025,59.297],[28.025,59.297],[28.025,59.297],[28.025,59.297],[28.025,59.297],[28.025,59.297],[28.025,59.297],[28.026,59.297],[28.026,59.297],[28.026,59.297],[28.025,59.296],[28.024,59.296],[28.024,59.296],[28.023,59.295],[28.023,59.295],[28.023,59.295],[28.023,59.295],[28.023,59.294],[28.023,59.294],[28.023,59.294],[28.024,59.294],[28.024,59.294],[28.024,59.294],[28.025,59.295],[28.025,59.295],[28.026,59.295],[28.026,59.295],[28.027,59.295],[28.027,59.295],[28.027,59.295]],[[28.016,59.294],[28.016,59.294],[28.016,59.294],[28.017,59.294],[28.017,59.295],[28.017,59.295],[28.017,59.295],[28.017,59.295],[28.017,59.295],[28.018,59.295],[28.018,59.295],[28.018,59.295],[28.018,59.295],[28.018,59.295],[28.019,59.295],[28.019,59.295],[28.019,59.295],[28.019,59.295],[28.019,59.295],[28.019,59.295],[28.019,59.295],[28.019,59.296],[28.019,59.296],[28.019,59.296],[28.019,59.296],[28.019,59.296],[28.019,59.296],[28.019,59.296],[28.019,59.296],[28.019,59.296],[28.018,59.296],[28.018,59.296],[28.018,59.296],[28.018,59.296],[28.018,59.296],[28.018,59.296],[28.017,59.295],[28.017,59.295],[28.017,59.295],[28.017,59.295],[28.017,59.295],[28.017,59.295],[28.017,59.295],[28.017,59.295],[28.016,59.295],[28.016,59.295],[28.016,59.295],[28.016,59.295],[28.016,59.295],[28.016,59.295],[28.016,59.295],[28.016,59.295],[28.016,59.295],[28.016,59.295],[28.016,59.295],[28.016,59.295],[28.016,59.295],[28.015,59.295],[28.015,59.295],[28.015,59.295],[28.015,59.295],[28.015,59.295],[28.015,59.295],[28.015,59.295],[28.015,59.295],[28.015,59.295],[28.015,59.295],[28.015,59.295],[28.015,59.295],[28.015,59.295],[28.015,59.295],[28.015,59.295],[28.015,59.294],[28.015,59.294],[28.015,59.295],[28.015,59.295],[28.015,59.295],[28.015,59.295],[28.015,59.294],[28.014,59.294],[28.014,59.294],[28.014,59.294],[28.015,59.294],[28.015,59.294],[28.015,59.294],[28.015,59.294],[28.015,59.294],[28.015,59.294],[28.016,59.294],[28.016,59.294],[28.016,59.294],[28.016,59.294]],[[28.037,59.294],[28.036,59.294],[28.036,59.294],[28.036,59.294],[28.036,59.294],[28.036,59.294],[28.035,59.294],[28.035,59.294],[28.035,59.294],[28.034,59.294],[28.034,59.294],[28.034,59.294],[28.034,59.294],[28.033,59.294],[28.033,59.294],[28.033,59.294],[28.033,59.294],[28.033,59.294],[28.033,59.294],[28.033,59.294],[28.032,59.294],[28.032,59.294],[28.032,59.294],[28.032,59.294],[28.031,59.294],[28.031,59.293],[28.031,59.294],[28.031,59.294],[28.03,59.293],[28.03,59.293],[28.029,59.292],[28.029,59.292],[28.029,59.292],[28.029,59.292],[28.029,59.292],[28.029,59.291],[28.03,59.291],[28.03,59.292],[28.031,59.292],[28.031,59.292],[28.031,59.292],[28.031,59.292],[28.032,59.292],[28.032,59.292],[28.033,59.292],[28.033,59.292],[28.034,59.292],[28.034,59.292],[28.034,59.292],[28.034,59.292],[28.034,59.292],[28.034,59.293],[28.034,59.293],[28.034,59.293],[28.034,59.293],[28.034,59.293],[28.034,59.293],[28.034,59.293],[28.034,59.293],[28.035,59.293],[28.035,59.293],[28.035,59.293],[28.035,59.294],[28.035,59.294],[28.035,59.294],[28.035,59.294],[28.035,59.294],[28.036,59.294],[28.036,59.294],[28.036,59.294],[28.036,59.294],[28.036,59.294],[28.037,59.294],[28.037,59.294],[28.038,59.294],[28.038,59.294],[28.038,59.294],[28.038,59.294],[28.038,59.294],[28.038,59.294],[28.038,59.294],[28.037,59.294],[28.037,59.294],[28.037,59.294],[28.037,59.294]],[[28.038,59.294],[28.038,59.294],[28.038,59.293],[28.038,59.293],[28.038,59.293],[28.038,59.293],[28.038,59.293],[28.038,59.293],[28.037,59.293],[28.038,59.293],[28.038,59.293],[28.038,59.293],[28.038,59.292],[28.038,59.292],[28.038,59.292],[28.038,59.292],[28.038,59.293],[28.039,59.293],[28.039,59.293],[28.039,59.293],[28.039,59.293],[28.039,59.293],[28.039,59.293],[28.039,59.293],[28.039,59.293],[28.039,59.293],[28.039,59.293],[28.039,59.293],[28.039,59.293],[28.039,59.293],[28.039,59.293],[28.039,59.293],[28.039,59.293],[28.039,59.293],[28.039,59.293],[28.039,59.293],[28.039,59.293],[28.039,59.293],[28.038,59.293],[28.038,59.293],[28.038,59.294],[28.038,59.294]],[[28.039,59.293],[28.039,59.293],[28.039,59.293],[28.039,59.293],[28.039,59.293],[28.039,59.293],[28.039,59.293],[28.039,59.293],[28.039,59.293],[28.04,59.293],[28.04,59.293],[28.04,59.293],[28.04,59.293],[28.04,59.292],[28.04,59.292],[28.04,59.292],[28.04,59.292],[28.04,59.292],[28.04,59.292],[28.04,59.292],[28.04,59.292],[28.04,59.293],[28.04,59.293],[28.04,59.293],[28.04,59.293],[28.04,59.293],[28.041,59.293],[28.041,59.293],[28.041,59.293],[28.041,59.293],[28.041,59.293],[28.041,59.293],[28.041,59.293],[28.041,59.293],[28.04,59.293],[28.04,59.293],[28.04,59.293],[28.04,59.293],[28.04,59.293],[28.04,59.293],[28.04,59.293],[28.04,59.293],[28.039,59.293],[28.039,59.293],[28.039,59.293],[28.039,59.293],[28.039,59.293],[28.039,59.293],[28.039,59.293],[28.039,59.293]],[[28.028,59.292],[28.028,59.292],[28.028,59.292],[28.028,59.292],[28.028,59.292],[28.029,59.292],[28.029,59.292],[28.029,59.292],[28.029,59.292],[28.029,59.292],[28.029,59.292],[28.029,59.292],[28.029,59.293],[28.029,59.293],[28.029,59.293],[28.029,59.293],[28.028,59.293],[28.028,59.293],[28.028,59.293],[28.028,59.293],[28.028,59.293],[28.028,59.293],[28.027,59.293],[28.027,59.293],[28.027,59.293],[28.027,59.293],[28.027,59.292],[28.027,59.292],[28.027,59.292],[28.027,59.292],[28.026,59.292],[28.027,59.292],[28.027,59.292],[28.027,59.292],[28.027,59.292],[28.027,59.292],[28.027,59.292],[28.028,59.292],[28.028,59.292]],[[28.02,59.296],[28.02,59.296],[28.02,59.296],[28.02,59.296],[28.02,59.296],[28.02,59.296],[28.02,59.296],[28.02,59.296],[28.019,59.296],[28.019,59.296],[28.019,59.296],[28.019,59.296],[28.019,59.296],[28.019,59.296],[28.019,59.296],[28.019,59.296],[28.019,59.296],[28.019,59.296],[28.019,59.296],[28.019,59.296],[28.019,59.296],[28.019,59.296],[28.019,59.296],[28.019,59.296],[28.02,59.296],[28.02,59.296],[28.02,59.296]],[[28.021,59.296],[28.021,59.296],[28.021,59.296],[28.021,59.296],[28.021,59.296],[28.021,59.296],[28.021,59.296],[28.021,59.296],[28.021,59.296],[28.021,59.296],[28.021,59.296],[28.021,59.296],[28.021,59.296],[28.021,59.296]],[[28.023,59.296],[28.023,59.296],[28.023,59.296],[28.022,59.296],[28.022,59.296],[28.022,59.296],[28.022,59.296],[28.022,59.296],[28.022,59.296],[28.023,59.296],[28.023,59.296],[28.023,59.296],[28.023,59.296],[28.023,59.296],[28.023,59.296]],[[28.028,59.298],[28.028,59.298],[28.028,59.298],[28.028,59.298],[28.028,59.298],[28.028,59.298],[28.028,59.298],[28.028,59.298],[28.028,59.298],[28.029,59.298],[28.028,59.298],[28.028,59.298],[28.028,59.298],[28.028,59.298],[28.028,59.298],[28.028,59.298],[28.028,59.298],[28.028,59.298],[28.028,59.298],[28.028,59.298],[28.028,59.298],[28.027,59.298],[28.027,59.298],[28.027,59.298],[28.027,59.298],[28.027,59.298],[28.027,59.298],[28.027,59.298],[28.027,59.298],[28.027,59.298],[28.027,59.298],[28.028,59.298],[28.028,59.298]],[[28.038,59.298],[28.038,59.298],[28.038,59.298],[28.038,59.298],[28.038,59.298],[28.039,59.298],[28.039,59.298],[28.039,59.298],[28.039,59.298],[28.039,59.298],[28.039,59.298],[28.039,59.298],[28.039,59.298],[28.04,59.298],[28.04,59.298],[28.04,59.298],[28.04,59.298],[28.04,59.298],[28.041,59.299],[28.04,59.299],[28.04,59.299],[28.04,59.299],[28.04,59.299],[28.04,59.299],[28.04,59.299],[28.04,59.299],[28.04,59.299],[28.039,59.299],[28.039,59.299],[28.039,59.299],[28.039,59.299],[28.039,59.299],[28.039,59.299],[28.038,59.298],[28.038,59.298]],[[28.043,59.299],[28.043,59.299],[28.044,59.299],[28.044,59.299],[28.044,59.299],[28.045,59.299],[28.045,59.299],[28.045,59.299],[28.044,59.299],[28.044,59.299],[28.044,59.299],[28.044,59.299],[28.043,59.299],[28.043,59.299],[28.043,59.299]],[[28.047,59.299],[28.047,59.299],[28.048,59.299],[28.048,59.299],[28.048,59.299],[28.048,59.299],[28.049,59.299],[28.049,59.299],[28.049,59.299],[28.048,59.299],[28.047,59.299],[28.047,59.299],[28.047,59.299],[28.047,59.299]],[[28.046,59.298],[28.046,59.298],[28.046,59.298],[28.046,59.298],[28.046,59.298],[28.046,59.298],[28.046,59.298],[28.046,59.298],[28.046,59.298],[28.045,59.298],[28.045,59.298],[28.044,59.297],[28.044,59.297],[28.044,59.297],[28.044,59.297],[28.044,59.297],[28.044,59.297],[28.044,59.297],[28.045,59.297],[28.046,59.297],[28.046,59.297],[28.046,59.297],[28.046,59.297],[28.046,59.297],[28.046,59.298],[28.046,59.298],[28.046,59.298],[28.046,59.298],[28.046,59.298],[28.046,59.298],[28.046,59.298],[28.046,59.298],[28.046,59.298],[28.047,59.298],[28.047,59.298],[28.046,59.298],[28.046,59.298]],[[28.061,59.298],[28.061,59.298],[28.061,59.298],[28.06,59.298],[28.06,59.298],[28.059,59.298],[28.059,59.298],[28.059,59.297],[28.059,59.297],[28.059,59.297],[28.058,59.297],[28.058,59.297],[28.058,59.297],[28.058,59.297],[28.058,59.297],[28.059,59.297],[28.059,59.297],[28.059,59.297],[28.06,59.297],[28.06,59.298],[28.061,59.298],[28.062,59.298],[28.062,59.298],[28.061,59.298]],[[28.066,59.298],[28.065,59.298],[28.065,59.297],[28.064,59.297],[28.063,59.297],[28.063,59.297],[28.063,59.297],[28.063,59.297],[28.064,59.297],[28.064,59.297],[28.064,59.297],[28.065,59.297],[28.065,59.297],[28.066,59.297],[28.066,59.298],[28.066,59.298],[28.066,59.298],[28.066,59.298]],[[28.062,59.297],[28.062,59.297],[28.061,59.297],[28.061,59.297],[28.06,59.297],[28.06,59.296],[28.06,59.296],[28.061,59.296],[28.061,59.296],[28.062,59.297],[28.062,59.297]],[[28.041,59.297],[28.041,59.297],[28.041,59.297],[28.041,59.297],[28.04,59.297],[28.04,59.298],[28.04,59.298],[28.04,59.298],[28.04,59.298],[28.04,59.298],[28.04,59.298],[28.039,59.298],[28.039,59.298],[28.039,59.297],[28.039,59.297],[28.039,59.297],[28.039,59.297],[28.039,59.297],[28.039,59.297],[28.039,59.297],[28.039,59.297],[28.039,59.297],[28.039,59.296],[28.039,59.296],[28.039,59.296],[28.039,59.296],[28.039,59.296],[28.04,59.296],[28.04,59.296],[28.04,59.296],[28.04,59.296],[28.04,59.296],[28.04,59.296],[28.04,59.296],[28.041,59.296],[28.041,59.296],[28.041,59.296],[28.041,59.296],[28.041,59.296],[28.041,59.296],[28.041,59.296],[28.041,59.296],[28.041,59.296],[28.041,59.296],[28.041,59.296],[28.041,59.296],[28.041,59.296],[28.041,59.296],[28.041,59.297],[28.041,59.297],[28.041,59.297],[28.041,59.297],[28.041,59.297],[28.041,59.297]],[[28.041,59.296],[28.041,59.296],[28.041,59.296],[28.041,59.296],[28.042,59.296],[28.042,59.296],[28.042,59.296],[28.042,59.296],[28.042,59.296],[28.042,59.296],[28.042,59.296],[28.042,59.296],[28.042,59.296],[28.042,59.296],[28.042,59.296],[28.042,59.296],[28.042,59.296],[28.042,59.296],[28.041,59.296],[28.041,59.296]],[[28.038,59.298],[28.038,59.298],[28.038,59.298],[28.038,59.298],[28.038,59.298],[28.038,59.298],[28.038,59.298],[28.038,59.298],[28.037,59.298],[28.037,59.298],[28.037,59.298],[28.037,59.298],[28.037,59.298],[28.036,59.298],[28.036,59.297],[28.036,59.297],[28.036,59.297],[28.036,59.297],[28.036,59.297],[28.035,59.297],[28.035,59.297],[28.035,59.297],[28.035,59.297],[28.035,59.297],[28.035,59.297],[28.035,59.297],[28.035,59.297],[28.035,59.297],[28.035,59.297],[28.034,59.297],[28.034,59.297],[28.034,59.297],[28.034,59.297],[28.034,59.297],[28.034,59.297],[28.034,59.297],[28.034,59.297],[28.034,59.297],[28.034,59.297],[28.034,59.297],[28.034,59.297],[28.034,59.296],[28.034,59.296],[28.034,59.296],[28.034,59.296],[28.034,59.296],[28.034,59.296],[28.034,59.296],[28.034,59.296],[28.034,59.296],[28.035,59.296],[28.035,59.296],[28.035,59.296],[28.035,59.296],[28.035,59.296],[28.035,59.296],[28.035,59.296],[28.036,59.296],[28.036,59.296],[28.036,59.296],[28.036,59.296],[28.036,59.296],[28.036,59.296],[28.037,59.296],[28.037,59.296],[28.037,59.296],[28.037,59.296],[28.038,59.296],[28.038,59.296],[28.039,59.296],[28.039,59.296],[28.039,59.296],[28.039,59.296],[28.039,59.296],[28.039,59.296],[28.039,59.296],[28.039,59.296],[28.039,59.297],[28.039,59.297],[28.039,59.297],[28.038,59.298],[28.038,59.298]],[[28.041,59.298],[28.041,59.298],[28.041,59.297],[28.041,59.297],[28.041,59.297],[28.041,59.297],[28.041,59.297],[28.042,59.297],[28.042,59.297],[28.042,59.297],[28.042,59.297],[28.042,59.297],[28.042,59.297],[28.043,59.297],[28.043,59.297],[28.043,59.297],[28.043,59.297],[28.043,59.297],[28.043,59.297],[28.043,59.297],[28.044,59.297],[28.045,59.298],[28.045,59.298],[28.045,59.298],[28.045,59.298],[28.045,59.298],[28.045,59.298],[28.046,59.298],[28.046,59.298],[28.046,59.298],[28.045,59.298],[28.045,59.298],[28.045,59.298],[28.045,59.298],[28.045,59.298],[28.044,59.298],[28.044,59.298],[28.044,59.298],[28.044,59.298],[28.044,59.298],[28.043,59.298],[28.043,59.298],[28.043,59.298],[28.043,59.298],[28.043,59.298],[28.042,59.298],[28.042,59.298],[28.042,59.298],[28.042,59.298],[28.042,59.298],[28.042,59.298],[28.041,59.298],[28.041,59.298],[28.041,59.298],[28.041,59.298],[28.041,59.298],[28.041,59.298],[28.041,59.298]],[[28.061,59.298],[28.061,59.298],[28.06,59.297],[28.06,59.297],[28.06,59.297],[28.06,59.297],[28.06,59.297],[28.061,59.297],[28.061,59.297],[28.061,59.297],[28.061,59.297],[28.061,59.298]],[[28.047,59.297],[28.048,59.297],[28.048,59.298],[28.048,59.298],[28.048,59.297],[28.047,59.297],[28.047,59.297],[28.047,59.297],[28.047,59.297],[28.047,59.297],[28.046,59.297],[28.046,59.297],[28.046,59.297],[28.046,59.297],[28.046,59.297],[28.047,59.297],[28.047,59.297]],[[28.008,59.29],[28.008,59.29],[28.008,59.29],[28.007,59.29],[28.007,59.29],[28.007,59.29],[28.007,59.289],[28.007,59.289],[28.007,59.289],[28.007,59.289],[28.006,59.289],[28.006,59.289],[28.006,59.289],[28.006,59.289],[28.006,59.289],[28.006,59.289],[28.006,59.289],[28.006,59.289],[28.007,59.289],[28.007,59.289],[28.007,59.289],[28.007,59.289],[28.007,59.289],[28.007,59.289],[28.007,59.289],[28.007,59.289],[28.007,59.289],[28.007,59.289],[28.008,59.289],[28.008,59.289],[28.008,59.289],[28.008,59.289],[28.008,59.289],[28.008,59.289],[28.008,59.289],[28.008,59.289],[28.008,59.289],[28.008,59.289],[28.008,59.289],[28.008,59.289],[28.008,59.289],[28.008,59.29],[28.008,59.29],[28.008,59.29],[28.008,59.29]],[[28.025,59.289],[28.025,59.289],[28.025,59.289],[28.024,59.289],[28.024,59.289],[28.024,59.289],[28.024,59.289],[28.024,59.289],[28.024,59.289],[28.024,59.289],[28.024,59.289],[28.024,59.289],[28.024,59.289],[28.025,59.289],[28.025,59.289],[28.025,59.289],[28.025,59.289],[28.025,59.289],[28.025,59.289],[28.025,59.289],[28.025,59.289]],[[28.005,59.289],[28.005,59.289],[28.005,59.289],[28.005,59.289],[28.005,59.289],[28.005,59.289],[28.005,59.289],[28.005,59.289],[28.004,59.289],[28.004,59.289],[28.004,59.289],[28.004,59.289],[28.004,59.289],[28.004,59.289],[28.004,59.289],[28.004,59.289],[28.004,59.289],[28.004,59.289],[28.004,59.289],[28.004,59.289],[28.004,59.288],[28.004,59.288],[28.004,59.288],[28.004,59.288],[28.004,59.288],[28.004,59.288],[28.004,59.288],[28.004,59.288],[28.004,59.288],[28.004,59.288],[28.004,59.288],[28.004,59.288],[28.004,59.288],[28.004,59.289],[28.004,59.288],[28.005,59.288],[28.005,59.288],[28.005,59.289],[28.005,59.289],[28.005,59.289],[28.005,59.289],[28.005,59.289],[28.005,59.289],[28.005,59.289],[28.005,59.289],[28.005,59.289],[28.005,59.289]],[[28.024,59.289],[28.024,59.289],[28.024,59.288],[28.024,59.289],[28.024,59.289],[28.024,59.289],[28.023,59.288],[28.023,59.288],[28.023,59.288],[28.023,59.288],[28.023,59.288],[28.023,59.288],[28.023,59.288],[28.023,59.288],[28.023,59.288],[28.024,59.288],[28.024,59.288],[28.025,59.288],[28.025,59.289],[28.025,59.289],[28.024,59.289]],[[28.001,59.288],[28.001,59.288],[28.001,59.288],[28.001,59.288],[28.001,59.288],[28.001,59.289],[28.001,59.289],[28.001,59.289],[28.001,59.289],[28,59.289],[28,59.289],[28,59.289],[28,59.289],[28,59.288],[28,59.288],[28,59.288],[28,59.289],[28,59.289],[28,59.288],[28,59.288],[28,59.288],[28,59.289],[28,59.288],[28,59.288],[27.999,59.288],[27.999,59.288],[27.999,59.288],[27.999,59.288],[27.999,59.288],[27.999,59.288],[27.999,59.288],[27.999,59.288],[27.999,59.288],[27.998,59.288],[27.998,59.288],[27.998,59.288],[27.998,59.288],[27.998,59.288],[27.998,59.287],[27.998,59.287],[27.998,59.287],[27.997,59.287],[27.997,59.287],[27.997,59.287],[27.997,59.287],[27.997,59.287],[27.997,59.287],[27.997,59.287],[27.997,59.287],[27.997,59.287],[27.997,59.287],[27.997,59.287],[27.997,59.287],[27.997,59.287],[27.998,59.287],[27.998,59.287],[27.998,59.287],[27.998,59.287],[27.998,59.287],[27.998,59.287],[27.998,59.287],[27.998,59.287],[27.998,59.287],[27.998,59.287],[27.998,59.287],[27.998,59.287],[27.998,59.287],[27.998,59.287],[27.998,59.287],[27.998,59.287],[27.998,59.287],[27.998,59.287],[27.998,59.287],[27.998,59.287],[27.998,59.287],[27.999,59.287],[27.999,59.287],[27.999,59.287],[27.999,59.287],[27.999,59.287],[27.999,59.287],[27.999,59.287],[27.999,59.287],[27.999,59.287],[27.999,59.287],[27.999,59.287],[27.999,59.288],[28,59.288],[28,59.288],[28,59.288],[28,59.288],[28,59.288],[28,59.288],[28,59.288],[28,59.288],[28,59.288],[28.001,59.288],[28.001,59.288],[28.001,59.288],[28.001,59.288],[28.001,59.288],[28.001,59.288],[28.001,59.288],[28.001,59.288]],[[28.006,59.288],[28.006,59.288],[28.005,59.288],[28.005,59.288],[28.005,59.288],[28.005,59.288],[28.005,59.288],[28.004,59.288],[28.004,59.288],[28.004,59.288],[28.004,59.287],[28.004,59.287],[28.005,59.287],[28.005,59.287],[28.005,59.287],[28.005,59.288],[28.006,59.288],[28.006,59.288],[28.006,59.288],[28.006,59.288],[28.006,59.288],[28.006,59.288],[28.007,59.288],[28.007,59.288],[28.007,59.288],[28.007,59.288],[28.007,59.288],[28.007,59.288],[28.006,59.288],[28.006,59.288],[28.006,59.287],[28.006,59.287],[28.006,59.287],[28.007,59.287],[28.007,59.288],[28.007,59.288],[28.007,59.288],[28.007,59.288],[28.007,59.288],[28.007,59.288],[28.007,59.288],[28.007,59.288],[28.007,59.288],[28.006,59.288],[28.006,59.288],[28.006,59.288],[28.006,59.288]],[[28.003,59.288],[28.003,59.288],[28.003,59.288],[28.003,59.288],[28.003,59.288],[28.003,59.287],[28.003,59.287],[28.002,59.287],[28.002,59.287],[28.002,59.287],[28.002,59.287],[28.002,59.287],[28.002,59.287],[28.001,59.287],[28.001,59.287],[28.001,59.287],[28.001,59.287],[28.001,59.287],[28.001,59.287],[28.001,59.287],[28.001,59.287],[28.001,59.287],[28.001,59.287],[28.001,59.287],[28.001,59.287],[28.002,59.287],[28.002,59.287],[28.002,59.287],[28.002,59.287],[28.002,59.287],[28.002,59.287],[28.002,59.287],[28.002,59.287],[28.002,59.287],[28.002,59.287],[28.003,59.287],[28.003,59.287],[28.003,59.287],[28.003,59.287],[28.003,59.287],[28.003,59.287],[28.003,59.288]],[[28.005,59.287],[28.005,59.287],[28.005,59.287],[28.005,59.287],[28.005,59.287],[28.005,59.287],[28.005,59.287],[28.005,59.287],[28.005,59.287],[28.005,59.287]],[[28.001,59.287],[28.001,59.287],[28.001,59.287],[28.001,59.287],[28.002,59.287],[28.002,59.287],[28.002,59.287],[28.002,59.287],[28.002,59.287],[28.002,59.287],[28.002,59.287],[28.002,59.287],[28.002,59.287],[28.002,59.287],[28.001,59.287],[28.001,59.287],[28.001,59.287],[28.001,59.287],[28.001,59.287],[28.001,59.287],[28.001,59.287]],[[28.006,59.289],[28.006,59.289],[28.006,59.289],[28.006,59.289],[28.006,59.289],[28.006,59.289],[28.006,59.289],[28.006,59.289],[28.006,59.289],[28.006,59.289],[28.006,59.289],[28.006,59.289],[28.006,59.289],[28.006,59.289]],[[28.012,59.287],[28.012,59.287],[28.012,59.287],[28.012,59.287],[28.012,59.287],[28.012,59.287],[28.012,59.287],[28.011,59.287],[28.011,59.287],[28.011,59.286],[28.011,59.286],[28.011,59.286],[28.011,59.286],[28.011,59.286],[28.011,59.286],[28.011,59.286],[28.011,59.286],[28.01,59.286],[28.01,59.286],[28.01,59.286],[28.01,59.286],[28.01,59.286],[28.01,59.286],[28.01,59.286],[28.01,59.286],[28.01,59.286],[28.009,59.286],[28.009,59.286],[28.009,59.286],[28.009,59.286],[28.009,59.286],[28.009,59.286],[28.009,59.286],[28.009,59.286],[28.009,59.286],[28.009,59.286],[28.009,59.286],[28.008,59.286],[28.008,59.286],[28.008,59.286],[28.008,59.286],[28.008,59.286],[28.008,59.286],[28.008,59.286],[28.008,59.286],[28.008,59.286],[28.007,59.286],[28.007,59.286],[28.007,59.285],[28.007,59.285],[28.007,59.285],[28.007,59.285],[28.007,59.285],[28.007,59.285],[28.007,59.285],[28.006,59.285],[28.006,59.285],[28.006,59.285],[28.006,59.285],[28.006,59.285],[28.006,59.285],[28.006,59.285],[28.006,59.285],[28.006,59.285],[28.006,59.285],[28.006,59.285],[28.006,59.285],[28.006,59.285],[28.005,59.285],[28.005,59.285],[28.005,59.285],[28.005,59.285],[28.005,59.285],[28.005,59.285],[28.005,59.285],[28.005,59.285],[28.005,59.284],[28.004,59.284],[28.004,59.284],[28.003,59.284],[28.003,59.284],[28.003,59.283],[28.003,59.283],[28.003,59.283],[28.003,59.283],[28.003,59.283],[28.004,59.283],[28.004,59.283],[28.004,59.283],[28.004,59.283],[28.005,59.283],[28.005,59.283],[28.005,59.283],[28.006,59.283],[28.007,59.284],[28.006,59.284],[28.006,59.284],[28.006,59.284],[28.006,59.284],[28.007,59.284],[28.007,59.284],[28.007,59.284],[28.007,59.284],[28.007,59.284],[28.007,59.284],[28.007,59.284],[28.007,59.284],[28.007,59.284],[28.008,59.284],[28.008,59.284],[28.009,59.284],[28.01,59.285],[28.01,59.285],[28.011,59.285],[28.011,59.285],[28.012,59.285],[28.012,59.286],[28.012,59.286],[28.013,59.286],[28.013,59.286],[28.013,59.286],[28.013,59.286],[28.012,59.286],[28.012,59.287],[28.012,59.287],[28.012,59.287],[28.012,59.287],[28.012,59.287]],[[28.001,59.283],[28.001,59.283],[28.001,59.283],[28.001,59.283],[28.001,59.283],[28.001,59.283],[28.001,59.283],[28,59.283],[28,59.283],[28.001,59.283]],[[28.003,59.282],[28.003,59.282],[28.003,59.282],[28.003,59.282],[28.003,59.282],[28.003,59.282],[28.003,59.282],[28.003,59.282],[28.003,59.282],[28.003,59.282]],[[28,59.282],[28,59.282],[28,59.282],[28,59.282],[28,59.282],[28,59.282],[28,59.282],[28,59.282],[28,59.282],[28,59.282],[28,59.282]],[[28,59.282],[28,59.282],[28,59.282],[28.001,59.282],[28.001,59.282],[28.001,59.282],[28.001,59.282],[28.001,59.282],[28.001,59.282],[28.001,59.282],[28,59.282],[28,59.282]],[[27.914,59.252],[27.914,59.252],[27.914,59.252],[27.914,59.252],[27.915,59.252],[27.914,59.252],[27.914,59.252],[27.914,59.252],[27.914,59.252],[27.914,59.252],[27.914,59.252],[27.913,59.252],[27.913,59.252],[27.913,59.252],[27.913,59.252],[27.913,59.252],[27.913,59.252],[27.913,59.252],[27.913,59.252],[27.913,59.252],[27.913,59.252],[27.913,59.252],[27.913,59.252],[27.913,59.252],[27.912,59.252],[27.912,59.252],[27.912,59.252],[27.912,59.252],[27.912,59.251],[27.912,59.251],[27.912,59.251],[27.912,59.251],[27.912,59.251],[27.912,59.251],[27.912,59.251],[27.912,59.251],[27.912,59.251],[27.912,59.251],[27.912,59.251],[27.912,59.251],[27.912,59.251],[27.912,59.251],[27.912,59.251],[27.912,59.251],[27.912,59.251],[27.912,59.251],[27.912,59.251],[27.912,59.251],[27.912,59.251],[27.912,59.251],[27.913,59.251],[27.913,59.252],[27.913,59.252],[27.913,59.252],[27.913,59.252],[27.914,59.252],[27.914,59.252],[27.914,59.252],[27.914,59.252],[27.914,59.252],[27.914,59.252]],[[27.911,59.251],[27.911,59.251],[27.911,59.251],[27.911,59.251],[27.911,59.251],[27.911,59.251],[27.911,59.251],[27.911,59.251],[27.911,59.251],[27.911,59.251],[27.911,59.251],[27.911,59.251],[27.911,59.251],[27.911,59.251],[27.911,59.251],[27.911,59.251],[27.911,59.251],[27.911,59.251],[27.911,59.251],[27.911,59.251],[27.911,59.251],[27.911,59.251],[27.912,59.251],[27.912,59.251],[27.912,59.251],[27.912,59.251],[27.911,59.251],[27.911,59.251],[27.911,59.251]],[[27.914,59.251],[27.914,59.251],[27.914,59.251],[27.914,59.251],[27.914,59.25],[27.914,59.25],[27.914,59.25],[27.914,59.25],[27.914,59.25],[27.914,59.25],[27.914,59.25],[27.914,59.25],[27.914,59.25],[27.914,59.25],[27.914,59.25],[27.913,59.25],[27.913,59.25],[27.913,59.25],[27.913,59.25],[27.913,59.25],[27.913,59.25],[27.913,59.25],[27.913,59.25],[27.913,59.25],[27.913,59.25],[27.913,59.25],[27.913,59.25],[27.913,59.25],[27.913,59.25],[27.913,59.25],[27.913,59.25],[27.913,59.249],[27.913,59.249],[27.913,59.249],[27.913,59.249],[27.913,59.249],[27.913,59.249],[27.913,59.249],[27.913,59.249],[27.913,59.249],[27.913,59.249],[27.913,59.249],[27.913,59.249],[27.913,59.249],[27.913,59.249],[27.913,59.249],[27.913,59.25],[27.914,59.25],[27.914,59.25],[27.914,59.25],[27.914,59.25],[27.914,59.25],[27.914,59.25],[27.914,59.25],[27.914,59.25],[27.914,59.25],[27.914,59.25],[27.914,59.25],[27.914,59.25],[27.914,59.25],[27.914,59.25],[27.914,59.25],[27.915,59.251],[27.915,59.251],[27.915,59.251],[27.915,59.251],[27.914,59.251]],[[27.911,59.25],[27.911,59.25],[27.911,59.25],[27.911,59.25],[27.91,59.25],[27.91,59.25],[27.91,59.25],[27.91,59.25],[27.91,59.25],[27.91,59.25],[27.91,59.25],[27.91,59.25],[27.91,59.249],[27.91,59.249],[27.91,59.249],[27.909,59.249],[27.909,59.249],[27.909,59.249],[27.909,59.249],[27.909,59.249],[27.909,59.249],[27.91,59.249],[27.91,59.249],[27.909,59.249],[27.909,59.249],[27.909,59.249],[27.909,59.249],[27.909,59.249],[27.909,59.249],[27.909,59.249],[27.909,59.249],[27.909,59.249],[27.909,59.249],[27.909,59.249],[27.91,59.249],[27.91,59.249],[27.91,59.249],[27.91,59.249],[27.91,59.249],[27.91,59.249],[27.91,59.249],[27.91,59.249],[27.91,59.249],[27.91,59.249],[27.91,59.249],[27.91,59.249],[27.91,59.249],[27.91,59.249],[27.91,59.249],[27.91,59.249],[27.91,59.248],[27.91,59.248],[27.911,59.248],[27.911,59.248],[27.911,59.248],[27.911,59.248],[27.911,59.248],[27.911,59.248],[27.911,59.248],[27.911,59.248],[27.911,59.248],[27.912,59.248],[27.912,59.248],[27.912,59.248],[27.912,59.248],[27.912,59.248],[27.912,59.248],[27.912,59.248],[27.912,59.248],[27.912,59.248],[27.912,59.248],[27.912,59.248],[27.912,59.249],[27.912,59.249],[27.913,59.249],[27.913,59.249],[27.912,59.249],[27.912,59.249],[27.912,59.249],[27.912,59.249],[27.912,59.249],[27.912,59.249],[27.911,59.249],[27.911,59.249],[27.911,59.249],[27.911,59.249],[27.911,59.249],[27.911,59.249],[27.911,59.249],[27.911,59.249],[27.911,59.249],[27.911,59.249],[27.911,59.25]],[[27.91,59.248],[27.91,59.248],[27.91,59.248],[27.91,59.248],[27.91,59.248],[27.909,59.248],[27.909,59.248],[27.909,59.248],[27.909,59.248],[27.909,59.248],[27.909,59.248],[27.909,59.248],[27.91,59.248],[27.91,59.248],[27.91,59.248],[27.91,59.248]],[[27.91,59.249],[27.91,59.249],[27.91,59.249],[27.91,59.249],[27.91,59.249],[27.91,59.249],[27.91,59.248],[27.91,59.249],[27.91,59.249],[27.91,59.249],[27.91,59.249],[27.91,59.249]],[[27.91,59.246],[27.91,59.246],[27.91,59.246],[27.91,59.246],[27.91,59.246],[27.91,59.246],[27.91,59.246],[27.91,59.246],[27.91,59.246],[27.91,59.246],[27.91,59.246],[27.91,59.246],[27.91,59.246],[27.91,59.246],[27.91,59.246],[27.91,59.246],[27.91,59.246],[27.91,59.246],[27.909,59.246],[27.909,59.246],[27.909,59.246],[27.91,59.246],[27.91,59.246],[27.91,59.246],[27.91,59.246],[27.91,59.246],[27.91,59.246]],[[27.897,59.227],[27.897,59.227],[27.896,59.227],[27.896,59.227],[27.896,59.226],[27.896,59.226],[27.896,59.226],[27.896,59.226],[27.896,59.226],[27.896,59.226],[27.896,59.226],[27.895,59.226],[27.895,59.226],[27.895,59.226],[27.896,59.225],[27.896,59.225],[27.896,59.226],[27.896,59.226],[27.896,59.226],[27.897,59.226],[27.897,59.226],[27.897,59.226],[27.897,59.226],[27.897,59.226],[27.897,59.226],[27.897,59.226],[27.897,59.227],[27.897,59.227],[27.897,59.227],[27.897,59.227],[27.897,59.227],[27.898,59.227],[27.898,59.227],[27.898,59.227],[27.898,59.227],[27.897,59.227],[27.897,59.227],[27.897,59.227],[27.897,59.227],[27.897,59.227],[27.897,59.227],[27.897,59.227],[27.897,59.227],[27.897,59.227],[27.897,59.227],[27.897,59.227]],[[27.894,59.22],[27.893,59.219],[27.893,59.219],[27.894,59.219],[27.894,59.219],[27.894,59.219],[27.894,59.219],[27.894,59.219],[27.894,59.219],[27.894,59.219],[27.894,59.219],[27.895,59.22],[27.895,59.22],[27.895,59.22],[27.895,59.22],[27.895,59.22],[27.895,59.22],[27.895,59.22],[27.895,59.22],[27.895,59.221],[27.895,59.221],[27.895,59.222],[27.895,59.222],[27.895,59.222],[27.895,59.222],[27.896,59.222],[27.896,59.222],[27.896,59.222],[27.896,59.222],[27.895,59.222],[27.895,59.222],[27.895,59.222],[27.895,59.222],[27.895,59.222],[27.895,59.222],[27.895,59.222],[27.894,59.222],[27.894,59.222],[27.894,59.222],[27.894,59.222],[27.894,59.222],[27.894,59.222],[27.894,59.222],[27.894,59.221],[27.894,59.221],[27.894,59.221],[27.894,59.221],[27.894,59.221],[27.894,59.221],[27.894,59.221],[27.894,59.221],[27.894,59.221],[27.894,59.221],[27.894,59.221],[27.894,59.221],[27.894,59.221],[27.894,59.221],[27.894,59.22],[27.894,59.22],[27.894,59.22],[27.894,59.22],[27.893,59.22],[27.893,59.22],[27.893,59.22],[27.894,59.22],[27.894,59.22]],[[27.89,59.215],[27.89,59.215],[27.89,59.215],[27.89,59.215],[27.891,59.215],[27.891,59.215],[27.891,59.215],[27.891,59.215],[27.891,59.215],[27.891,59.215],[27.891,59.215],[27.891,59.215],[27.891,59.215],[27.891,59.215],[27.892,59.215],[27.892,59.215],[27.892,59.215],[27.892,59.215],[27.892,59.215],[27.892,59.215],[27.892,59.215],[27.892,59.216],[27.892,59.216],[27.892,59.216],[27.892,59.216],[27.891,59.216],[27.891,59.216],[27.891,59.216],[27.891,59.216],[27.891,59.216],[27.891,59.216],[27.891,59.216],[27.891,59.216],[27.891,59.216],[27.891,59.216],[27.891,59.216],[27.891,59.216],[27.89,59.216],[27.89,59.216],[27.89,59.216],[27.89,59.216],[27.89,59.216],[27.89,59.216],[27.89,59.216],[27.89,59.216],[27.89,59.216],[27.89,59.216],[27.89,59.216],[27.89,59.216],[27.89,59.216],[27.89,59.216],[27.89,59.216],[27.89,59.216],[27.89,59.217],[27.89,59.217],[27.89,59.217],[27.89,59.217],[27.89,59.217],[27.89,59.216],[27.89,59.216],[27.89,59.216],[27.889,59.216],[27.89,59.216],[27.89,59.216],[27.89,59.216],[27.89,59.216],[27.89,59.216],[27.89,59.216],[27.89,59.216],[27.89,59.216],[27.89,59.216],[27.89,59.216],[27.89,59.216],[27.89,59.216],[27.89,59.216],[27.89,59.215],[27.89,59.215],[27.89,59.215],[27.89,59.215],[27.89,59.215],[27.89,59.215],[27.89,59.215],[27.89,59.215],[27.89,59.215],[27.89,59.215],[27.89,59.215],[27.89,59.215],[27.89,59.215],[27.89,59.215],[27.89,59.215],[27.89,59.215]],[[27.895,59.213],[27.895,59.212],[27.895,59.212],[27.896,59.213],[27.896,59.213],[27.896,59.213],[27.896,59.213],[27.896,59.213],[27.896,59.213],[27.896,59.213],[27.896,59.213],[27.895,59.213],[27.895,59.213],[27.895,59.213],[27.895,59.213]],[[27.881,59.183],[27.881,59.183],[27.881,59.183],[27.881,59.183],[27.882,59.183],[27.882,59.184],[27.883,59.184],[27.883,59.184],[27.883,59.184],[27.883,59.184],[27.883,59.184],[27.883,59.184],[27.882,59.184],[27.882,59.184],[27.882,59.185],[27.882,59.185],[27.882,59.185],[27.882,59.185],[27.882,59.184],[27.882,59.184],[27.882,59.184],[27.882,59.184],[27.881,59.184],[27.881,59.184],[27.881,59.183],[27.881,59.183],[27.881,59.183],[27.881,59.183]],[[27.872,59.175],[27.872,59.175],[27.872,59.175],[27.873,59.175],[27.873,59.175],[27.873,59.175],[27.873,59.175],[27.874,59.176],[27.875,59.176],[27.876,59.177],[27.877,59.177],[27.878,59.178],[27.879,59.178],[27.879,59.179],[27.879,59.179],[27.88,59.179],[27.88,59.18],[27.88,59.18],[27.88,59.18],[27.88,59.18],[27.88,59.18],[27.88,59.18],[27.88,59.18],[27.88,59.18],[27.879,59.18],[27.879,59.18],[27.879,59.18],[27.879,59.18],[27.879,59.179],[27.878,59.179],[27.878,59.179],[27.878,59.179],[27.878,59.179],[27.878,59.179],[27.878,59.179],[27.878,59.179],[27.878,59.179],[27.878,59.179],[27.878,59.179],[27.878,59.18],[27.878,59.18],[27.878,59.18],[27.878,59.18],[27.878,59.18],[27.878,59.18],[27.878,59.181],[27.878,59.181],[27.878,59.181],[27.878,59.181],[27.878,59.181],[27.877,59.18],[27.877,59.18],[27.876,59.18],[27.876,59.18],[27.875,59.179],[27.875,59.179],[27.874,59.179],[27.874,59.179],[27.874,59.178],[27.873,59.178],[27.873,59.178],[27.872,59.177],[27.872,59.177],[27.872,59.176],[27.872,59.176],[27.872,59.175],[27.872,59.175],[27.872,59.175],[27.872,59.175],[27.872,59.175]],[[27.867,59.166],[27.866,59.166],[27.866,59.165],[27.866,59.165],[27.866,59.165],[27.865,59.165],[27.865,59.164],[27.865,59.164],[27.865,59.163],[27.864,59.163],[27.864,59.164],[27.864,59.164],[27.864,59.164],[27.864,59.165],[27.864,59.165],[27.865,59.166],[27.865,59.166],[27.865,59.166],[27.864,59.166],[27.864,59.166],[27.864,59.166],[27.864,59.165],[27.864,59.165],[27.863,59.164],[27.863,59.164],[27.863,59.164],[27.863,59.164],[27.863,59.164],[27.863,59.163],[27.863,59.163],[27.863,59.163],[27.862,59.163],[27.862,59.164],[27.861,59.164],[27.861,59.165],[27.861,59.165],[27.861,59.165],[27.861,59.165],[27.861,59.165],[27.861,59.165],[27.861,59.166],[27.86,59.166],[27.86,59.166],[27.86,59.166],[27.86,59.166],[27.86,59.166],[27.86,59.166],[27.86,59.166],[27.86,59.165],[27.861,59.165],[27.861,59.164],[27.861,59.164],[27.861,59.164],[27.861,59.163],[27.861,59.163],[27.861,59.163],[27.861,59.163],[27.861,59.163],[27.861,59.162],[27.861,59.162],[27.861,59.162],[27.861,59.162],[27.861,59.162],[27.861,59.162],[27.861,59.162],[27.861,59.162],[27.861,59.162],[27.861,59.162],[27.861,59.162],[27.86,59.162],[27.86,59.162],[27.86,59.162],[27.86,59.162],[27.86,59.162],[27.86,59.161],[27.86,59.161],[27.86,59.161],[27.86,59.161],[27.86,59.161],[27.86,59.161],[27.86,59.161],[27.86,59.161],[27.86,59.161],[27.86,59.161],[27.86,59.161],[27.859,59.161],[27.859,59.161],[27.859,59.161],[27.859,59.161],[27.859,59.161],[27.86,59.161],[27.86,59.161],[27.86,59.161],[27.86,59.161],[27.86,59.161],[27.86,59.161],[27.861,59.161],[27.861,59.161],[27.861,59.161],[27.861,59.162],[27.862,59.162],[27.862,59.162],[27.863,59.162],[27.863,59.162],[27.863,59.162],[27.863,59.162],[27.863,59.162],[27.863,59.162],[27.864,59.163],[27.865,59.163],[27.866,59.164],[27.867,59.165],[27.867,59.165],[27.867,59.166],[27.868,59.166],[27.868,59.166],[27.868,59.167],[27.868,59.167],[27.867,59.167],[27.867,59.167],[27.867,59.166],[27.867,59.166],[27.867,59.166]],[[27.817,59.138],[27.817,59.138],[27.818,59.138],[27.818,59.138],[27.818,59.138],[27.818,59.139],[27.818,59.139],[27.819,59.139],[27.819,59.139],[27.819,59.139],[27.819,59.139],[27.819,59.139],[27.819,59.139],[27.819,59.14],[27.819,59.14],[27.819,59.139],[27.819,59.139],[27.819,59.139],[27.818,59.139],[27.818,59.139],[27.818,59.139],[27.817,59.139],[27.817,59.139],[27.817,59.139],[27.817,59.139],[27.817,59.138],[27.817,59.138],[27.817,59.138]],[[27.817,59.138],[27.817,59.138],[27.817,59.138],[27.817,59.138],[27.817,59.138],[27.817,59.138],[27.817,59.138],[27.817,59.138],[27.817,59.138],[27.817,59.138],[27.817,59.138],[27.817,59.138],[27.817,59.138]],[[27.817,59.137],[27.817,59.137],[27.817,59.137],[27.816,59.137],[27.816,59.137],[27.816,59.137],[27.816,59.137],[27.816,59.137],[27.816,59.137],[27.816,59.137],[27.816,59.137],[27.816,59.137],[27.816,59.137],[27.816,59.137],[27.816,59.137],[27.817,59.137],[27.817,59.137],[27.817,59.137],[27.817,59.137],[27.817,59.137],[27.817,59.137],[27.817,59.137],[27.817,59.137],[27.817,59.137],[27.818,59.137],[27.818,59.137],[27.818,59.138],[27.818,59.138],[27.818,59.138],[27.818,59.138],[27.818,59.138],[27.817,59.138],[27.817,59.138],[27.817,59.137]],[[27.817,59.136],[27.816,59.136],[27.816,59.136],[27.816,59.136],[27.816,59.136],[27.816,59.136],[27.816,59.136],[27.816,59.136],[27.816,59.136],[27.816,59.136],[27.816,59.136],[27.816,59.136],[27.816,59.136],[27.816,59.136],[27.816,59.136],[27.816,59.136],[27.816,59.136],[27.817,59.136],[27.817,59.136],[27.817,59.136],[27.817,59.136],[27.817,59.136],[27.817,59.136]],[[27.818,59.135],[27.818,59.135],[27.818,59.134],[27.818,59.134],[27.818,59.134],[27.818,59.134],[27.819,59.134],[27.819,59.135],[27.819,59.135],[27.819,59.135],[27.819,59.135],[27.819,59.135],[27.818,59.135],[27.818,59.135],[27.818,59.135]],[[27.816,59.135],[27.816,59.135],[27.816,59.135],[27.816,59.135],[27.815,59.135],[27.815,59.134],[27.815,59.134],[27.815,59.134],[27.815,59.134],[27.815,59.134],[27.815,59.134],[27.815,59.134],[27.815,59.134],[27.815,59.133],[27.815,59.133],[27.815,59.133],[27.815,59.133],[27.815,59.133],[27.815,59.134],[27.816,59.134],[27.816,59.134],[27.816,59.134],[27.816,59.134],[27.816,59.134],[27.816,59.134],[27.816,59.134],[27.816,59.135],[27.816,59.135]],[[27.814,59.134],[27.814,59.134],[27.814,59.134],[27.814,59.134],[27.813,59.134],[27.813,59.134],[27.813,59.134],[27.813,59.134],[27.813,59.133],[27.813,59.133],[27.813,59.133],[27.812,59.133],[27.812,59.133],[27.812,59.133],[27.812,59.133],[27.812,59.133],[27.812,59.133],[27.812,59.133],[27.812,59.133],[27.812,59.133],[27.812,59.133],[27.813,59.133],[27.813,59.133],[27.813,59.133],[27.813,59.133],[27.813,59.133],[27.813,59.133],[27.813,59.133],[27.813,59.133],[27.813,59.133],[27.814,59.133],[27.814,59.133],[27.814,59.133],[27.814,59.133],[27.814,59.133],[27.814,59.133],[27.814,59.133],[27.814,59.133],[27.814,59.133],[27.814,59.133],[27.814,59.134],[27.814,59.134],[27.814,59.134],[27.814,59.134],[27.814,59.134]],[[27.811,59.133],[27.811,59.133],[27.811,59.133],[27.811,59.133],[27.811,59.133],[27.811,59.133],[27.811,59.133],[27.811,59.133],[27.811,59.132],[27.811,59.132],[27.811,59.132],[27.811,59.132],[27.811,59.132],[27.811,59.132],[27.811,59.132],[27.811,59.132],[27.811,59.132],[27.811,59.132],[27.812,59.132],[27.812,59.132],[27.812,59.132],[27.812,59.132],[27.812,59.132],[27.812,59.132],[27.812,59.132],[27.812,59.132],[27.811,59.132],[27.811,59.132],[27.811,59.132],[27.811,59.132],[27.811,59.132],[27.811,59.132],[27.811,59.132],[27.811,59.133],[27.811,59.133],[27.811,59.133],[27.811,59.133],[27.811,59.133],[27.811,59.133],[27.811,59.133],[27.811,59.133],[27.811,59.133],[27.811,59.133],[27.811,59.133]],[[27.801,59.114],[27.801,59.114],[27.801,59.114],[27.802,59.114],[27.803,59.115],[27.803,59.115],[27.803,59.115],[27.803,59.115],[27.803,59.116],[27.803,59.116],[27.803,59.117],[27.803,59.117],[27.803,59.117],[27.803,59.118],[27.803,59.118],[27.803,59.118],[27.803,59.118],[27.803,59.118],[27.803,59.119],[27.803,59.119],[27.803,59.119],[27.803,59.119],[27.803,59.119],[27.802,59.119],[27.802,59.118],[27.802,59.118],[27.802,59.118],[27.801,59.118],[27.801,59.117],[27.801,59.117],[27.801,59.117],[27.801,59.117],[27.801,59.116],[27.801,59.116],[27.801,59.116],[27.8,59.116],[27.8,59.116],[27.8,59.116],[27.8,59.115],[27.8,59.115],[27.8,59.115],[27.8,59.115],[27.8,59.115],[27.8,59.115],[27.8,59.115],[27.8,59.115],[27.8,59.114],[27.8,59.114],[27.801,59.114],[27.801,59.114],[27.801,59.114]],[[27.802,59.105],[27.802,59.105],[27.802,59.105],[27.802,59.105],[27.802,59.105],[27.803,59.105],[27.803,59.105],[27.803,59.105],[27.804,59.105],[27.804,59.105],[27.804,59.105],[27.804,59.105],[27.805,59.105],[27.805,59.105],[27.806,59.105],[27.806,59.105],[27.807,59.105],[27.807,59.106],[27.807,59.106],[27.807,59.106],[27.807,59.106],[27.807,59.106],[27.807,59.106],[27.807,59.106],[27.808,59.106],[27.808,59.106],[27.808,59.106],[27.808,59.107],[27.808,59.107],[27.808,59.107],[27.808,59.107],[27.809,59.107],[27.809,59.107],[27.809,59.107],[27.809,59.108],[27.809,59.108],[27.809,59.108],[27.808,59.109],[27.808,59.109],[27.808,59.109],[27.807,59.109],[27.807,59.109],[27.806,59.109],[27.806,59.109],[27.806,59.109],[27.806,59.109],[27.806,59.109],[27.806,59.109],[27.806,59.109],[27.806,59.11],[27.805,59.11],[27.805,59.11],[27.804,59.11],[27.804,59.111],[27.804,59.111],[27.804,59.111],[27.803,59.111],[27.803,59.111],[27.803,59.112],[27.803,59.112],[27.803,59.113],[27.803,59.113],[27.803,59.113],[27.803,59.114],[27.803,59.114],[27.803,59.114],[27.802,59.114],[27.802,59.114],[27.802,59.114],[27.802,59.114],[27.801,59.113],[27.801,59.113],[27.8,59.113],[27.8,59.112],[27.8,59.112],[27.8,59.111],[27.799,59.111],[27.799,59.111],[27.799,59.11],[27.799,59.11],[27.799,59.11],[27.799,59.11],[27.799,59.109],[27.799,59.109],[27.8,59.109],[27.8,59.108],[27.8,59.108],[27.801,59.108],[27.801,59.107],[27.801,59.107],[27.801,59.107],[27.8,59.107],[27.8,59.107],[27.8,59.106],[27.8,59.106],[27.8,59.106],[27.8,59.106],[27.801,59.106],[27.801,59.105],[27.801,59.105],[27.801,59.105],[27.802,59.105]],[[27.786,59.087],[27.786,59.087],[27.786,59.087],[27.785,59.087],[27.785,59.087],[27.785,59.087],[27.785,59.087],[27.785,59.086],[27.785,59.086],[27.785,59.086],[27.785,59.086],[27.785,59.086],[27.785,59.086],[27.784,59.086],[27.784,59.085],[27.784,59.085],[27.784,59.085],[27.784,59.085],[27.784,59.085],[27.784,59.085],[27.784,59.085],[27.784,59.085],[27.784,59.085],[27.784,59.085],[27.784,59.084],[27.784,59.084],[27.784,59.084],[27.783,59.084],[27.783,59.084],[27.783,59.084],[27.783,59.084],[27.783,59.084],[27.783,59.084],[27.783,59.083],[27.782,59.083],[27.782,59.083],[27.782,59.083],[27.782,59.083],[27.782,59.083],[27.782,59.083],[27.782,59.083],[27.781,59.082],[27.781,59.082],[27.781,59.082],[27.781,59.082],[27.781,59.082],[27.781,59.082],[27.781,59.081],[27.78,59.081],[27.78,59.081],[27.78,59.081],[27.78,59.08],[27.781,59.08],[27.781,59.08],[27.781,59.08],[27.781,59.08],[27.781,59.079],[27.782,59.079],[27.782,59.079],[27.782,59.079],[27.782,59.079],[27.782,59.078],[27.782,59.078],[27.782,59.077],[27.781,59.077],[27.781,59.077],[27.781,59.077],[27.781,59.076],[27.781,59.076],[27.78,59.076],[27.78,59.076],[27.78,59.076],[27.78,59.075],[27.78,59.075],[27.78,59.075],[27.78,59.075],[27.78,59.075],[27.78,59.075],[27.78,59.074],[27.78,59.074],[27.78,59.074],[27.78,59.074],[27.78,59.073],[27.779,59.073],[27.779,59.073],[27.779,59.072],[27.779,59.072],[27.779,59.072],[27.779,59.072],[27.778,59.071],[27.778,59.071],[27.778,59.071],[27.778,59.071],[27.778,59.071],[27.778,59.07],[27.778,59.07],[27.778,59.07],[27.778,59.07],[27.778,59.069],[27.778,59.069],[27.778,59.069],[27.778,59.068],[27.778,59.068],[27.778,59.068],[27.778,59.068],[27.778,59.068],[27.778,59.068],[27.779,59.068],[27.779,59.068],[27.779,59.067],[27.779,59.067],[27.779,59.067],[27.779,59.066],[27.779,59.066],[27.779,59.066],[27.779,59.066],[27.779,59.066],[27.779,59.066],[27.779,59.066],[27.78,59.066],[27.78,59.066],[27.78,59.066],[27.781,59.066],[27.781,59.066],[27.782,59.067],[27.782,59.067],[27.782,59.067],[27.783,59.067],[27.783,59.067],[27.783,59.067],[27.784,59.067],[27.784,59.067],[27.785,59.067],[27.785,59.067],[27.785,59.067],[27.785,59.067],[27.786,59.068],[27.786,59.068],[27.787,59.068],[27.787,59.068],[27.788,59.068],[27.788,59.068],[27.788,59.069],[27.788,59.069],[27.789,59.069],[27.789,59.069],[27.79,59.07],[27.79,59.07],[27.79,59.07],[27.79,59.07],[27.79,59.07],[27.79,59.071],[27.79,59.071],[27.789,59.071],[27.789,59.071],[27.789,59.072],[27.789,59.072],[27.789,59.073],[27.79,59.073],[27.79,59.073],[27.79,59.074],[27.791,59.075],[27.791,59.075],[27.791,59.076],[27.791,59.076],[27.791,59.077],[27.791,59.077],[27.791,59.077],[27.791,59.078],[27.791,59.078],[27.791,59.078],[27.791,59.079],[27.79,59.079],[27.79,59.079],[27.79,59.079],[27.79,59.08],[27.789,59.08],[27.789,59.08],[27.788,59.081],[27.788,59.081],[27.788,59.081],[27.788,59.081],[27.788,59.082],[27.788,59.082],[27.788,59.082],[27.788,59.082],[27.788,59.083],[27.788,59.083],[27.788,59.083],[27.788,59.084],[27.788,59.084],[27.788,59.084],[27.788,59.084],[27.788,59.085],[27.788,59.085],[27.788,59.085],[27.788,59.085],[27.788,59.085],[27.788,59.085],[27.788,59.086],[27.788,59.086],[27.788,59.086],[27.788,59.086],[27.788,59.086],[27.788,59.087],[27.788,59.087],[27.788,59.087],[27.788,59.087],[27.788,59.088],[27.788,59.088],[27.788,59.088],[27.787,59.088],[27.787,59.088],[27.787,59.088],[27.787,59.088],[27.787,59.088],[27.787,59.088],[27.787,59.087],[27.787,59.087],[27.787,59.087],[27.786,59.087],[27.786,59.087],[27.786,59.087]],[[27.791,59.07],[27.791,59.07],[27.791,59.07],[27.791,59.07],[27.791,59.07],[27.791,59.071],[27.791,59.071],[27.791,59.071],[27.791,59.071],[27.791,59.071],[27.791,59.072],[27.791,59.072],[27.791,59.072],[27.791,59.072],[27.791,59.073],[27.791,59.073],[27.791,59.073],[27.791,59.073],[27.791,59.073],[27.791,59.073],[27.79,59.073],[27.79,59.072],[27.79,59.072],[27.79,59.072],[27.79,59.072],[27.79,59.072],[27.79,59.071],[27.791,59.071],[27.791,59.071],[27.791,59.071],[27.791,59.071],[27.791,59.07],[27.791,59.07]],[[27.778,59.068],[27.778,59.068],[27.778,59.068],[27.778,59.068],[27.778,59.068],[27.778,59.068],[27.778,59.068],[27.778,59.068],[27.778,59.068],[27.778,59.067],[27.778,59.067],[27.778,59.067],[27.778,59.067],[27.778,59.067],[27.778,59.067],[27.778,59.067],[27.778,59.067],[27.778,59.067],[27.778,59.067],[27.778,59.067],[27.779,59.067],[27.779,59.067],[27.779,59.067],[27.779,59.067],[27.779,59.067],[27.779,59.067],[27.779,59.067],[27.779,59.067],[27.778,59.068],[27.778,59.068],[27.778,59.068],[27.778,59.068],[27.778,59.068],[27.778,59.068],[27.778,59.068]],[[27.77,59.054],[27.77,59.054],[27.77,59.054],[27.77,59.054],[27.77,59.054],[27.77,59.054],[27.77,59.054],[27.77,59.055],[27.771,59.055],[27.771,59.055],[27.771,59.055],[27.77,59.055],[27.77,59.055],[27.77,59.055],[27.77,59.055],[27.77,59.054],[27.77,59.054],[27.77,59.054],[27.77,59.054],[27.77,59.054],[27.77,59.054]],[[27.747,59.031],[27.748,59.031],[27.748,59.031],[27.748,59.031],[27.748,59.031],[27.748,59.031],[27.748,59.031],[27.748,59.031],[27.748,59.031],[27.749,59.031],[27.749,59.031],[27.749,59.031],[27.75,59.031],[27.75,59.032],[27.75,59.032],[27.752,59.032],[27.752,59.032],[27.753,59.032],[27.754,59.032],[27.755,59.032],[27.755,59.032],[27.756,59.033],[27.756,59.033],[27.756,59.033],[27.756,59.033],[27.756,59.033],[27.757,59.033],[27.757,59.033],[27.757,59.033],[27.757,59.033],[27.757,59.033],[27.757,59.033],[27.756,59.033],[27.755,59.033],[27.755,59.033],[27.754,59.033],[27.754,59.033],[27.753,59.033],[27.753,59.033],[27.752,59.033],[27.752,59.033],[27.752,59.033],[27.751,59.032],[27.75,59.032],[27.749,59.032],[27.749,59.032],[27.748,59.032],[27.748,59.031],[27.748,59.031],[27.747,59.031],[27.747,59.031],[27.747,59.031],[27.747,59.031],[27.747,59.031],[27.747,59.031]],[[27.738,59.014],[27.738,59.013],[27.738,59.013],[27.739,59.013],[27.739,59.013],[27.739,59.013],[27.739,59.013],[27.739,59.013],[27.74,59.013],[27.74,59.014],[27.74,59.014],[27.74,59.014],[27.741,59.014],[27.741,59.014],[27.741,59.014],[27.741,59.015],[27.741,59.015],[27.741,59.015],[27.741,59.015],[27.742,59.015],[27.742,59.016],[27.742,59.016],[27.742,59.016],[27.742,59.016],[27.742,59.016],[27.741,59.016],[27.741,59.016],[27.741,59.016],[27.74,59.016],[27.74,59.016],[27.74,59.015],[27.739,59.015],[27.739,59.015],[27.739,59.015],[27.738,59.015],[27.738,59.014],[27.738,59.014],[27.738,59.014],[27.738,59.014],[27.738,59.014]],[[27.74,59.013],[27.739,59.013],[27.739,59.013],[27.739,59.013],[27.739,59.013],[27.739,59.013],[27.739,59.012],[27.739,59.012],[27.739,59.012],[27.739,59.012],[27.739,59.012],[27.739,59.012],[27.739,59.012],[27.739,59.012],[27.739,59.012],[27.74,59.012],[27.74,59.013],[27.74,59.013],[27.74,59.013],[27.74,59.013],[27.74,59.013],[27.74,59.013],[27.74,59.013],[27.74,59.013],[27.74,59.013],[27.74,59.013],[27.74,59.013],[27.74,59.013],[27.74,59.013],[27.74,59.013],[27.74,59.013],[27.74,59.013]],[[27.737,59.013],[27.737,59.013],[27.737,59.014],[27.737,59.014],[27.737,59.013],[27.737,59.013],[27.737,59.013],[27.737,59.013],[27.737,59.013],[27.737,59.013],[27.737,59.013],[27.737,59.013],[27.737,59.013],[27.736,59.013],[27.736,59.013],[27.736,59.013],[27.736,59.012],[27.736,59.012],[27.736,59.012],[27.736,59.012],[27.736,59.012],[27.736,59.012],[27.737,59.012],[27.737,59.012],[27.737,59.012],[27.737,59.012],[27.737,59.013],[27.737,59.013],[27.737,59.013],[27.737,59.013]],[[27.74,59],[27.74,59],[27.74,59],[27.74,59],[27.74,59],[27.74,59],[27.74,59],[27.74,59],[27.74,59],[27.74,59],[27.741,59],[27.741,59],[27.741,59],[27.741,59],[27.741,59],[27.741,59],[27.741,59],[27.74,59],[27.74,59],[27.74,59],[27.74,59]]]]}},{"type":"Feature","properties":{"id":"40","name":"Lipetsk"},"geometry":{"type":"Polygon","coordinates":[[[39.767,53.572],[39.79,53.539],[39.844,53.563],[39.96,53.521],[39.942,53.484],[39.96,53.448],[39.92,53.443],[40.001,53.388],[40.114,53.375],[40.196,53.317],[40.127,53.192],[40.142,53.071],[40.174,53.032],[40.149,52.988],[40.212,52.965],[40.115,52.891],[40.182,52.801],[40.146,52.773],[40.057,52.78],[40.011,52.746],[40.065,52.585],[40.158,52.515],[40.399,52.444],[40.368,52.396],[40.381,52.374],[40.6,52.327],[40.819,52.196],[40.781,52.153],[40.699,52.134],[40.607,51.936],[40.007,51.954],[39.945,51.906],[39.792,51.905],[39.594,51.952],[39.57,51.971],[39.569,52.046],[39.478,52.075],[39.222,52.09],[39.174,52.066],[39.168,51.992],[39.104,51.974],[39.006,52.011],[38.946,52.083],[38.868,52.101],[38.816,52.075],[38.73,52.101],[38.71,52.04],[38.67,52.019],[38.506,52.031],[38.251,51.924],[38.158,51.938],[38.004,51.913],[37.844,51.956],[37.81,52.032],[37.772,52.051],[37.757,52.155],[37.845,52.21],[37.889,52.208],[37.907,52.243],[38.063,52.269],[38.061,52.309],[38.091,52.322],[38.013,52.381],[38.04,52.399],[38.021,52.415],[37.958,52.413],[37.934,52.448],[37.984,52.477],[37.851,52.524],[37.909,52.546],[37.787,52.611],[37.702,52.606],[37.697,52.642],[37.775,52.644],[37.799,52.702],[37.887,52.771],[37.842,52.83],[37.882,52.901],[37.825,52.943],[37.858,53.017],[37.918,53.019],[37.908,53.067],[38,53.066],[38.014,53.042],[38.278,53.054],[38.325,52.953],[38.41,52.972],[38.412,53.004],[38.46,52.992],[38.506,53.023],[38.508,53.068],[38.549,53.071],[38.562,53.015],[38.633,53.02],[38.629,53.062],[38.667,53.056],[38.663,53.085],[38.712,53.111],[38.665,53.16],[38.589,53.181],[38.663,53.194],[38.633,53.253],[38.537,53.32],[38.823,53.37],[38.758,53.459],[38.795,53.47],[38.727,53.493],[38.766,53.526],[38.849,53.547],[38.908,53.523],[38.914,53.561],[39.032,53.564],[39.08,53.54],[39.081,53.502],[39.142,53.468],[39.144,53.429],[39.203,53.382],[39.331,53.414],[39.401,53.395],[39.559,53.414],[39.587,53.507],[39.767,53.572]]]}},{"type":"Feature","properties":{"id":"41","name":"Maga Buryatdan"},"geometry":{"type":"MultiPolygon","coordinates":[[[[152.734,58.906],[152.733,58.906],[152.733,58.906],[152.733,58.906],[152.734,58.906],[152.735,58.907],[152.735,58.907],[152.736,58.906],[152.736,58.906],[152.735,58.906],[152.734,58.906]]],[[[152.417,59.03],[152.416,59.03],[152.414,59.03],[152.415,59.031],[152.415,59.031],[152.416,59.032],[152.416,59.032],[152.416,59.033],[152.416,59.033],[152.416,59.034],[152.417,59.034],[152.418,59.034],[152.418,59.034],[152.418,59.034],[152.419,59.033],[152.419,59.033],[152.419,59.032],[152.418,59.032],[152.418,59.032],[152.418,59.032],[152.418,59.032],[152.417,59.031],[152.417,59.031],[152.417,59.031],[152.417,59.03]]],[[[154.356,59.106],[154.356,59.106],[154.355,59.106],[154.355,59.107],[154.356,59.108],[154.356,59.108],[154.357,59.108],[154.358,59.107],[154.358,59.106],[154.357,59.106],[154.356,59.106]]],[[[153.282,59.133],[153.281,59.133],[153.281,59.133],[153.281,59.134],[153.281,59.134],[153.279,59.134],[153.279,59.135],[153.279,59.135],[153.279,59.135],[153.279,59.136],[153.28,59.136],[153.281,59.135],[153.283,59.135],[153.284,59.135],[153.283,59.135],[153.283,59.135],[153.283,59.135],[153.283,59.134],[153.282,59.134],[153.283,59.134],[153.282,59.134],[153.282,59.133]]],[[[150.703,59.141],[150.787,59.093],[150.602,58.999],[150.468,59.001],[150.531,59.061],[150.634,59.082],[150.703,59.141]]],[[[151.789,59.152],[151.789,59.152],[151.789,59.151],[151.789,59.151],[151.789,59.151],[151.789,59.15],[151.788,59.15],[151.787,59.15],[151.786,59.151],[151.786,59.151],[151.785,59.151],[151.785,59.152],[151.784,59.152],[151.784,59.152],[151.783,59.152],[151.783,59.152],[151.783,59.152],[151.782,59.153],[151.782,59.153],[151.782,59.154],[151.782,59.154],[151.782,59.155],[151.782,59.156],[151.781,59.158],[151.782,59.158],[151.783,59.158],[151.784,59.159],[151.785,59.158],[151.786,59.157],[151.787,59.156],[151.788,59.155],[151.788,59.154],[151.788,59.154],[151.789,59.153],[151.789,59.152]]],[[[154.354,59.202],[154.354,59.202],[154.354,59.203],[154.353,59.203],[154.353,59.204],[154.353,59.204],[154.354,59.204],[154.356,59.204],[154.357,59.204],[154.357,59.203],[154.356,59.203],[154.356,59.203],[154.355,59.203],[154.354,59.202]]],[[[155.253,59.208],[155.254,59.208],[155.254,59.208],[155.255,59.208],[155.256,59.208],[155.257,59.208],[155.258,59.208],[155.259,59.208],[155.259,59.208],[155.26,59.208],[155.26,59.208],[155.259,59.207],[155.258,59.207],[155.257,59.206],[155.256,59.206],[155.255,59.206],[155.254,59.206],[155.253,59.206],[155.252,59.207],[155.251,59.207],[155.249,59.206],[155.249,59.207],[155.248,59.207],[155.248,59.208],[155.248,59.208],[155.249,59.209],[155.25,59.209],[155.25,59.209],[155.251,59.208],[155.252,59.208],[155.252,59.208],[155.253,59.208],[155.253,59.208]]],[[[149.123,59.21],[149.154,59.202],[149.111,59.16],[149.026,59.142],[149.006,59.108],[148.954,59.124],[148.99,59.162],[149.031,59.158],[149.047,59.205],[149.123,59.21]]],[[[155.537,59.209],[155.536,59.208],[155.535,59.208],[155.535,59.207],[155.534,59.206],[155.534,59.206],[155.534,59.205],[155.535,59.205],[155.534,59.203],[155.534,59.203],[155.534,59.202],[155.534,59.201],[155.534,59.201],[155.533,59.201],[155.532,59.201],[155.532,59.2],[155.532,59.2],[155.532,59.2],[155.532,59.199],[155.532,59.199],[155.532,59.198],[155.533,59.197],[155.534,59.197],[155.534,59.196],[155.534,59.195],[155.533,59.195],[155.532,59.195],[155.532,59.195],[155.532,59.195],[155.531,59.196],[155.531,59.196],[155.53,59.196],[155.53,59.196],[155.53,59.197],[155.529,59.197],[155.528,59.198],[155.528,59.198],[155.527,59.198],[155.522,59.194],[155.525,59.189],[155.522,59.188],[155.509,59.195],[155.509,59.198],[155.52,59.202],[155.519,59.202],[155.518,59.202],[155.519,59.203],[155.519,59.204],[155.519,59.204],[155.519,59.204],[155.517,59.205],[155.516,59.205],[155.516,59.206],[155.517,59.206],[155.518,59.207],[155.519,59.207],[155.52,59.208],[155.52,59.208],[155.522,59.209],[155.524,59.209],[155.526,59.209],[155.526,59.209],[155.527,59.21],[155.528,59.21],[155.529,59.211],[155.534,59.214],[155.535,59.214],[155.536,59.214],[155.537,59.215],[155.538,59.215],[155.539,59.214],[155.539,59.214],[155.538,59.213],[155.539,59.213],[155.538,59.212],[155.538,59.211],[155.538,59.211],[155.538,59.21],[155.538,59.209],[155.537,59.209],[155.537,59.209]]],[[[155.321,59.209],[155.32,59.208],[155.319,59.209],[155.318,59.209],[155.318,59.209],[155.318,59.209],[155.318,59.21],[155.317,59.211],[155.317,59.211],[155.317,59.212],[155.317,59.212],[155.315,59.213],[155.314,59.214],[155.315,59.214],[155.316,59.215],[155.317,59.215],[155.32,59.214],[155.32,59.214],[155.32,59.214],[155.321,59.213],[155.322,59.213],[155.323,59.212],[155.324,59.211],[155.325,59.211],[155.325,59.211],[155.325,59.211],[155.325,59.21],[155.324,59.209],[155.324,59.209],[155.322,59.209],[155.321,59.209]]],[[[155.27,59.239],[155.263,59.227],[155.256,59.228],[155.261,59.235],[155.253,59.242],[155.257,59.245],[155.264,59.245],[155.27,59.239]]],[[[155.485,59.309],[155.484,59.309],[155.483,59.309],[155.484,59.31],[155.484,59.31],[155.485,59.31],[155.485,59.31],[155.486,59.311],[155.487,59.311],[155.488,59.311],[155.489,59.311],[155.49,59.311],[155.49,59.311],[155.49,59.31],[155.488,59.31],[155.487,59.31],[155.486,59.309],[155.486,59.309],[155.485,59.309]]],[[[149.098,59.301],[149.095,59.299],[149.09,59.3],[149.076,59.306],[149.067,59.315],[149.072,59.317],[149.083,59.315],[149.092,59.311],[149.098,59.306],[149.098,59.301]]],[[[155.602,59.339],[155.596,59.316],[155.514,59.318],[155.602,59.339]]],[[[147.793,59.349],[147.792,59.349],[147.792,59.349],[147.791,59.35],[147.791,59.35],[147.792,59.351],[147.792,59.351],[147.793,59.351],[147.793,59.351],[147.794,59.351],[147.794,59.351],[147.795,59.351],[147.795,59.351],[147.795,59.35],[147.794,59.35],[147.794,59.35],[147.793,59.349],[147.793,59.349]]],[[[154.462,59.443],[154.463,59.443],[154.465,59.443],[154.467,59.443],[154.467,59.443],[154.468,59.442],[154.469,59.442],[154.47,59.442],[154.471,59.442],[154.471,59.441],[154.472,59.441],[154.472,59.44],[154.471,59.44],[154.47,59.44],[154.468,59.44],[154.468,59.44],[154.467,59.44],[154.466,59.44],[154.465,59.441],[154.464,59.441],[154.463,59.442],[154.462,59.442],[154.46,59.442],[154.459,59.443],[154.459,59.444],[154.46,59.444],[154.461,59.444],[154.462,59.443]]],[[[148.999,59.454],[148.998,59.454],[148.997,59.454],[148.996,59.454],[148.996,59.455],[148.997,59.455],[148.997,59.455],[148.998,59.455],[148.999,59.455],[148.999,59.454],[148.999,59.454]]],[[[150.919,59.495],[150.919,59.495],[150.918,59.495],[150.918,59.496],[150.918,59.496],[150.918,59.496],[150.919,59.496],[150.92,59.497],[150.92,59.497],[150.921,59.497],[150.921,59.497],[150.922,59.497],[150.922,59.497],[150.922,59.497],[150.923,59.496],[150.922,59.496],[150.921,59.496],[150.92,59.495],[150.919,59.495]]],[[[154.37,59.528],[154.37,59.528],[154.369,59.528],[154.368,59.528],[154.368,59.529],[154.368,59.529],[154.368,59.53],[154.369,59.53],[154.37,59.53],[154.371,59.53],[154.374,59.531],[154.376,59.531],[154.377,59.531],[154.376,59.531],[154.375,59.53],[154.374,59.53],[154.373,59.529],[154.373,59.529],[154.372,59.529],[154.372,59.528],[154.371,59.528],[154.37,59.528]]],[[[154.408,59.542],[154.404,59.541],[154.39,59.542],[154.385,59.545],[154.384,59.55],[154.388,59.557],[154.392,59.559],[154.401,59.558],[154.406,59.554],[154.402,59.546],[154.408,59.542]]],[[[151.365,59.559],[151.366,59.558],[151.367,59.558],[151.368,59.558],[151.369,59.558],[151.37,59.558],[151.371,59.558],[151.372,59.559],[151.373,59.559],[151.374,59.559],[151.375,59.558],[151.377,59.558],[151.378,59.558],[151.378,59.558],[151.381,59.557],[151.382,59.557],[151.383,59.557],[151.384,59.557],[151.385,59.557],[151.385,59.557],[151.385,59.556],[151.384,59.556],[151.384,59.556],[151.383,59.556],[151.383,59.556],[151.38,59.556],[151.378,59.556],[151.378,59.556],[151.377,59.557],[151.376,59.556],[151.374,59.556],[151.373,59.556],[151.37,59.557],[151.369,59.557],[151.367,59.557],[151.365,59.557],[151.364,59.557],[151.363,59.558],[151.363,59.558],[151.361,59.558],[151.359,59.558],[151.358,59.558],[151.357,59.558],[151.357,59.558],[151.356,59.559],[151.356,59.559],[151.358,59.559],[151.359,59.559],[151.36,59.558],[151.361,59.559],[151.362,59.559],[151.363,59.559],[151.362,59.559],[151.363,59.559],[151.364,59.559],[151.365,59.559]]],[[[151.387,59.561],[151.389,59.561],[151.39,59.561],[151.392,59.561],[151.394,59.56],[151.395,59.56],[151.398,59.56],[151.399,59.56],[151.4,59.56],[151.401,59.56],[151.402,59.56],[151.403,59.56],[151.404,59.56],[151.404,59.56],[151.405,59.559],[151.406,59.559],[151.407,59.559],[151.41,59.559],[151.417,59.559],[151.421,59.559],[151.423,59.559],[151.425,59.559],[151.426,59.559],[151.426,59.559],[151.427,59.559],[151.428,59.559],[151.429,59.559],[151.431,59.559],[151.432,59.559],[151.433,59.559],[151.434,59.559],[151.435,59.559],[151.437,59.559],[151.437,59.559],[151.438,59.559],[151.438,59.559],[151.439,59.559],[151.441,59.558],[151.441,59.558],[151.441,59.558],[151.441,59.557],[151.44,59.556],[151.439,59.556],[151.438,59.556],[151.437,59.556],[151.436,59.556],[151.435,59.556],[151.434,59.556],[151.433,59.556],[151.433,59.557],[151.432,59.557],[151.432,59.557],[151.428,59.557],[151.427,59.557],[151.418,59.557],[151.417,59.557],[151.415,59.557],[151.414,59.557],[151.413,59.557],[151.413,59.557],[151.411,59.557],[151.41,59.558],[151.409,59.558],[151.409,59.558],[151.408,59.558],[151.407,59.558],[151.406,59.559],[151.405,59.559],[151.404,59.559],[151.403,59.559],[151.402,59.559],[151.402,59.559],[151.399,59.559],[151.398,59.559],[151.396,59.56],[151.394,59.56],[151.393,59.56],[151.392,59.56],[151.391,59.56],[151.39,59.56],[151.388,59.56],[151.387,59.56],[151.387,59.56],[151.386,59.56],[151.384,59.561],[151.384,59.561],[151.384,59.561],[151.385,59.561],[151.386,59.561],[151.387,59.561]]],[[[150.422,59.595],[150.422,59.595],[150.422,59.594],[150.422,59.594],[150.422,59.593],[150.422,59.593],[150.422,59.592],[150.422,59.591],[150.422,59.591],[150.422,59.591],[150.421,59.59],[150.421,59.59],[150.421,59.59],[150.421,59.589],[150.421,59.589],[150.421,59.588],[150.421,59.588],[150.421,59.588],[150.42,59.587],[150.42,59.587],[150.42,59.586],[150.42,59.586],[150.419,59.586],[150.419,59.585],[150.419,59.585],[150.419,59.585],[150.418,59.584],[150.418,59.584],[150.418,59.584],[150.42,59.582],[150.408,59.574],[150.401,59.573],[150.399,59.574],[150.399,59.574],[150.398,59.573],[150.397,59.572],[150.396,59.571],[150.395,59.571],[150.393,59.571],[150.391,59.572],[150.391,59.572],[150.39,59.573],[150.389,59.573],[150.388,59.573],[150.387,59.573],[150.386,59.573],[150.386,59.573],[150.383,59.572],[150.377,59.574],[150.377,59.574],[150.376,59.574],[150.375,59.574],[150.375,59.574],[150.374,59.574],[150.373,59.574],[150.373,59.574],[150.372,59.575],[150.372,59.575],[150.371,59.576],[150.371,59.577],[150.369,59.578],[150.369,59.578],[150.37,59.578],[150.37,59.579],[150.37,59.579],[150.371,59.58],[150.371,59.58],[150.372,59.58],[150.372,59.58],[150.373,59.581],[150.373,59.581],[150.372,59.581],[150.372,59.582],[150.371,59.583],[150.372,59.583],[150.372,59.584],[150.374,59.584],[150.375,59.584],[150.376,59.584],[150.377,59.585],[150.377,59.585],[150.378,59.585],[150.382,59.587],[150.384,59.587],[150.384,59.587],[150.385,59.588],[150.387,59.588],[150.389,59.589],[150.391,59.59],[150.393,59.59],[150.393,59.591],[150.394,59.592],[150.395,59.592],[150.396,59.592],[150.398,59.593],[150.401,59.593],[150.403,59.593],[150.405,59.593],[150.406,59.593],[150.409,59.594],[150.411,59.594],[150.413,59.595],[150.415,59.595],[150.417,59.595],[150.417,59.595],[150.418,59.595],[150.419,59.596],[150.419,59.596],[150.42,59.596],[150.42,59.597],[150.421,59.597],[150.422,59.597],[150.423,59.597],[150.423,59.597],[150.423,59.597],[150.423,59.597],[150.423,59.596],[150.423,59.596],[150.422,59.596],[150.422,59.595],[150.422,59.595]]],[[[154.236,59.627],[154.236,59.626],[154.234,59.627],[154.234,59.627],[154.233,59.627],[154.233,59.628],[154.232,59.628],[154.232,59.628],[154.231,59.629],[154.23,59.629],[154.229,59.629],[154.229,59.63],[154.228,59.63],[154.228,59.63],[154.228,59.631],[154.228,59.631],[154.228,59.631],[154.23,59.631],[154.231,59.631],[154.233,59.631],[154.233,59.63],[154.234,59.63],[154.235,59.629],[154.235,59.629],[154.236,59.628],[154.236,59.628],[154.236,59.627],[154.236,59.627]]],[[[154.469,59.983],[154.469,59.983],[154.469,59.982],[154.469,59.982],[154.47,59.982],[154.47,59.981],[154.47,59.981],[154.47,59.981],[154.469,59.98],[154.468,59.98],[154.467,59.979],[154.467,59.979],[154.466,59.98],[154.465,59.98],[154.465,59.98],[154.464,59.981],[154.464,59.981],[154.464,59.982],[154.464,59.982],[154.465,59.982],[154.465,59.983],[154.466,59.983],[154.466,59.983],[154.467,59.983],[154.467,59.983],[154.467,59.983],[154.467,59.984],[154.466,59.984],[154.465,59.985],[154.465,59.985],[154.465,59.986],[154.466,59.986],[154.467,59.986],[154.467,59.985],[154.468,59.985],[154.468,59.984],[154.469,59.984],[154.469,59.984],[154.469,59.983]]],[[[159.895,60.891],[159.888,60.89],[159.882,60.892],[159.873,60.895],[159.874,60.897],[159.876,60.9],[159.878,60.901],[159.884,60.904],[159.89,60.907],[159.896,60.895],[159.895,60.891]]],[[[158.971,66.209],[159.244,66.203],[159.232,66.166],[159.047,66.062],[158.978,65.99],[158.968,65.75],[159.13,65.674],[159.769,65.578],[159.851,65.525],[160.132,65.5],[160.188,65.461],[160.225,65.381],[160.64,65.175],[161.307,65.124],[161.534,65.055],[161.686,65.043],[161.907,64.85],[162.109,64.79],[162.582,64.755],[162.791,64.661],[163.234,64.669],[163.216,64.603],[163.241,64.542],[163.419,64.462],[163.417,64.419],[163.514,64.371],[163.51,64.339],[163.251,64.257],[163.235,64.229],[163.289,64.2],[162.866,64.119],[162.842,64.07],[162.956,63.987],[162.97,63.862],[162.885,63.83],[162.789,63.725],[162.886,63.69],[162.891,63.647],[162.997,63.628],[163.06,63.577],[163.071,63.499],[162.902,63.392],[162.748,63.368],[162.742,63.335],[162.797,63.284],[162.748,63.235],[162.834,63.197],[162.826,63.174],[162.703,63.149],[162.61,63.086],[162.425,63.091],[162.358,63.054],[162.288,62.917],[162.298,62.86],[162.443,62.843],[162.671,62.742],[162.595,62.693],[162.83,62.645],[162.806,62.6],[162.683,62.548],[162.801,62.438],[162.757,62.38],[162.744,62.33],[162.78,62.295],[162.754,62.261],[162.531,62.191],[162.222,62.145],[162.2,62.105],[162.271,62.071],[162.499,62.049],[162.549,61.979],[162.416,61.905],[162.284,61.884],[162.372,61.78],[162.475,61.73],[162.476,61.696],[162.386,61.662],[162.398,61.637],[162.363,61.606],[162.299,61.607],[162.337,61.583],[162.263,61.543],[162.216,61.552],[162.233,61.514],[162.144,61.49],[162.114,61.434],[162.014,61.431],[162.066,61.416],[162.026,61.383],[161.933,61.378],[161.891,61.43],[161.925,61.359],[161.911,61.337],[161.83,61.373],[161.792,61.3],[161.552,61.251],[161.611,61.234],[161.596,61.191],[161.491,61.196],[161.407,61.153],[161.46,61.122],[161.314,61.056],[161.217,61.053],[161.222,61.025],[161.154,60.965],[160.933,60.897],[160.802,60.716],[160.702,60.765],[160.651,60.716],[160.554,60.74],[160.473,60.694],[160.418,60.701],[160.428,60.747],[160.349,60.722],[160.391,60.703],[160.371,60.66],[160.314,60.647],[160.281,60.601],[160.164,60.571],[160.159,60.655],[160.216,60.661],[160.213,60.697],[160.263,60.716],[160.257,60.776],[160.187,60.822],[160.26,60.83],[160.283,60.901],[160.389,60.901],[160.348,60.925],[160.432,60.985],[160.44,61.033],[160.206,61.04],[159.949,60.939],[159.898,60.945],[159.912,60.916],[159.799,60.928],[159.938,61.023],[160.008,61.11],[159.981,61.174],[159.921,61.21],[159.958,61.223],[159.927,61.251],[159.786,61.236],[159.795,61.258],[159.849,61.29],[159.972,61.264],[160.017,61.289],[159.913,61.31],[159.988,61.336],[159.983,61.374],[160.08,61.374],[160.058,61.384],[160.112,61.438],[160.046,61.449],[160.282,61.547],[160.26,61.588],[160.336,61.666],[160.277,61.69],[160.423,61.76],[160.411,61.801],[160.372,61.803],[160.416,61.829],[160.394,61.91],[160.331,61.938],[160.048,61.841],[159.902,61.708],[159.808,61.721],[159.738,61.698],[159.707,61.721],[159.713,61.685],[159.586,61.653],[159.538,61.666],[159.529,61.7],[159.546,61.791],[159.589,61.831],[159.47,61.765],[159.357,61.82],[159.402,61.83],[159.403,61.873],[159.2,61.917],[158.904,61.898],[158.858,61.817],[158.825,61.811],[158.572,61.829],[158.493,61.785],[158.405,61.82],[158.267,61.818],[158.046,61.725],[157.831,61.779],[157.498,61.786],[157.382,61.73],[157.355,61.676],[157.27,61.693],[157.057,61.646],[156.962,61.551],[156.828,61.512],[156.684,61.513],[156.64,61.37],[156.657,61.196],[156.5,61.19],[156.122,61.018],[156.036,60.951],[155.95,60.949],[155.92,60.927],[155.979,60.905],[155.928,60.871],[155.915,60.713],[155.824,60.729],[155.729,60.65],[155.629,60.643],[155.483,60.574],[155.481,60.535],[155.441,60.514],[155.334,60.521],[155.161,60.413],[154.827,60.299],[154.502,60.003],[154.485,59.931],[154.499,60.02],[154.579,60.096],[154.415,60.067],[154.418,60],[154.458,60],[154.487,59.881],[154.43,59.877],[154.376,59.825],[154.416,59.878],[154.404,59.852],[154.473,59.891],[154.223,59.874],[154.23,59.733],[154.372,59.579],[154.292,59.618],[154.281,59.659],[154.229,59.665],[154.147,59.535],[154.051,59.526],[154.126,59.461],[154.301,59.438],[154.347,59.47],[154.345,59.519],[154.393,59.536],[154.414,59.506],[154.378,59.474],[154.426,59.455],[154.405,59.422],[154.533,59.419],[154.543,59.434],[154.457,59.476],[154.451,59.503],[154.487,59.516],[154.412,59.551],[154.547,59.513],[154.647,59.542],[154.79,59.464],[154.972,59.496],[155.086,59.391],[155.211,59.346],[155.195,59.33],[155.219,59.307],[155.155,59.294],[155.202,59.237],[155.136,59.223],[155.193,59.177],[154.824,59.196],[154.791,59.18],[154.806,59.127],[154.677,59.147],[154.536,59.216],[154.332,59.209],[154.362,59.195],[154.329,59.19],[154.355,59.108],[154.332,59.123],[154.28,59.084],[154.168,59.095],[154.042,59.047],[153.939,59.07],[153.84,59.169],[153.686,59.184],[153.724,59.218],[153.774,59.217],[153.775,59.252],[153.639,59.19],[153.495,59.234],[153.376,59.215],[153.446,59.233],[153.373,59.255],[153.35,59.15],[153.314,59.167],[153.268,59.135],[153.35,59.133],[153.309,59.118],[153.353,59.106],[153.338,59.088],[153.016,59.067],[152.947,59.009],[152.906,58.906],[152.819,58.928],[152.729,58.906],[152.659,58.942],[152.548,58.951],[152.518,58.988],[152.409,59.022],[152.435,59.039],[152.353,59.062],[152.349,59.036],[152.397,59.009],[152.163,58.984],[152.136,58.962],[152.144,58.918],[152.068,58.886],[151.841,58.88],[151.683,58.841],[151.474,58.865],[151.344,58.837],[151.362,58.857],[151.251,58.937],[151.238,58.999],[151.103,59.106],[151.219,59.086],[151.369,59.119],[151.432,59.165],[151.651,59.164],[151.751,59.129],[152.081,59.145],[152.198,59.197],[152.311,59.197],[152.324,59.227],[152.173,59.299],[152.141,59.282],[152.139,59.305],[152.012,59.264],[151.899,59.307],[151.735,59.3],[151.717,59.327],[151.771,59.356],[151.694,59.396],[151.678,59.445],[151.594,59.497],[151.517,59.506],[151.409,59.605],[151.292,59.569],[151.349,59.556],[151.141,59.583],[150.916,59.566],[150.891,59.543],[150.945,59.521],[150.912,59.492],[150.961,59.482],[150.939,59.454],[150.76,59.432],[150.742,59.457],[150.779,59.469],[150.749,59.489],[150.5,59.486],[150.76,59.53],[150.773,59.563],[150.574,59.543],[150.459,59.577],[150.459,59.616],[150.313,59.657],[150.293,59.649],[150.331,59.644],[150.144,59.658],[150.007,59.694],[150.154,59.659],[150.029,59.71],[149.727,59.748],[149.553,59.758],[149.395,59.729],[149.451,59.77],[149.048,59.616],[149.1,59.611],[149.112,59.538],[149.214,59.523],[149.227,59.462],[149.099,59.487],[148.932,59.452],[148.861,59.486],[148.926,59.53],[148.874,59.55],[148.768,59.497],[148.743,59.473],[148.76,59.459],[148.719,59.461],[148.717,59.386],[148.743,59.359],[148.812,59.346],[148.898,59.391],[148.902,59.346],[148.941,59.353],[148.919,59.374],[148.987,59.375],[148.925,59.319],[148.963,59.28],[148.929,59.233],[148.844,59.28],[148.793,59.274],[148.771,59.237],[148.724,59.238],[148.732,59.265],[148.711,59.267],[148.575,59.238],[148.417,59.253],[148.443,59.277],[148.408,59.311],[148.4,59.376],[148.292,59.406],[147.873,59.384],[147.759,59.354],[147.848,59.303],[147.798,59.262],[147.633,59.307],[147.539,59.278],[147.544,59.236],[147.296,59.335],[147.165,59.318],[147.093,59.357],[146.964,59.369],[147.196,59.416],[147.2,59.545],[147.279,59.645],[147.257,59.763],[147.195,59.794],[147.247,59.822],[147.231,59.868],[147.114,59.892],[147.107,59.954],[147.027,59.95],[146.906,59.889],[146.859,59.897],[146.746,59.992],[146.81,60.042],[146.773,60.096],[146.573,60.119],[146.471,60.226],[146.353,60.244],[146.215,60.204],[146.081,60.222],[145.937,60.184],[145.621,60.354],[145.694,60.372],[145.664,60.418],[145.599,60.443],[145.632,60.485],[145.727,60.498],[145.726,60.558],[145.946,60.612],[145.993,60.636],[146.021,60.694],[146.157,60.735],[146.227,60.743],[146.427,60.663],[146.533,60.664],[146.583,60.708],[146.531,60.754],[146.553,60.815],[146.534,60.898],[146.579,60.929],[146.739,60.938],[146.807,61.034],[146.786,61.057],[146.844,61.092],[146.851,61.175],[146.747,61.327],[146.78,61.395],[146.671,61.461],[146.659,61.513],[146.69,61.578],[146.531,61.673],[146.535,61.72],[146.245,61.906],[145.976,61.993],[145.831,62.005],[145.773,62.067],[145.715,62.045],[145.733,61.989],[145.573,61.919],[145.492,61.92],[145.528,61.971],[145.46,61.962],[145.421,61.993],[145.367,61.998],[145.295,61.946],[145.116,61.996],[145.038,62.055],[144.838,62.036],[144.782,62.062],[144.777,62.102],[144.921,62.16],[144.976,62.148],[145.038,62.175],[145.061,62.22],[145.154,62.226],[145.196,62.281],[145.171,62.359],[145.25,62.433],[145.189,62.48],[145.3,62.53],[145.338,62.511],[145.486,62.553],[145.414,62.593],[145.46,62.644],[145.423,62.653],[145.479,62.699],[145.392,62.726],[145.381,62.766],[145.467,62.829],[145.449,62.951],[145.255,63.022],[145.322,63.059],[145.321,63.104],[145.231,63.16],[145.271,63.218],[145.401,63.294],[145.388,63.339],[145.473,63.425],[145.453,63.477],[145.603,63.568],[145.615,63.627],[145.673,63.673],[145.626,63.793],[145.654,63.836],[146.137,63.925],[146.258,63.999],[146.357,64.154],[146.415,64.174],[146.583,64.139],[146.89,64.16],[147.225,64.047],[147.336,64.044],[147.366,64.104],[147.469,64.091],[147.645,64.141],[147.705,64.114],[147.635,64.029],[147.803,63.971],[147.767,63.935],[147.942,63.921],[148.041,63.936],[148.029,63.997],[148.071,64.048],[148.301,64.204],[148.086,64.323],[148.049,64.403],[148.369,64.529],[148.484,64.504],[148.502,64.448],[148.65,64.415],[148.765,64.449],[148.882,64.406],[148.927,64.452],[149.07,64.433],[149.18,64.382],[149.315,64.376],[149.292,64.421],[149.409,64.398],[149.756,64.51],[149.805,64.553],[149.945,64.544],[149.944,64.505],[150.103,64.467],[150.097,64.43],[149.998,64.392],[150.038,64.355],[150.022,64.299],[150.176,64.243],[150.213,64.192],[150.358,64.201],[150.51,64.159],[150.619,64.157],[150.606,64.295],[150.664,64.335],[151.044,64.32],[151.299,64.368],[151.41,64.306],[151.485,64.317],[151.536,64.35],[151.538,64.394],[151.594,64.422],[151.909,64.466],[152.099,64.43],[152.041,64.368],[152.11,64.35],[152.356,64.376],[152.402,64.425],[152.289,64.501],[152.319,64.527],[152.454,64.538],[152.552,64.618],[152.751,64.668],[152.797,64.715],[152.778,64.743],[152.624,64.778],[152.494,64.997],[152.622,65.028],[152.634,65.136],[152.717,65.182],[152.716,65.215],[152.992,65.275],[153.24,65.265],[153.241,65.302],[153.303,65.329],[153.418,65.329],[153.502,65.378],[153.521,65.426],[153.406,65.469],[153.434,65.524],[153.587,65.602],[153.55,65.637],[153.602,65.697],[153.592,65.718],[153.521,65.729],[153.551,65.816],[153.775,65.868],[154.088,65.874],[154.142,65.847],[154.122,65.791],[154.251,65.794],[154.432,65.906],[154.41,65.948],[154.441,65.98],[154.312,66.028],[154.284,66.073],[154.458,66.117],[154.463,66.164],[154.618,66.203],[154.708,66.193],[154.875,66.16],[154.92,66.108],[155.235,66.185],[155.296,66.137],[155.519,66.151],[155.734,66.124],[155.906,66.169],[155.958,66.101],[156.09,66.058],[156.423,66.041],[156.526,66.069],[156.548,66.126],[156.687,66.19],[156.731,66.183],[156.765,66.103],[157.015,66.036],[157.027,65.994],[156.949,65.966],[157.252,65.896],[157.441,65.899],[157.486,65.924],[157.464,65.963],[157.489,65.98],[157.609,66.012],[157.725,66.089],[158.146,66.141],[158.284,66.127],[158.356,66.072],[158.558,66.073],[158.617,66.1],[158.459,66.224],[158.575,66.318],[158.709,66.313],[158.746,66.266],[158.971,66.209]]]]}},{"type":"Feature","properties":{"id":"42","name":"Mariy-El"},"geometry":{"type":"Polygon","coordinates":[[[49.234,57.139],[49.273,57.064],[49.321,57.044],[49.626,57.103],[49.768,57.061],[49.753,57.026],[49.795,56.987],[49.754,56.913],[50.098,56.865],[50.14,56.797],[50.078,56.638],[50.206,56.606],[50.207,56.56],[50.092,56.536],[50.067,56.485],[50.021,56.467],[49.96,56.502],[49.836,56.455],[49.793,56.49],[49.841,56.531],[49.761,56.556],[49.614,56.526],[49.556,56.456],[49.442,56.465],[49.375,56.389],[49.121,56.422],[49.04,56.401],[48.904,56.301],[48.93,56.259],[49.084,56.257],[49.073,56.227],[48.993,56.164],[48.893,56.165],[48.814,56.078],[48.69,56.099],[48.601,55.971],[48.418,55.9],[48.434,55.836],[48.03,55.957],[47.913,56.129],[47.611,56.157],[47.499,56.193],[47.415,56.286],[47.414,56.32],[47.353,56.348],[47.186,56.339],[46.821,56.201],[46.722,56.134],[46.532,56.162],[46.153,56.021],[46.097,56.095],[46.099,56.176],[45.873,56.269],[45.972,56.34],[45.961,56.405],[45.812,56.464],[45.635,56.472],[45.638,56.523],[45.708,56.618],[45.925,56.66],[45.892,56.786],[45.908,56.843],[46.01,56.883],[46.271,56.909],[46.319,56.965],[46.574,56.936],[46.652,56.948],[46.704,56.998],[46.797,56.946],[47.123,56.937],[47.18,56.896],[47.156,56.85],[47.451,56.892],[47.51,56.866],[47.536,56.88],[47.527,56.928],[47.76,57.08],[47.879,57.019],[48.065,57.025],[48.169,57.045],[48.173,57.096],[48.249,57.111],[48.284,57.173],[48.382,57.173],[48.446,57.131],[48.55,57.194],[48.673,57.166],[48.802,57.199],[48.867,57.175],[48.822,57.137],[48.855,57.101],[48.98,57.109],[48.998,57.175],[49.079,57.212],[49.03,57.293],[49.139,57.34],[49.245,57.322],[49.243,57.285],[49.186,57.25],[49.188,57.192],[49.234,57.139]]]}},{"type":"Feature","properties":{"id":"43","name":"Mordovia"},"geometry":{"type":"Polygon","coordinates":[[[45.745,54.993],[45.976,54.994],[46.113,55.053],[46.14,54.987],[46.176,54.988],[46.251,55.083],[46.305,55.068],[46.341,55.019],[46.285,54.994],[46.276,54.959],[46.417,54.891],[46.482,54.719],[46.547,54.661],[46.554,54.624],[46.454,54.576],[46.552,54.568],[46.575,54.519],[46.494,54.491],[46.646,54.495],[46.565,54.421],[46.696,54.399],[46.703,54.333],[46.37,54.2],[46.007,54.137],[45.784,53.927],[45.564,53.922],[45.34,53.878],[45.291,53.895],[45.265,53.962],[45.103,53.941],[44.946,53.965],[44.699,53.898],[44.639,53.831],[44.774,53.699],[44.598,53.661],[44.542,53.701],[44.384,53.678],[44.15,53.704],[44.002,53.761],[43.98,53.854],[43.931,53.892],[43.66,53.946],[43.618,53.991],[43.466,53.958],[43.268,54.01],[43.191,53.935],[43.186,53.907],[43.253,53.863],[43.211,53.81],[42.764,53.809],[42.626,53.761],[42.57,53.823],[42.505,53.785],[42.5,53.754],[42.539,53.724],[42.523,53.713],[42.353,53.804],[42.401,53.867],[42.525,53.934],[42.284,54.065],[42.334,54.113],[42.376,54.097],[42.356,54.066],[42.388,54.054],[42.464,54.087],[42.556,54.051],[42.577,54.071],[42.537,54.108],[42.603,54.131],[42.723,54.114],[42.722,54.163],[42.619,54.196],[42.537,54.178],[42.482,54.227],[42.383,54.199],[42.408,54.173],[42.298,54.143],[42.258,54.153],[42.199,54.233],[42.299,54.209],[42.462,54.26],[42.508,54.286],[42.525,54.336],[42.662,54.35],[42.619,54.4],[42.552,54.414],[42.588,54.484],[42.651,54.463],[42.672,54.488],[42.651,54.521],[42.734,54.553],[42.661,54.581],[42.648,54.663],[42.6,54.642],[42.539,54.686],[42.509,54.665],[42.348,54.782],[42.404,54.815],[42.469,54.81],[42.459,54.833],[42.609,54.764],[42.748,54.808],[42.785,54.807],[42.836,54.751],[42.909,54.75],[43.03,54.802],[43.125,54.765],[43.168,54.854],[43.314,54.896],[43.331,54.933],[43.407,54.941],[43.518,54.908],[43.63,54.928],[43.601,54.856],[43.623,54.831],[43.973,54.789],[43.967,54.737],[44.121,54.732],[44.153,54.713],[44.133,54.658],[44.257,54.59],[44.384,54.587],[44.549,54.515],[44.629,54.558],[44.699,54.533],[44.637,54.459],[44.858,54.505],[44.938,54.469],[45.078,54.49],[45.152,54.471],[45.184,54.505],[45.033,54.594],[45.122,54.658],[45.096,54.754],[45.121,54.777],[45.18,54.794],[45.223,54.748],[45.291,54.867],[45.475,54.906],[45.445,55.044],[45.648,55.163],[45.789,55.162],[45.775,55.078],[45.725,55.011],[45.745,54.993]]]}},{"type":"Feature","properties":{"id":"44","name":"Moscow City"},"geometry":{"type":"MultiPolygon","coordinates":[[[[37.248,55.589],[37.248,55.589],[37.248,55.588],[37.248,55.588],[37.248,55.588],[37.248,55.587],[37.248,55.587],[37.247,55.587],[37.247,55.587],[37.245,55.586],[37.245,55.586],[37.244,55.586],[37.244,55.586],[37.244,55.586],[37.243,55.586],[37.242,55.587],[37.239,55.588],[37.238,55.589],[37.238,55.589],[37.237,55.589],[37.236,55.589],[37.233,55.589],[37.228,55.589],[37.227,55.589],[37.227,55.589],[37.226,55.589],[37.226,55.588],[37.224,55.588],[37.224,55.588],[37.224,55.588],[37.223,55.588],[37.223,55.588],[37.222,55.588],[37.222,55.588],[37.222,55.588],[37.221,55.588],[37.221,55.589],[37.221,55.589],[37.22,55.59],[37.22,55.59],[37.221,55.59],[37.221,55.591],[37.221,55.591],[37.224,55.592],[37.225,55.592],[37.226,55.593],[37.227,55.594],[37.228,55.595],[37.228,55.595],[37.229,55.597],[37.229,55.597],[37.229,55.597],[37.23,55.597],[37.231,55.598],[37.231,55.598],[37.232,55.598],[37.232,55.599],[37.233,55.599],[37.233,55.6],[37.233,55.6],[37.234,55.6],[37.236,55.601],[37.237,55.601],[37.237,55.601],[37.24,55.601],[37.24,55.601],[37.241,55.601],[37.243,55.602],[37.244,55.602],[37.245,55.602],[37.246,55.602],[37.246,55.602],[37.247,55.602],[37.247,55.602],[37.248,55.602],[37.249,55.601],[37.25,55.601],[37.25,55.6],[37.251,55.6],[37.252,55.599],[37.252,55.599],[37.252,55.599],[37.254,55.599],[37.255,55.599],[37.256,55.598],[37.257,55.598],[37.257,55.597],[37.257,55.597],[37.258,55.597],[37.258,55.596],[37.258,55.596],[37.258,55.595],[37.258,55.595],[37.258,55.594],[37.258,55.593],[37.258,55.593],[37.257,55.592],[37.255,55.59],[37.254,55.59],[37.254,55.589],[37.253,55.589],[37.252,55.589],[37.25,55.589],[37.249,55.589],[37.249,55.589],[37.248,55.589],[37.248,55.589]]],[[[37.342,55.6],[37.347,55.582],[37.268,55.567],[37.287,55.6],[37.342,55.6]]],[[[37.908,55.808],[37.933,55.804],[37.879,55.801],[37.908,55.808]]],[[[37.61,55.942],[37.595,55.897],[37.762,55.872],[37.873,55.812],[37.879,55.732],[37.985,55.708],[37.895,55.684],[37.896,55.661],[37.865,55.673],[37.874,55.642],[37.766,55.574],[37.633,55.559],[37.618,55.479],[37.61,55.501],[37.563,55.484],[37.57,55.501],[37.509,55.51],[37.584,55.539],[37.584,55.564],[37.469,55.643],[37.442,55.613],[37.361,55.623],[37.45,55.665],[37.415,55.696],[37.401,55.769],[37.348,55.751],[37.427,55.814],[37.384,55.805],[37.373,55.844],[37.44,55.854],[37.405,55.867],[37.409,55.907],[37.365,55.919],[37.386,55.924],[37.369,55.94],[37.451,55.94],[37.422,55.896],[37.457,55.861],[37.569,55.894],[37.552,55.929],[37.61,55.942]]],[[[37.465,55.97],[37.502,55.964],[37.392,55.947],[37.465,55.97]]],[[[37.235,56.003],[37.297,55.954],[37.179,55.946],[37.163,56.002],[37.235,56.003]]]]}},{"type":"Feature","properties":{"id":"45","name":"Moskva"},"geometry":{"type":"Polygon","coordinates":[[[37.769,56.942],[37.838,56.89],[38.02,56.849],[38.094,56.744],[38.294,56.771],[38.433,56.689],[38.351,56.678],[38.385,56.636],[38.373,56.59],[38.409,56.561],[38.321,56.516],[38.382,56.5],[38.347,56.481],[38.385,56.441],[38.44,56.444],[38.441,56.385],[38.49,56.375],[38.453,56.357],[38.453,56.307],[38.479,56.298],[38.44,56.252],[38.514,56.192],[38.565,56.198],[38.539,56.166],[38.588,56.054],[38.656,56.002],[38.613,55.987],[38.63,55.971],[38.76,55.97],[38.865,55.913],[39.08,55.933],[39.053,55.916],[39.101,55.923],[39.074,55.895],[39.144,55.837],[39.298,55.826],[39.367,55.849],[39.33,55.82],[39.363,55.758],[39.502,55.761],[39.519,55.73],[39.556,55.74],[39.56,55.774],[39.689,55.778],[39.775,55.826],[39.926,55.816],[39.946,55.72],[40.115,55.642],[40.085,55.625],[40.118,55.586],[40.077,55.563],[40.079,55.508],[40.189,55.509],[40.222,55.479],[40.219,55.443],[40.182,55.444],[40.168,55.401],[40.246,55.313],[40.204,55.31],[40.22,55.297],[40.174,55.249],[40.013,55.189],[39.815,55.174],[39.747,55.103],[39.835,55.12],[39.881,55.096],[39.825,54.991],[39.637,55.01],[39.617,54.962],[39.554,54.962],[39.473,54.912],[39.483,54.88],[39.409,54.84],[39.419,54.801],[39.338,54.736],[39.387,54.727],[39.253,54.686],[39.272,54.652],[39.25,54.619],[39.178,54.635],[38.993,54.58],[38.948,54.608],[38.848,54.587],[38.854,54.546],[38.821,54.517],[38.872,54.509],[38.816,54.451],[38.991,54.408],[38.997,54.372],[38.946,54.363],[38.927,54.323],[38.893,54.357],[38.844,54.358],[38.812,54.312],[38.741,54.325],[38.733,54.243],[38.685,54.228],[38.496,54.276],[38.477,54.316],[38.526,54.346],[38.443,54.397],[38.455,54.418],[38.416,54.441],[38.429,54.474],[38.387,54.518],[38.479,54.528],[38.516,54.594],[38.488,54.629],[38.415,54.615],[38.314,54.644],[38.265,54.616],[38.137,54.69],[38.061,54.702],[38.074,54.74],[37.966,54.831],[37.797,54.812],[37.815,54.79],[37.797,54.725],[37.719,54.693],[37.57,54.702],[37.54,54.719],[37.548,54.765],[37.48,54.81],[37.326,54.803],[37.233,54.829],[37.204,54.843],[37.231,54.9],[37.21,54.943],[37.118,55.032],[37.155,55.041],[37.153,55.077],[37.088,55.091],[37.09,55.122],[37.134,55.132],[37.019,55.159],[36.976,55.22],[36.896,55.204],[36.87,55.171],[36.819,55.176],[36.794,55.224],[36.641,55.227],[36.637,55.296],[36.609,55.31],[36.551,55.272],[36.427,55.274],[36.413,55.227],[36.377,55.229],[36.313,55.146],[36.211,55.166],[36.171,55.145],[36.14,55.176],[36.053,55.17],[35.99,55.21],[35.874,55.202],[35.778,55.262],[35.648,55.253],[35.531,55.192],[35.425,55.195],[35.286,55.287],[35.341,55.394],[35.315,55.434],[35.35,55.491],[35.318,55.538],[35.413,55.561],[35.34,55.631],[35.356,55.661],[35.323,55.701],[35.36,55.707],[35.346,55.758],[35.298,55.764],[35.232,55.869],[35.151,55.923],[35.243,56.01],[35.319,56.024],[35.347,56.06],[35.289,56.084],[35.365,56.143],[35.32,56.195],[35.509,56.227],[35.472,56.277],[35.5,56.284],[35.487,56.338],[35.522,56.355],[35.421,56.351],[35.454,56.397],[35.432,56.426],[35.508,56.399],[35.54,56.44],[35.565,56.424],[35.622,56.447],[35.632,56.425],[35.68,56.46],[35.763,56.433],[35.749,56.377],[35.778,56.364],[35.835,56.382],[36.065,56.35],[36.104,56.314],[36.113,56.362],[36.158,56.392],[36.253,56.382],[36.448,56.464],[36.542,56.452],[36.563,56.479],[36.833,56.554],[36.827,56.575],[37.125,56.522],[37.121,56.627],[37.158,56.657],[37.148,56.705],[37.095,56.734],[37.221,56.774],[37.366,56.743],[37.457,56.779],[37.512,56.764],[37.586,56.819],[37.58,56.893],[37.769,56.942]],[[37.217,56.006],[37.163,56.002],[37.179,55.946],[37.297,55.954],[37.281,55.987],[37.217,56.006]],[[37.448,55.977],[37.392,55.947],[37.502,55.964],[37.448,55.977]],[[37.603,55.944],[37.552,55.929],[37.569,55.894],[37.457,55.861],[37.422,55.896],[37.451,55.94],[37.369,55.94],[37.386,55.924],[37.365,55.919],[37.409,55.907],[37.405,55.867],[37.44,55.854],[37.373,55.844],[37.384,55.805],[37.427,55.814],[37.348,55.751],[37.401,55.769],[37.415,55.696],[37.45,55.665],[37.361,55.623],[37.442,55.613],[37.469,55.643],[37.584,55.564],[37.584,55.539],[37.509,55.51],[37.57,55.501],[37.563,55.484],[37.61,55.501],[37.618,55.479],[37.633,55.559],[37.766,55.574],[37.874,55.642],[37.865,55.673],[37.896,55.661],[37.895,55.684],[37.985,55.708],[37.879,55.732],[37.873,55.812],[37.762,55.872],[37.595,55.897],[37.603,55.944]],[[37.89,55.794],[37.89,55.794],[37.891,55.794],[37.891,55.794],[37.892,55.795],[37.894,55.796],[37.894,55.796],[37.894,55.796],[37.895,55.796],[37.895,55.796],[37.895,55.796],[37.896,55.796],[37.896,55.795],[37.897,55.795],[37.897,55.795],[37.898,55.796],[37.899,55.796],[37.9,55.796],[37.901,55.797],[37.902,55.797],[37.902,55.797],[37.903,55.797],[37.903,55.797],[37.903,55.797],[37.904,55.796],[37.904,55.795],[37.905,55.795],[37.905,55.795],[37.905,55.794],[37.906,55.794],[37.906,55.795],[37.906,55.795],[37.906,55.795],[37.906,55.796],[37.906,55.796],[37.907,55.796],[37.907,55.797],[37.907,55.797],[37.907,55.797],[37.908,55.798],[37.908,55.799],[37.908,55.799],[37.909,55.799],[37.911,55.799],[37.911,55.799],[37.912,55.799],[37.912,55.8],[37.913,55.8],[37.913,55.801],[37.913,55.801],[37.914,55.801],[37.914,55.802],[37.915,55.802],[37.915,55.802],[37.915,55.802],[37.916,55.803],[37.916,55.803],[37.916,55.804],[37.917,55.804],[37.919,55.805],[37.92,55.805],[37.92,55.805],[37.921,55.805],[37.921,55.805],[37.922,55.805],[37.922,55.805],[37.927,55.803],[37.928,55.802],[37.928,55.802],[37.928,55.802],[37.929,55.802],[37.93,55.802],[37.93,55.802],[37.931,55.802],[37.931,55.803],[37.932,55.803],[37.932,55.803],[37.932,55.803],[37.933,55.804],[37.933,55.804],[37.933,55.805],[37.932,55.805],[37.932,55.805],[37.932,55.805],[37.931,55.806],[37.93,55.806],[37.924,55.807],[37.923,55.807],[37.921,55.808],[37.92,55.808],[37.918,55.809],[37.917,55.809],[37.917,55.809],[37.916,55.809],[37.916,55.808],[37.915,55.808],[37.915,55.808],[37.914,55.808],[37.914,55.808],[37.913,55.808],[37.913,55.808],[37.913,55.808],[37.912,55.808],[37.912,55.808],[37.912,55.809],[37.911,55.809],[37.911,55.809],[37.909,55.808],[37.908,55.808],[37.908,55.808],[37.908,55.808],[37.908,55.808],[37.907,55.809],[37.906,55.811],[37.906,55.811],[37.906,55.812],[37.907,55.812],[37.907,55.812],[37.908,55.812],[37.909,55.813],[37.909,55.813],[37.909,55.813],[37.909,55.813],[37.908,55.813],[37.908,55.813],[37.908,55.813],[37.907,55.813],[37.907,55.813],[37.906,55.813],[37.904,55.812],[37.903,55.812],[37.903,55.812],[37.903,55.812],[37.903,55.812],[37.903,55.811],[37.903,55.811],[37.903,55.81],[37.903,55.81],[37.903,55.81],[37.903,55.81],[37.902,55.81],[37.895,55.808],[37.895,55.808],[37.893,55.808],[37.892,55.808],[37.892,55.808],[37.892,55.807],[37.891,55.806],[37.891,55.806],[37.89,55.806],[37.889,55.805],[37.886,55.804],[37.884,55.804],[37.88,55.802],[37.88,55.801],[37.879,55.801],[37.879,55.801],[37.879,55.801],[37.879,55.801],[37.88,55.8],[37.882,55.799],[37.887,55.795],[37.888,55.795],[37.889,55.794],[37.89,55.794],[37.89,55.794]],[[37.299,55.569],[37.347,55.599],[37.281,55.597],[37.268,55.567],[37.299,55.569]],[[37.247,55.602],[37.247,55.602],[37.246,55.602],[37.246,55.602],[37.245,55.602],[37.244,55.602],[37.243,55.602],[37.241,55.601],[37.24,55.601],[37.24,55.601],[37.237,55.601],[37.237,55.601],[37.236,55.601],[37.234,55.6],[37.233,55.6],[37.233,55.6],[37.233,55.599],[37.232,55.599],[37.232,55.598],[37.231,55.598],[37.231,55.598],[37.23,55.597],[37.229,55.597],[37.229,55.597],[37.229,55.597],[37.228,55.595],[37.228,55.595],[37.227,55.594],[37.226,55.593],[37.225,55.592],[37.224,55.592],[37.221,55.591],[37.221,55.591],[37.221,55.59],[37.22,55.59],[37.22,55.59],[37.221,55.589],[37.221,55.589],[37.221,55.588],[37.222,55.588],[37.222,55.588],[37.222,55.588],[37.223,55.588],[37.223,55.588],[37.224,55.588],[37.224,55.588],[37.224,55.588],[37.226,55.588],[37.226,55.589],[37.227,55.589],[37.227,55.589],[37.228,55.589],[37.233,55.589],[37.236,55.589],[37.237,55.589],[37.238,55.589],[37.238,55.589],[37.239,55.588],[37.242,55.587],[37.243,55.586],[37.244,55.586],[37.244,55.586],[37.244,55.586],[37.245,55.586],[37.245,55.586],[37.247,55.587],[37.247,55.587],[37.248,55.587],[37.248,55.587],[37.248,55.588],[37.248,55.588],[37.248,55.588],[37.248,55.589],[37.248,55.589],[37.248,55.589],[37.249,55.589],[37.249,55.589],[37.25,55.589],[37.252,55.589],[37.253,55.589],[37.254,55.589],[37.254,55.59],[37.255,55.59],[37.257,55.592],[37.258,55.593],[37.258,55.593],[37.258,55.594],[37.258,55.595],[37.258,55.595],[37.258,55.596],[37.258,55.596],[37.258,55.597],[37.257,55.597],[37.257,55.597],[37.257,55.598],[37.256,55.598],[37.255,55.599],[37.254,55.599],[37.252,55.599],[37.252,55.599],[37.252,55.599],[37.251,55.6],[37.25,55.6],[37.25,55.601],[37.249,55.601],[37.248,55.602],[37.247,55.602]]]}},{"type":"Feature","properties":{"id":"46","name":"Murmansk"},"geometry":{"type":"MultiPolygon","coordinates":[[[[40.7,66.487],[40.684,66.483],[40.678,66.483],[40.689,66.493],[40.692,66.493],[40.7,66.493],[40.702,66.491],[40.7,66.487]]],[[[34.357,66.611],[34.335,66.614],[34.38,66.618],[34.357,66.611]]],[[[33.013,66.707],[32.99,66.702],[32.985,66.703],[32.988,66.707],[33.005,66.714],[33.016,66.712],[33.018,66.71],[33.013,66.707]]],[[[32.915,66.709],[32.893,66.707],[32.887,66.708],[32.907,66.714],[32.914,66.71],[32.915,66.709]]],[[[32.938,66.772],[32.931,66.77],[32.924,66.775],[32.91,66.778],[32.906,66.78],[32.909,66.781],[32.918,66.784],[32.927,66.784],[32.942,66.779],[32.946,66.775],[32.942,66.773],[32.938,66.772]]],[[[32.678,66.991],[32.669,66.99],[32.656,66.998],[32.657,67.002],[32.667,67.003],[32.682,66.993],[32.678,66.991]]],[[[32.634,67.018],[32.63,67.017],[32.621,67.018],[32.615,67.02],[32.611,67.027],[32.62,67.032],[32.636,67.024],[32.638,67.02],[32.634,67.018]]],[[[32.564,67.027],[32.585,66.997],[32.532,67.024],[32.564,67.027]]],[[[32.592,67.04],[32.589,67.038],[32.558,67.04],[32.559,67.047],[32.564,67.048],[32.593,67.046],[32.597,67.043],[32.592,67.04]]],[[[32.716,67.066],[32.711,67.066],[32.703,67.069],[32.68,67.073],[32.677,67.076],[32.677,67.08],[32.696,67.087],[32.701,67.087],[32.706,67.076],[32.716,67.066]]],[[[32.064,67.105],[32.103,67.1],[32.115,67.1],[32.145,67.101],[32.154,67.102],[32.162,67.101],[32.166,67.097],[32.163,67.096],[32.147,67.088],[32.146,67.088],[32.117,67.088],[32.097,67.088],[32.092,67.089],[32.093,67.09],[32.101,67.093],[32.099,67.093],[32.08,67.096],[32.067,67.094],[32.061,67.094],[32.058,67.102],[32.064,67.105]]],[[[32.427,67.073],[32.329,67.103],[32.45,67.082],[32.427,67.073]]],[[[41.391,67.104],[41.39,67.104],[41.389,67.107],[41.387,67.111],[41.391,67.115],[41.4,67.114],[41.404,67.111],[41.402,67.106],[41.391,67.104]]],[[[32.303,67.119],[32.308,67.113],[32.297,67.113],[32.286,67.119],[32.288,67.122],[32.298,67.122],[32.303,67.119]]],[[[40.534,67.817],[40.549,67.794],[40.466,67.817],[40.534,67.817]]],[[[39.621,68.057],[39.621,68.053],[39.595,68.06],[39.59,68.063],[39.589,68.067],[39.615,68.06],[39.617,68.06],[39.621,68.057]]],[[[39.521,68.073],[39.516,68.072],[39.484,68.081],[39.469,68.083],[39.459,68.087],[39.461,68.09],[39.472,68.09],[39.472,68.09],[39.488,68.087],[39.521,68.073]]],[[[38.526,68.348],[38.584,68.336],[38.544,68.317],[38.503,68.34],[38.526,68.348]]],[[[38.485,68.351],[38.439,68.368],[38.469,68.386],[38.504,68.362],[38.485,68.351]]],[[[37.74,68.693],[37.723,68.688],[37.715,68.69],[37.713,68.694],[37.723,68.695],[37.729,68.699],[37.737,68.7],[37.746,68.697],[37.74,68.693]]],[[[37.526,68.763],[37.524,68.76],[37.503,68.761],[37.485,68.764],[37.466,68.775],[37.47,68.777],[37.479,68.775],[37.481,68.775],[37.5,68.768],[37.526,68.763]]],[[[37.334,68.818],[37.365,68.805],[37.307,68.811],[37.334,68.818]]],[[[36.424,69.059],[36.398,69.057],[36.369,69.06],[36.349,69.064],[36.337,69.069],[36.335,69.073],[36.341,69.077],[36.35,69.078],[36.353,69.076],[36.359,69.073],[36.368,69.07],[36.395,69.068],[36.407,69.064],[36.424,69.062],[36.424,69.059]]],[[[34.805,69.241],[34.74,69.238],[34.665,69.246],[34.659,69.25],[34.664,69.253],[34.672,69.254],[34.692,69.255],[34.753,69.251],[34.781,69.248],[34.789,69.248],[34.804,69.245],[34.808,69.242],[34.805,69.241]]],[[[33.475,69.297],[33.453,69.293],[33.437,69.293],[33.434,69.296],[33.439,69.3],[33.464,69.307],[33.47,69.309],[33.478,69.306],[33.48,69.299],[33.475,69.297]]],[[[34.054,69.382],[34.189,69.377],[34.394,69.315],[34.175,69.303],[33.975,69.337],[34.054,69.382]]],[[[33.209,69.413],[33.18,69.41],[33.166,69.411],[33.159,69.416],[33.163,69.418],[33.207,69.419],[33.214,69.415],[33.209,69.413]]],[[[33.017,69.374],[32.982,69.379],[33.154,69.431],[33.017,69.374]]],[[[32.943,69.457],[32.925,69.453],[32.916,69.453],[32.915,69.456],[32.926,69.462],[32.928,69.462],[32.936,69.463],[32.949,69.458],[32.943,69.457]]],[[[32.651,69.471],[32.637,69.467],[32.63,69.468],[32.63,69.471],[32.63,69.471],[32.649,69.478],[32.659,69.477],[32.651,69.471]]],[[[31.59,69.83],[31.584,69.828],[31.577,69.829],[31.56,69.837],[31.552,69.841],[31.561,69.845],[31.564,69.846],[31.574,69.848],[31.581,69.847],[31.587,69.847],[31.595,69.833],[31.59,69.83]]],[[[31.972,69.928],[32.191,69.922],[32.524,69.826],[32.512,69.792],[32.927,69.774],[33.116,69.725],[33.091,69.644],[32.852,69.563],[32.442,69.627],[32.195,69.629],[32.165,69.66],[32.205,69.695],[32.111,69.741],[32.094,69.731],[32.153,69.705],[32.106,69.652],[31.963,69.629],[32.06,69.597],[32.015,69.546],[32.139,69.592],[32.416,69.558],[32.447,69.546],[32.404,69.516],[32.522,69.498],[32.211,69.414],[32.427,69.429],[32.454,69.467],[32.546,69.485],[32.601,69.479],[32.583,69.446],[32.611,69.428],[32.716,69.474],[32.891,69.456],[32.819,69.414],[32.811,69.374],[32.912,69.442],[33.075,69.45],[32.905,69.379],[32.93,69.366],[32.88,69.327],[32.813,69.325],[32.843,69.318],[32.83,69.29],[32.893,69.288],[32.978,69.362],[33.305,69.423],[33.503,69.392],[33.396,69.35],[33.483,69.343],[33.373,69.288],[33.396,69.28],[33.254,69.282],[33.308,69.27],[33.225,69.251],[33.515,69.249],[33.282,69.217],[33.41,69.215],[33.399,69.183],[33.433,69.209],[33.489,69.202],[33.512,69.189],[33.488,69.15],[33.351,69.097],[33.048,69.05],[33.277,69.051],[33.464,69.08],[33.456,69.111],[33.536,69.146],[33.577,69.127],[33.585,69.188],[33.639,69.179],[33.569,69.206],[33.564,69.233],[33.619,69.263],[33.553,69.254],[33.565,69.29],[33.609,69.298],[33.742,69.298],[33.694,69.274],[33.737,69.265],[33.805,69.289],[33.853,69.25],[33.874,69.256],[33.826,69.303],[34.395,69.292],[34.367,69.261],[34.897,69.216],[34.914,69.19],[34.98,69.209],[34.935,69.16],[35.015,69.206],[35.114,69.199],[35.149,69.121],[35.177,69.17],[35.154,69.178],[35.276,69.194],[35.158,69.241],[35.701,69.191],[35.798,69.156],[35.743,69.113],[35.779,69.029],[35.727,69.006],[35.789,69.022],[35.808,69.079],[35.768,69.103],[35.825,69.152],[35.819,69.183],[36.023,69.124],[36.046,69.083],[36.06,69.136],[36.099,69.11],[36.285,69.097],[36.318,69.074],[36.249,69.079],[36.351,69.036],[36.373,69.051],[36.726,68.969],[36.701,68.959],[37.186,68.836],[37.435,68.736],[37.54,68.728],[37.569,68.718],[37.562,68.688],[37.59,68.71],[37.797,68.644],[37.749,68.626],[37.986,68.564],[38.094,68.476],[38.165,68.474],[38.221,68.424],[38.332,68.414],[38.365,68.393],[38.363,68.357],[38.386,68.382],[38.414,68.365],[38.41,68.306],[38.444,68.291],[38.43,68.324],[38.454,68.346],[38.754,68.238],[38.787,68.248],[38.586,68.314],[38.644,68.368],[38.782,68.3],[38.975,68.271],[38.903,68.269],[39.045,68.22],[39.074,68.175],[39.164,68.189],[39.655,68.01],[39.62,68.041],[39.845,68.033],[39.744,68.159],[39.775,68.154],[39.917,68.065],[39.984,67.986],[40.035,67.992],[40.263,67.915],[40.221,67.88],[40.289,67.899],[40.295,67.878],[40.391,67.881],[40.412,67.854],[40.384,67.83],[40.279,67.837],[40.492,67.737],[40.471,67.718],[40.546,67.721],[40.53,67.739],[40.578,67.761],[40.559,67.792],[40.653,67.798],[40.779,67.722],[40.965,67.703],[41.042,67.625],[40.977,67.554],[41.01,67.508],[40.951,67.442],[41.015,67.455],[41.113,67.405],[41.075,67.256],[41.246,67.198],[41.268,67.207],[41.254,67.224],[41.31,67.218],[41.342,67.197],[41.293,67.142],[41.381,67.113],[41.324,67.078],[41.337,66.981],[41.255,66.978],[41.289,66.946],[41.23,66.892],[41.201,66.818],[40.71,66.577],[40.691,66.528],[40.595,66.509],[40.577,66.463],[40.469,66.41],[40.3,66.383],[39.994,66.251],[39.466,66.181],[39.107,66.093],[38.895,66.097],[38.534,66.049],[38.28,66.045],[37.736,66.099],[36.877,66.276],[36.537,66.279],[35.478,66.389],[35.343,66.424],[35.326,66.463],[35.211,66.464],[34.925,66.584],[34.829,66.598],[34.484,66.537],[34.398,66.585],[34.388,66.618],[34.51,66.63],[34.396,66.647],[34.378,66.685],[34.354,66.657],[34.248,66.664],[34.258,66.687],[34.111,66.675],[34.196,66.742],[34.177,66.782],[34.135,66.7],[34.096,66.708],[34.11,66.693],[34.078,66.68],[34.053,66.738],[34.048,66.688],[33.933,66.684],[33.908,66.729],[33.868,66.699],[33.823,66.737],[33.843,66.762],[33.776,66.753],[33.706,66.816],[33.66,66.801],[33.621,66.845],[33.625,66.788],[33.548,66.819],[33.644,66.739],[33.537,66.759],[33.636,66.706],[33.517,66.713],[32.99,66.898],[32.787,67.027],[32.791,67.055],[32.963,67.087],[32.762,67.075],[32.617,67.119],[32.437,67.117],[32.36,67.154],[32.278,67.127],[32.153,67.138],[32.112,67.104],[31.854,67.129],[32.124,67.081],[32.196,67.096],[32.166,67.119],[32.227,67.112],[32.354,67.071],[32.278,67.069],[32.329,67.042],[32.513,67.02],[32.557,66.956],[32.425,66.934],[32.55,66.914],[32.464,66.917],[32.499,66.906],[32.408,66.876],[32.546,66.874],[32.779,66.764],[32.867,66.775],[32.943,66.734],[32.878,66.718],[32.815,66.728],[32.788,66.742],[32.854,66.739],[32.792,66.76],[32.691,66.749],[32.717,66.738],[33.045,66.674],[33.248,66.665],[33.312,66.64],[33.304,66.615],[33.164,66.649],[33.114,66.644],[33.11,66.607],[33.067,66.587],[32.835,66.614],[32.856,66.603],[32.822,66.593],[32.84,66.588],[32.574,66.602],[32.534,66.591],[32.534,66.528],[32.493,66.491],[32.276,66.482],[32.441,66.424],[32.288,66.446],[32.316,66.394],[32.285,66.375],[31.849,66.381],[31.738,66.497],[31.595,66.522],[31.576,66.626],[31.347,66.632],[31.357,66.651],[30.673,66.647],[29.42,66.586],[29.086,66.824],[29.03,66.915],[29.054,66.978],[29.54,67.303],[29.646,67.333],[29.712,67.396],[29.959,67.517],[30.036,67.674],[29.694,67.794],[29.346,68.073],[28.66,68.195],[28.45,68.548],[28.723,68.737],[28.804,68.875],[28.435,68.908],[28.925,69.057],[29.035,69.017],[29.137,69.049],[29.303,69.172],[29.327,69.233],[29.295,69.25],[29.315,69.303],[29.555,69.314],[29.83,69.419],[29.986,69.413],[30.11,69.463],[30.196,69.557],[30.152,69.637],[30.107,69.642],[30.117,69.665],[30.366,69.617],[30.527,69.543],[30.82,69.542],[30.946,69.586],[30.931,69.687],[30.881,69.708],[30.898,69.736],[30.843,69.786],[31.106,69.766],[31.209,69.739],[31.23,69.708],[31.218,69.739],[31.252,69.745],[31.442,69.694],[31.428,69.663],[31.256,69.574],[31.457,69.645],[31.48,69.684],[31.532,69.633],[31.55,69.638],[31.517,69.684],[31.803,69.649],[31.822,69.654],[31.688,69.71],[31.735,69.813],[31.782,69.832],[32.038,69.749],[32.062,69.75],[32.04,69.77],[32.092,69.766],[31.945,69.856],[31.985,69.875],[31.896,69.91],[31.915,69.949],[31.989,69.946],[31.972,69.928]]]]}},{"type":"Feature","properties":{"id":"47","name":"Nenets"},"geometry":{"type":"MultiPolygon","coordinates":[[[[46.556,66.83],[46.558,66.831],[46.573,66.838],[46.584,66.838],[46.589,66.836],[46.587,66.834],[46.558,66.83],[46.556,66.83]]],[[[44.132,67.896],[44.128,67.893],[44.114,67.901],[44.12,67.904],[44.124,67.904],[44.128,67.901],[44.132,67.896]]],[[[53.217,68.15],[53.195,68.147],[53.198,68.151],[53.226,68.162],[53.23,68.158],[53.217,68.15]]],[[[53.208,68.171],[53.198,68.156],[53.191,68.157],[53.2,68.171],[53.208,68.171]]],[[[53.201,68.18],[53.183,68.186],[53.222,68.196],[53.201,68.18]]],[[[53.896,68.202],[53.903,68.202],[53.904,68.202],[53.926,68.206],[53.929,68.204],[53.921,68.2],[53.89,68.195],[53.879,68.201],[53.882,68.205],[53.887,68.207],[53.892,68.205],[53.896,68.202]]],[[[53.192,68.202],[53.169,68.192],[53.172,68.219],[53.209,68.211],[53.192,68.202]]],[[[53.918,68.213],[53.911,68.208],[53.906,68.208],[53.902,68.211],[53.901,68.217],[53.9,68.222],[53.914,68.22],[53.918,68.213]]],[[[54.189,68.206],[54.204,68.193],[54.175,68.194],[54.136,68.131],[54.101,68.188],[54.122,68.232],[54.178,68.23],[54.189,68.206]]],[[[53.239,68.226],[53.23,68.225],[53.223,68.238],[53.229,68.243],[53.238,68.243],[53.245,68.241],[53.245,68.236],[53.239,68.226]]],[[[54.164,68.24],[54.168,68.237],[54.149,68.238],[54.141,68.24],[54.137,68.243],[54.142,68.245],[54.164,68.24]]],[[[53.53,68.248],[53.533,68.244],[53.518,68.245],[53.515,68.247],[53.522,68.251],[53.53,68.248]]],[[[53.498,68.249],[53.494,68.249],[53.489,68.251],[53.491,68.255],[53.496,68.254],[53.503,68.254],[53.498,68.249]]],[[[53.909,68.238],[53.899,68.236],[53.879,68.236],[53.866,68.238],[53.855,68.243],[53.903,68.255],[53.901,68.249],[53.897,68.241],[53.909,68.238]]],[[[54.188,68.253],[54.179,68.246],[54.124,68.252],[54.122,68.255],[54.128,68.259],[54.142,68.268],[54.151,68.271],[54.165,68.27],[54.182,68.263],[54.188,68.253]]],[[[54.191,68.275],[54.19,68.271],[54.161,68.275],[54.139,68.276],[54.138,68.279],[54.161,68.286],[54.168,68.285],[54.186,68.279],[54.191,68.275]]],[[[54.196,68.289],[54.178,68.294],[54.234,68.309],[54.196,68.289]]],[[[46.377,68.317],[46.374,68.314],[46.366,68.315],[46.361,68.318],[46.357,68.323],[46.359,68.327],[46.368,68.326],[46.377,68.317]]],[[[54.292,68.306],[54.356,68.31],[54.348,68.269],[54.215,68.247],[54.22,68.289],[54.348,68.338],[54.292,68.306]]],[[[46.259,68.333],[46.203,68.337],[46.288,68.337],[46.259,68.333]]],[[[46.316,68.349],[46.311,68.346],[46.282,68.353],[46.288,68.354],[46.307,68.352],[46.316,68.349]]],[[[53.852,68.354],[53.842,68.349],[53.833,68.349],[53.831,68.351],[53.831,68.352],[53.837,68.357],[53.85,68.362],[53.86,68.363],[53.862,68.36],[53.852,68.354]]],[[[53.989,68.372],[54.004,68.318],[53.963,68.287],[53.865,68.312],[53.877,68.349],[53.989,68.372]]],[[[46.139,68.383],[46.228,68.359],[46.082,68.383],[46.139,68.383]]],[[[46.081,68.398],[46.077,68.395],[46.07,68.396],[46.052,68.403],[46.037,68.403],[46.031,68.406],[46.039,68.411],[46.046,68.411],[46.057,68.41],[46.069,68.407],[46.079,68.402],[46.081,68.398]]],[[[52.386,68.468],[52.39,68.464],[52.388,68.463],[52.38,68.462],[52.358,68.467],[52.341,68.465],[52.33,68.465],[52.321,68.47],[52.328,68.473],[52.341,68.475],[52.362,68.474],[52.386,68.468]]],[[[51.476,68.464],[50.971,68.434],[50.96,68.411],[50.808,68.383],[51.116,68.487],[51.542,68.476],[51.476,68.464]]],[[[52.358,68.514],[52.35,68.511],[52.343,68.512],[52.317,68.526],[52.32,68.529],[52.343,68.524],[52.366,68.523],[52.353,68.519],[52.358,68.514]]],[[[52.358,68.543],[52.374,68.536],[52.356,68.527],[52.342,68.529],[52.324,68.537],[52.327,68.539],[52.345,68.538],[52.344,68.539],[52.334,68.544],[52.336,68.545],[52.358,68.543]]],[[[57.145,68.651],[57.138,68.675],[57.18,68.682],[57.145,68.651]]],[[[49.502,68.673],[49.433,68.669],[49.601,68.689],[49.502,68.673]]],[[[49.117,68.668],[49.236,68.669],[48.736,68.699],[49.117,68.668]]],[[[49.597,68.698],[49.594,68.696],[49.564,68.698],[49.563,68.703],[49.569,68.702],[49.58,68.702],[49.597,68.698]]],[[[48.66,68.704],[48.688,68.698],[48.624,68.706],[48.66,68.704]]],[[[49.14,68.7],[49.162,68.692],[49.107,68.705],[49.14,68.7]]],[[[48.852,68.712],[48.849,68.71],[48.837,68.71],[48.813,68.715],[48.821,68.718],[48.829,68.718],[48.852,68.712]]],[[[48.534,68.713],[48.527,68.712],[48.515,68.712],[48.435,68.721],[48.428,68.723],[48.428,68.725],[48.428,68.726],[48.452,68.725],[48.534,68.713]]],[[[48.408,68.746],[48.398,68.744],[48.387,68.748],[48.385,68.753],[48.389,68.757],[48.397,68.753],[48.413,68.749],[48.408,68.746]]],[[[48.481,68.749],[48.474,68.747],[48.43,68.758],[48.411,68.766],[48.403,68.772],[48.404,68.776],[48.447,68.762],[48.475,68.753],[48.481,68.749]]],[[[48.39,68.78],[48.387,68.778],[48.379,68.78],[48.365,68.789],[48.362,68.792],[48.372,68.794],[48.379,68.792],[48.39,68.78]]],[[[49.498,68.795],[49.452,68.789],[49.524,68.804],[49.498,68.795]]],[[[48.313,68.783],[48.305,68.783],[48.266,68.799],[48.262,68.81],[48.266,68.81],[48.267,68.81],[48.28,68.806],[48.29,68.797],[48.31,68.789],[48.313,68.783]]],[[[54.378,68.8],[54.419,68.785],[54.207,68.821],[54.378,68.8]]],[[[61.194,68.827],[61.19,68.822],[61.182,68.822],[61.173,68.825],[61.165,68.835],[61.154,68.84],[61.134,68.843],[61.127,68.846],[61.129,68.85],[61.134,68.851],[61.145,68.851],[61.18,68.845],[61.187,68.841],[61.194,68.827]]],[[[60.967,68.845],[60.959,68.844],[60.959,68.849],[60.968,68.858],[60.979,68.862],[60.983,68.862],[60.991,68.855],[60.967,68.845]]],[[[59.475,68.879],[59.461,68.879],[59.461,68.879],[59.455,68.884],[59.482,68.886],[59.485,68.883],[59.481,68.88],[59.475,68.879]]],[[[61.092,68.863],[61.115,68.852],[61.002,68.868],[61.045,68.888],[61.092,68.863]]],[[[55.624,68.874],[55.617,68.872],[55.598,68.873],[55.519,68.888],[55.51,68.893],[55.539,68.896],[55.563,68.894],[55.582,68.89],[55.619,68.878],[55.624,68.874]]],[[[55.312,68.918],[55.303,68.918],[55.297,68.92],[55.299,68.921],[55.312,68.925],[55.34,68.931],[55.343,68.931],[55.359,68.932],[55.372,68.931],[55.383,68.928],[55.371,68.926],[55.338,68.925],[55.312,68.918]]],[[[55.679,68.854],[55.39,68.93],[55.548,68.925],[55.679,68.878],[55.679,68.854]]],[[[49.908,68.931],[49.898,68.931],[49.898,68.931],[49.883,68.933],[49.905,68.936],[49.909,68.939],[49.912,68.941],[49.919,68.937],[49.915,68.934],[49.908,68.931]]],[[[55.027,68.918],[54.918,68.941],[55.035,68.937],[55.027,68.918]]],[[[55.257,68.934],[55.248,68.934],[55.25,68.947],[55.256,68.948],[55.262,68.946],[55.266,68.942],[55.257,68.934]]],[[[54.814,68.947],[54.811,68.945],[54.786,68.945],[54.781,68.947],[54.792,68.95],[54.814,68.947]]],[[[50.074,68.947],[50.006,68.936],[50.118,68.966],[50.074,68.947]]],[[[49.895,68.958],[49.885,68.958],[49.882,68.967],[49.887,68.972],[49.9,68.978],[49.907,68.977],[49.911,68.973],[49.907,68.965],[49.895,68.958]]],[[[49.949,68.984],[49.99,68.987],[49.943,68.943],[49.986,68.942],[49.93,68.938],[49.97,68.974],[49.949,68.984]]],[[[54.692,68.949],[54.583,68.939],[54.636,68.987],[54.72,68.974],[54.692,68.949]]],[[[49.943,68.998],[49.926,68.979],[49.918,68.981],[49.916,68.989],[49.923,68.996],[49.934,69.001],[49.94,69.001],[49.943,68.998]]],[[[49.949,68.984],[49.948,68.989],[49.966,68.998],[49.975,69.001],[49.978,69.001],[49.991,69.001],[49.987,68.996],[49.949,68.984]]],[[[59.521,68.998],[59.518,68.993],[59.505,68.996],[59.5,68.999],[59.5,69.003],[59.51,69.009],[59.515,69.008],[59.52,69.004],[59.521,68.998]]],[[[59.435,69.057],[59.5,69.028],[59.388,69.062],[59.403,69.081],[59.435,69.057]]],[[[58.677,69.38],[58.651,69.375],[58.643,69.376],[58.636,69.38],[58.649,69.384],[58.671,69.382],[58.677,69.38]]],[[[58.802,69.337],[59.234,69.253],[59.279,69.228],[59.242,69.206],[59.3,69.182],[59.289,69.146],[59.336,69.111],[59.253,69.122],[59.177,69.235],[58.732,69.337],[58.72,69.385],[58.802,69.337]]],[[[58.504,69.473],[58.562,69.458],[58.466,69.459],[58.504,69.473]]],[[[49.727,69.375],[49.982,69.311],[49.929,69.311],[49.959,69.29],[50,69.307],[50.149,69.258],[50.289,69.159],[50.289,69.093],[50.132,68.983],[50.112,68.994],[50.108,69.02],[50.258,69.169],[50.218,69.204],[50.23,69.162],[50.058,69.105],[50.084,69.093],[50.071,69.077],[49.857,69.032],[49.89,69.029],[49.838,69.007],[49.852,68.991],[49.893,68.994],[49.775,68.947],[49.664,68.859],[49.317,68.81],[49.331,68.793],[49.179,68.761],[48.73,68.717],[48.692,68.748],[48.697,68.708],[48.67,68.706],[48.507,68.735],[48.576,68.727],[48.269,68.845],[48.329,68.849],[48.265,68.871],[48.223,68.863],[48.251,68.799],[48.408,68.731],[48.247,68.776],[48.218,68.826],[48.214,69.089],[48.277,69.22],[48.413,69.348],[48.642,69.438],[48.91,69.496],[49.254,69.506],[49.727,69.375]]],[[[60.728,69.635],[60.748,69.612],[60.647,69.628],[60.728,69.635]]],[[[60.768,69.638],[60.776,69.632],[60.758,69.635],[60.751,69.638],[60.719,69.644],[60.697,69.646],[60.69,69.648],[60.69,69.648],[60.686,69.651],[60.688,69.659],[60.691,69.66],[60.693,69.662],[60.718,69.66],[60.736,69.656],[60.738,69.649],[60.74,69.647],[60.745,69.644],[60.768,69.638]]],[[[60.674,69.662],[60.672,69.659],[60.651,69.661],[60.646,69.664],[60.671,69.667],[60.674,69.663],[60.674,69.662]]],[[[59.41,69.829],[59.422,69.828],[59.439,69.828],[59.444,69.827],[59.446,69.826],[59.425,69.823],[59.4,69.825],[59.397,69.827],[59.41,69.829]]],[[[59.51,69.84],[59.5,69.835],[59.489,69.835],[59.484,69.832],[59.473,69.832],[59.472,69.838],[59.457,69.844],[59.469,69.844],[59.487,69.847],[59.488,69.848],[59.495,69.846],[59.498,69.841],[59.51,69.84]]],[[[46.556,66.83],[46.898,66.846],[46.92,66.821],[46.947,66.853],[47.401,66.925],[47.603,66.887],[47.579,66.92],[47.744,67.013],[47.757,67.143],[47.676,67.196],[47.786,67.243],[47.773,67.339],[47.927,67.442],[47.922,67.474],[47.847,67.526],[47.838,67.571],[48,67.638],[48.108,67.612],[48.073,67.608],[48.088,67.584],[48.248,67.651],[48.343,67.665],[48.47,67.638],[48.678,67.696],[48.71,67.688],[48.677,67.674],[48.849,67.684],[49.013,67.649],[48.953,67.634],[48.995,67.61],[49.061,67.623],[49,67.625],[49.048,67.649],[48.85,67.717],[48.736,67.701],[48.783,67.769],[48.768,67.835],[48.596,67.916],[48.808,67.845],[49.16,67.853],[50.044,68.1],[50.022,68.064],[49.813,68.01],[49.864,67.991],[49.99,68.021],[49.966,68.035],[50.041,68.054],[50.088,68.089],[50.06,68.091],[50.069,68.108],[50.788,68.367],[50.899,68.341],[51.282,68.381],[51.428,68.411],[51.412,68.425],[51.565,68.421],[51.61,68.438],[51.514,68.447],[51.581,68.484],[52.213,68.57],[52.258,68.562],[52.155,68.51],[52.047,68.507],[52.056,68.469],[52.146,68.506],[52.233,68.485],[52.252,68.467],[52.227,68.454],[52.323,68.462],[52.292,68.457],[52.322,68.427],[52.303,68.412],[52.168,68.359],[52.316,68.307],[52.426,68.328],[52.708,68.417],[52.767,68.474],[52.587,68.519],[52.552,68.563],[52.49,68.575],[52.527,68.621],[52.401,68.571],[52.288,68.591],[53.361,68.883],[53.876,68.96],[54.445,68.992],[54.581,68.976],[53.616,68.898],[53.65,68.886],[53.583,68.867],[53.724,68.829],[53.743,68.842],[53.672,68.866],[54.012,68.826],[53.973,68.788],[53.887,68.787],[53.843,68.731],[53.858,68.686],[53.75,68.646],[53.713,68.594],[53.918,68.512],[53.955,68.397],[53.826,68.362],[53.837,68.328],[53.591,68.39],[53.663,68.364],[53.665,68.319],[53.485,68.368],[53.324,68.336],[53.21,68.27],[53.208,68.217],[53.155,68.219],[53.187,68.141],[53.122,68.133],[53.237,68.154],[53.226,68.187],[53.281,68.223],[53.44,68.241],[53.814,68.24],[53.87,68.226],[53.837,68.207],[53.879,68.188],[54.008,68.222],[53.949,68.183],[54.107,68.233],[54.087,68.182],[54.125,68.11],[53.952,67.997],[53.99,67.988],[54.186,68.092],[54.248,68.183],[54.246,68.222],[54.513,68.295],[54.673,68.171],[54.859,68.146],[54.806,68.105],[54.871,68.133],[54.912,68.187],[54.891,68.208],[54.965,68.244],[54.868,68.317],[54.91,68.307],[54.882,68.322],[55.017,68.427],[55.074,68.423],[55.37,68.544],[55.657,68.545],[55.953,68.638],[56.064,68.644],[56.268,68.589],[56.618,68.618],[57.048,68.518],[57.251,68.521],[57.469,68.587],[57.469,68.63],[57.645,68.727],[57.849,68.746],[57.196,68.703],[57.223,68.715],[57.915,68.799],[57.947,68.79],[57.901,68.766],[57.936,68.752],[57.929,68.726],[58.024,68.774],[57.959,68.795],[57.984,68.81],[58.903,68.979],[59.307,68.969],[59.099,68.95],[58.987,68.911],[59.407,68.809],[59.518,68.728],[59.439,68.664],[59.173,68.659],[59.176,68.625],[59.073,68.568],[59.155,68.505],[59.111,68.455],[59.114,68.406],[59.526,68.333],[59.772,68.36],[59.882,68.387],[59.947,68.442],[59.795,68.624],[59.931,68.704],[60.048,68.667],[60.428,68.684],[60.617,68.739],[60.794,68.858],[60.877,68.883],[60.969,68.88],[60.945,68.843],[61.105,68.843],[61.172,68.787],[61.227,68.788],[61.182,68.794],[61.209,68.832],[61.189,68.85],[60.945,68.907],[60.985,68.988],[60.94,69.044],[60.954,69.073],[60.805,69.156],[60.756,69.14],[60.775,69.091],[60.656,69.12],[60.632,69.145],[60.636,69.251],[60.316,69.436],[60.296,69.473],[60.22,69.497],[60.234,69.532],[60.184,69.551],[60.217,69.621],[60.346,69.661],[60.652,69.655],[60.633,69.621],[60.792,69.619],[60.685,69.696],[60.693,69.723],[60.78,69.714],[60.723,69.807],[60.857,69.859],[61.061,69.828],[61.114,69.864],[61.189,69.816],[61.485,69.774],[62.836,69.713],[62.983,69.696],[62.96,69.683],[62.985,69.664],[63,69.697],[64.385,69.477],[64.509,69.429],[64.481,69.415],[64.527,69.424],[64.857,69.323],[64.944,69.257],[64.831,69.218],[64.769,69.16],[64.754,69.133],[64.795,69.075],[64.757,69.047],[64.6,69.008],[64.684,68.93],[64.646,68.902],[64.77,68.866],[64.807,68.901],[64.884,68.888],[65.118,68.807],[65.309,68.816],[65.444,68.785],[65.443,68.739],[65.617,68.704],[65.572,68.65],[65.711,68.53],[65.675,68.478],[65.318,68.372],[65.062,68.411],[64.766,68.393],[64.584,68.335],[64.564,68.319],[64.63,68.229],[64.611,68.197],[63.934,68.027],[63.989,67.968],[63.99,67.916],[63.741,67.803],[63.752,67.752],[63.542,67.79],[63.382,67.772],[63.133,67.676],[62.968,67.539],[62.978,67.453],[62.945,67.404],[61.825,67.1],[61.705,67.017],[61.549,67.027],[61.383,66.987],[55.972,66.978],[54.595,66.993],[52.166,67.076],[51.643,66.911],[51.532,66.907],[51.521,66.829],[51.554,66.78],[48.931,66.109],[48.108,66.135],[47.778,66.015],[47.678,65.942],[47.801,65.858],[47.75,65.839],[47.137,65.835],[46.411,66.075],[46.148,66.029],[45.857,66.116],[45.607,66.089],[45.194,66.21],[44.639,66.274],[44.458,66.376],[44.218,66.401],[44.304,66.479],[44.374,66.492],[44.446,66.636],[44.592,66.653],[44.488,66.665],[44.401,66.716],[44.359,66.78],[44.486,66.823],[44.502,66.839],[44.47,66.89],[44.527,66.903],[44.292,67.042],[44.38,67.087],[44.277,67.066],[44.168,67.115],[44.174,67.14],[43.855,67.155],[43.769,67.193],[43.772,67.257],[43.824,67.349],[43.805,67.348],[43.95,67.538],[44.083,67.656],[44.132,67.664],[44.117,67.63],[44.2,67.667],[44.105,67.684],[44.176,67.768],[44.107,67.835],[44.161,67.878],[44.245,67.883],[44.197,67.902],[44.306,67.914],[44.17,67.914],[44.175,67.972],[44.363,68.033],[44.215,68.021],[44.242,68.043],[44.206,68.047],[44.221,68.277],[44.148,68.329],[43.393,68.582],[43.249,68.668],[43.444,68.672],[44.033,68.538],[45.218,68.524],[46.015,68.416],[45.899,68.435],[45.868,68.417],[46.017,68.342],[46.042,68.322],[46.024,68.306],[46.53,68.12],[46.54,68.103],[46.468,68.092],[46.528,68.099],[46.547,68.011],[46.683,67.904],[46.675,67.813],[46.271,67.831],[46.302,67.818],[45.963,67.79],[45.857,67.754],[45.517,67.747],[45.286,67.699],[45.263,67.678],[45.342,67.657],[45.302,67.574],[45.159,67.567],[45,67.496],[44.927,67.427],[44.91,67.336],[44.832,67.314],[44.949,67.317],[45.597,67.155],[45.606,67.071],[45.583,67.063],[45.684,67.027],[45.806,66.891],[46.023,66.833],[45.964,66.811],[46.496,66.868],[46.597,66.843],[46.556,66.83]]],[[[61.268,69.838],[61.26,69.835],[61.237,69.837],[61.23,69.836],[61.215,69.839],[61.207,69.847],[61.176,69.863],[61.177,69.866],[61.232,69.858],[61.265,69.842],[61.268,69.838]]],[[[59.464,69.873],[59.467,69.854],[59.405,69.869],[59.464,69.873]]],[[[58.478,70.197],[58.464,70.194],[58.453,70.2],[58.461,70.201],[58.464,70.205],[58.464,70.205],[58.478,70.197]]],[[[58.439,70.207],[58.432,70.205],[58.426,70.206],[58.411,70.213],[58.416,70.217],[58.435,70.21],[58.439,70.207]]],[[[58.409,70.365],[58.398,70.359],[58.397,70.364],[58.387,70.368],[58.39,70.369],[58.392,70.37],[58.397,70.369],[58.406,70.368],[58.409,70.365]]],[[[58.717,70.455],[58.713,70.451],[58.688,70.452],[58.672,70.445],[58.662,70.448],[58.675,70.452],[58.664,70.461],[58.668,70.463],[58.701,70.46],[58.715,70.458],[58.717,70.455]]],[[[59.075,70.467],[59.052,70.453],[59.072,70.431],[59.366,70.348],[59.604,70.207],[59.807,70.147],[59.805,70.123],[60.049,70.093],[60.045,70.069],[60.11,70.037],[60.341,69.944],[60.441,69.934],[60.477,69.908],[60.456,69.884],[60.553,69.797],[60.476,69.757],[60.496,69.712],[60.377,69.737],[60.416,69.705],[60.181,69.691],[60.208,69.67],[60.017,69.719],[60.044,69.686],[59.966,69.695],[59.994,69.657],[59.913,69.692],[59.584,69.71],[59.615,69.74],[59.577,69.755],[59.587,69.79],[59.716,69.78],[59.436,69.89],[59.261,69.886],[58.971,69.941],[59.177,69.854],[59.063,69.855],[58.986,69.916],[58.804,69.967],[58.601,70.068],[58.65,70.101],[58.546,70.118],[58.654,70.13],[58.581,70.148],[58.627,70.156],[58.609,70.176],[58.552,70.158],[58.542,70.186],[58.467,70.189],[58.569,70.204],[58.407,70.238],[58.461,70.261],[58.824,70.207],[58.819,70.237],[58.512,70.325],[58.656,70.316],[58.678,70.33],[58.656,70.342],[58.788,70.372],[58.774,70.407],[58.801,70.425],[59.075,70.467]]]]}},{"type":"Feature","properties":{"id":"48","name":"Nizhegorod"},"geometry":{"type":"Polygon","coordinates":[[[46.39,58.08],[46.406,58.028],[46.526,58.054],[47.086,58.035],[47.379,58.017],[47.778,57.945],[47.602,57.838],[47.546,57.623],[47.472,57.544],[47.41,57.529],[47.252,57.586],[47.026,57.507],[46.835,57.527],[46.781,57.508],[46.708,57.424],[46.726,57.317],[46.789,57.286],[46.839,57.216],[46.742,57.172],[46.797,57.125],[46.752,57.032],[46.779,57.003],[46.761,56.959],[46.704,56.998],[46.652,56.948],[46.574,56.936],[46.365,56.973],[46.319,56.965],[46.271,56.909],[45.971,56.874],[45.893,56.816],[45.933,56.674],[45.909,56.64],[45.764,56.645],[45.671,56.586],[45.631,56.498],[45.657,56.454],[45.786,56.469],[45.961,56.405],[45.972,56.34],[45.873,56.269],[46.099,56.176],[46.097,56.095],[46.153,56.021],[46.093,55.952],[46.124,55.89],[46.119,55.817],[45.977,55.709],[45.978,55.644],[46.18,55.535],[46.415,55.463],[46.422,55.422],[46.269,55.355],[46.245,55.28],[46.116,55.236],[46.057,55.181],[46.06,55.129],[46.113,55.053],[45.976,54.994],[45.779,54.977],[45.725,55.011],[45.775,55.078],[45.789,55.162],[45.648,55.163],[45.445,55.044],[45.475,54.906],[45.291,54.867],[45.223,54.748],[45.157,54.797],[45.096,54.754],[45.122,54.658],[45.033,54.594],[45.171,54.518],[45.174,54.48],[44.938,54.469],[44.858,54.505],[44.637,54.459],[44.699,54.533],[44.629,54.558],[44.549,54.515],[44.384,54.587],[44.257,54.59],[44.133,54.658],[44.153,54.713],[44.121,54.732],[43.967,54.737],[43.973,54.789],[43.623,54.831],[43.601,54.856],[43.63,54.928],[43.518,54.908],[43.407,54.941],[43.331,54.933],[43.314,54.896],[43.168,54.854],[43.125,54.765],[43.03,54.802],[42.909,54.75],[42.836,54.751],[42.785,54.807],[42.748,54.808],[42.609,54.764],[42.459,54.833],[42.446,54.867],[42.483,54.895],[42.454,54.941],[42.517,54.971],[42.453,55],[42.224,54.943],[41.98,54.985],[42.019,55.024],[41.994,55.042],[42.039,55.056],[42.021,55.077],[41.869,55.026],[41.789,55.078],[41.804,55.116],[41.875,55.132],[41.937,55.201],[41.922,55.222],[41.962,55.252],[41.98,55.335],[42.029,55.335],[42.136,55.409],[42.082,55.498],[42.089,55.608],[42.262,55.743],[42.425,55.793],[42.471,55.91],[42.584,55.92],[42.691,55.977],[42.704,56.027],[42.667,56.052],[42.718,56.086],[42.835,56.101],[42.927,56.16],[42.934,56.201],[42.744,56.243],[42.715,56.354],[42.62,56.405],[42.679,56.467],[42.913,56.473],[42.896,56.545],[42.925,56.621],[42.906,56.663],[42.85,56.64],[42.801,56.662],[42.8,56.695],[42.854,56.73],[42.802,56.769],[42.862,56.813],[42.973,56.837],[43.052,56.813],[43.119,56.831],[43.123,56.857],[43.515,56.883],[43.686,57.061],[43.618,57.077],[43.624,57.098],[43.498,57.114],[43.481,57.132],[43.509,57.206],[43.557,57.247],[43.678,57.277],[43.651,57.311],[43.72,57.338],[43.781,57.313],[43.81,57.356],[43.858,57.34],[43.873,57.362],[43.749,57.394],[43.704,57.437],[44.079,57.441],[44.265,57.513],[44.389,57.517],[44.468,57.559],[44.507,57.632],[44.611,57.703],[44.756,57.693],[44.777,57.763],[44.848,57.788],[44.825,57.838],[44.877,57.867],[44.841,58.031],[44.887,58.066],[45.224,58.075],[45.344,58.016],[45.467,58.034],[45.632,57.922],[45.699,57.92],[45.757,57.947],[45.792,58.019],[45.865,58.045],[46.39,58.08]]]}},{"type":"Feature","properties":{"id":"49","name":"North Ossetia"},"geometry":{"type":"Polygon","coordinates":[[[44.889,43.727],[44.961,43.643],[44.928,43.536],[44.829,43.575],[44.818,43.487],[44.758,43.476],[44.71,43.538],[44.612,43.535],[44.584,43.398],[44.661,43.346],[44.644,43.182],[44.75,43.179],[44.792,43.12],[44.93,43.045],[44.98,42.885],[44.88,42.795],[44.794,42.79],[44.714,42.856],[44.677,42.748],[44.506,42.752],[44.405,42.712],[44.323,42.713],[44.257,42.689],[44.209,42.627],[44.035,42.605],[43.948,42.558],[43.77,42.588],[43.731,42.628],[43.804,42.718],[43.791,42.75],[43.646,42.799],[43.562,42.866],[43.418,42.895],[43.486,42.938],[43.565,42.902],[43.657,42.932],[43.852,43.13],[43.933,43.265],[43.987,43.203],[44.054,43.227],[44.092,43.194],[44.041,43.188],[44.061,43.163],[44.114,43.156],[44.167,43.201],[44.144,43.307],[44.183,43.341],[44.218,43.349],[44.283,43.305],[44.384,43.356],[44.476,43.328],[44.505,43.347],[44.523,43.37],[44.494,43.421],[44.535,43.501],[44.531,43.574],[44.415,43.654],[44.424,43.73],[44.47,43.709],[44.712,43.76],[44.889,43.727]]]}},{"type":"Feature","properties":{"id":"50","name":"Novgorod"},"geometry":{"type":"Polygon","coordinates":[[[33.298,59.288],[33.379,59.287],[33.443,59.343],[33.534,59.326],[33.651,59.355],[33.838,59.234],[33.895,59.163],[34.079,59.115],[34.149,59.102],[34.198,59.147],[34.363,59.16],[34.685,59.08],[34.801,59.091],[34.967,59.057],[35.004,59.039],[34.946,59.016],[34.988,58.996],[35.238,58.958],[35.2,58.891],[35.2,58.815],[35.291,58.844],[35.284,58.789],[35.311,58.77],[35.444,58.868],[35.707,58.814],[35.762,58.829],[35.832,58.78],[36.135,58.719],[36.203,58.674],[36.213,58.626],[36.28,58.6],[36.288,58.556],[36.472,58.522],[36.404,58.489],[36.167,58.487],[36.095,58.443],[36.005,58.462],[35.98,58.398],[35.612,58.434],[35.37,58.371],[35.332,58.346],[35.376,58.299],[35.238,58.209],[35.095,58.172],[34.999,58.213],[34.954,58.199],[34.851,58.229],[34.769,58.185],[34.763,58.131],[34.806,58.092],[34.742,58.056],[34.533,58.122],[34.46,58.11],[34.416,58.145],[34.332,58.144],[34.238,58.191],[34.12,58.181],[34.11,58.206],[33.948,58.113],[33.764,58.128],[33.6,58.011],[33.758,57.941],[33.728,57.908],[33.75,57.888],[33.733,57.853],[33.619,57.81],[33.592,57.757],[33.637,57.706],[33.57,57.671],[33.483,57.69],[33.356,57.665],[33.396,57.638],[33.357,57.593],[33.388,57.551],[33.304,57.537],[33.277,57.499],[33.274,57.461],[33.352,57.431],[33.323,57.38],[33.219,57.448],[33.094,57.401],[33.018,57.439],[32.972,57.409],[32.856,57.42],[32.759,57.36],[32.715,57.293],[32.607,57.295],[32.548,57.247],[32.457,57.249],[32.45,57.22],[32.325,57.229],[32.305,57.208],[32.334,57.169],[32.312,57.148],[32.217,57.159],[32.189,57.13],[32.079,57.113],[32.085,57.079],[32.035,57.075],[32.059,57.039],[32.017,57.03],[31.976,57.084],[31.904,57.076],[31.869,57.043],[31.814,57.059],[31.736,56.998],[31.779,56.97],[31.712,56.961],[31.656,56.89],[31.31,56.92],[31.246,56.883],[30.966,56.955],[30.842,56.918],[30.742,56.955],[30.702,57.01],[30.773,57.145],[30.856,57.184],[30.845,57.208],[30.481,57.345],[30.543,57.439],[30.508,57.458],[30.662,57.53],[30.714,57.584],[30.617,57.585],[30.508,57.628],[30.574,57.721],[30.486,57.746],[30.566,57.806],[30.573,57.869],[30.309,57.871],[30.022,57.918],[30.011,57.972],[29.872,58.04],[29.695,58.068],[29.724,58.139],[29.669,58.187],[29.928,58.286],[29.949,58.353],[29.928,58.441],[30.036,58.419],[30.157,58.464],[30.159,58.547],[30.112,58.58],[30.11,58.618],[30.168,58.667],[30.129,58.701],[30.16,58.73],[30.384,58.678],[30.554,58.731],[30.729,58.722],[30.76,58.75],[30.772,58.827],[30.956,58.906],[31.01,59.017],[31.049,59.039],[31.158,59.038],[31.275,58.994],[31.447,59.05],[31.464,59.09],[31.527,59.12],[31.547,59.155],[31.528,59.174],[31.603,59.203],[31.575,59.222],[31.548,59.341],[31.688,59.333],[31.837,59.269],[31.889,59.276],[31.937,59.38],[31.989,59.387],[32.32,59.269],[32.364,59.156],[32.668,59.062],[32.762,59.08],[32.823,59.138],[32.78,59.231],[32.811,59.263],[32.974,59.33],[33.068,59.406],[33.298,59.288]]]}},{"type":"Feature","properties":{"id":"51","name":"Novosibirsk"},"geometry":{"type":"Polygon","coordinates":[[[76.257,57.205],[76.681,57.202],[76.892,57.156],[78.362,57.154],[78.487,57.078],[79.292,56.982],[79.734,56.835],[80.265,56.419],[81.145,56.524],[81.206,56.511],[81.544,56.26],[81.617,56.248],[82.384,56.369],[82.78,56.391],[82.84,56.431],[82.837,56.484],[83.11,56.524],[83.234,56.42],[83.134,56.317],[83.139,56.276],[83.077,56.24],[83.183,56.19],[83.169,56.113],[83.272,56.077],[83.262,55.996],[83.354,55.842],[83.276,55.743],[83.209,55.728],[83.279,55.674],[83.604,55.672],[83.646,55.739],[83.779,55.825],[83.798,55.872],[83.969,55.99],[84.144,56.023],[84.276,55.965],[84.36,55.971],[84.459,56.02],[84.551,56.005],[84.539,55.95],[84.575,55.912],[84.531,55.878],[84.593,55.765],[84.568,55.735],[84.66,55.646],[84.778,55.616],[84.815,55.568],[84.819,55.522],[84.774,55.486],[84.786,55.444],[84.64,55.379],[84.882,55.374],[84.896,55.266],[84.874,55.239],[84.93,55.109],[84.878,54.986],[85.038,54.879],[85.079,54.8],[85.032,54.758],[84.954,54.743],[84.935,54.692],[85.05,54.629],[84.974,54.566],[85.081,54.382],[84.904,54.362],[84.616,54.28],[84.419,54.135],[84.239,54.188],[83.954,54.101],[83.803,54.117],[83.484,54.088],[83.499,54.002],[83.407,53.942],[83.328,53.961],[83.288,54.034],[83.157,54.042],[83.07,54.015],[83.047,53.98],[82.702,53.801],[82.721,53.745],[82.709,53.711],[82.633,53.674],[82.652,53.634],[82.526,53.56],[82.558,53.536],[82.453,53.514],[82.353,53.526],[82.156,53.612],[82.188,53.662],[82.135,53.679],[81.784,53.724],[81.716,53.828],[81.82,53.868],[81.828,53.921],[81.567,53.925],[81.563,54.018],[81.448,54.087],[81.111,54.116],[81.078,54.194],[80.948,54.269],[80.913,54.361],[80.857,54.365],[80.781,54.317],[80.819,54.25],[80.578,54.207],[80.508,54.168],[80.529,54.122],[80.41,54.114],[80.246,54.036],[80.186,54.026],[80.146,54.07],[80.1,54.058],[80.038,54.031],[80.066,53.99],[79.846,53.91],[79.821,53.849],[79.601,53.808],[79.581,53.758],[79.462,53.708],[79.366,53.684],[79.265,53.718],[79.183,53.679],[79.088,53.67],[79.028,53.696],[78.997,53.659],[78.927,53.683],[78.693,53.656],[78.64,53.632],[78.614,53.598],[78.629,53.56],[78.591,53.528],[78.291,53.483],[78.178,53.536],[78.196,53.592],[78.173,53.611],[78.1,53.563],[77.956,53.558],[77.959,53.487],[78.063,53.45],[77.96,53.434],[77.942,53.42],[77.979,53.388],[77.957,53.362],[77.916,53.372],[77.872,53.306],[76.584,53.968],[76.431,54.132],[76.436,54.172],[76.609,54.161],[76.655,54.126],[76.749,54.16],[76.757,54.193],[76.843,54.235],[76.84,54.281],[76.871,54.31],[76.851,54.364],[76.782,54.378],[76.934,54.426],[76.928,54.458],[76.736,54.417],[76.652,54.346],[76.455,54.325],[76.234,54.356],[76.205,54.307],[76.227,54.274],[75.699,54.132],[75.668,54.215],[75.669,54.459],[75.686,54.532],[75.797,54.557],[75.816,54.584],[75.794,54.667],[75.7,54.696],[75.67,54.782],[75.581,54.836],[75.556,54.782],[75.492,54.892],[75.313,54.882],[75.298,54.907],[75.387,55.027],[75.31,55.1],[75.238,55.103],[75.282,55.194],[75.191,55.269],[75.179,55.331],[75.1,55.343],[75.25,55.463],[75.344,55.48],[75.158,55.539],[75.128,55.596],[75.171,55.625],[75.095,55.678],[75.095,55.723],[75.324,55.728],[75.29,55.849],[75.478,55.969],[75.491,55.997],[75.465,56.027],[75.614,56.042],[75.689,56.091],[75.822,56.09],[76.005,56.151],[76.183,56.127],[76.298,56.164],[76.277,56.216],[76.105,56.302],[76.088,56.389],[76.127,56.432],[76.038,56.472],[75.867,56.409],[75.814,56.464],[76.023,56.602],[76.119,56.614],[76.241,56.688],[76.241,56.912],[76.173,56.958],[76.179,57.044],[76.104,57.23],[76.257,57.205]]]}},{"type":"Feature","properties":{"id":"52","name":"Omsk"},"geometry":{"type":"Polygon","coordinates":[[[75.087,58.128],[75.093,58.087],[75.129,58.066],[75.518,57.942],[75.589,57.714],[75.546,57.638],[75.662,57.633],[75.71,57.596],[75.822,57.472],[75.846,57.37],[75.956,57.387],[76.003,57.348],[76.151,57.137],[76.173,56.958],[76.241,56.912],[76.241,56.688],[76.119,56.614],[76.023,56.602],[75.814,56.464],[75.867,56.409],[76.038,56.472],[76.127,56.432],[76.088,56.389],[76.105,56.302],[76.277,56.216],[76.298,56.164],[76.183,56.127],[76.005,56.151],[75.822,56.09],[75.689,56.091],[75.614,56.042],[75.465,56.027],[75.491,55.997],[75.478,55.969],[75.29,55.849],[75.324,55.728],[75.253,55.709],[75.128,55.73],[75.085,55.7],[75.171,55.625],[75.128,55.596],[75.158,55.539],[75.344,55.48],[75.25,55.463],[75.1,55.343],[75.179,55.331],[75.191,55.269],[75.282,55.194],[75.238,55.103],[75.31,55.1],[75.387,55.027],[75.303,54.892],[75.492,54.892],[75.556,54.782],[75.581,54.836],[75.67,54.782],[75.7,54.696],[75.794,54.667],[75.816,54.584],[75.797,54.557],[75.686,54.532],[75.669,54.459],[75.668,54.215],[75.699,54.132],[75.397,54.082],[75.482,54.011],[75.473,53.979],[75.039,53.791],[74.812,53.82],[74.771,53.76],[74.686,53.757],[74.641,53.667],[74.472,53.684],[74.442,53.595],[74.485,53.58],[74.404,53.461],[74.282,53.488],[74.242,53.594],[74.17,53.603],[74.151,53.551],[74.064,53.556],[74.074,53.626],[73.903,53.648],[73.834,53.586],[73.675,53.624],[73.649,53.559],[73.598,53.567],[73.581,53.522],[73.45,53.445],[73.379,53.477],[73.401,53.532],[73.247,53.573],[73.283,53.644],[73.259,53.681],[73.329,53.688],[73.349,53.795],[73.456,53.814],[73.432,53.845],[73.465,53.882],[73.691,53.862],[73.75,54.054],[73.633,54.075],[73.63,54.041],[73.512,54.006],[73.527,53.95],[73.41,53.99],[73.402,53.956],[73.289,53.953],[73.07,53.996],[73.043,54.048],[72.978,54.054],[72.981,54.098],[72.601,54.134],[72.545,54.109],[72.521,54.047],[72.665,54.046],[72.722,53.949],[72.554,53.99],[72.493,53.914],[72.459,53.914],[72.378,53.953],[72.42,54.039],[72.363,54.088],[72.434,54.119],[72.496,54.111],[72.492,54.139],[72.308,54.189],[72.321,54.242],[72.276,54.256],[72.263,54.32],[72.138,54.364],[72.038,54.357],[72.127,54.289],[72.084,54.23],[72.195,54.185],[72.172,54.133],[72.094,54.155],[72.023,54.223],[71.767,54.249],[71.725,54.192],[71.747,54.139],[71.656,54.103],[71.515,54.109],[71.501,54.156],[71.354,54.184],[71.21,54.111],[71.147,54.123],[71.126,54.175],[71.07,54.207],[71.104,54.267],[71.023,54.293],[71.015,54.34],[71.203,54.323],[71.232,54.394],[71.194,54.498],[71.199,54.585],[71.303,54.617],[71.302,54.657],[71.137,54.708],[71.058,54.774],[71.047,54.84],[70.995,54.889],[71.02,54.944],[71.015,55.073],[70.83,55.257],[70.82,55.298],[70.628,55.258],[70.522,55.276],[70.484,55.371],[70.561,55.451],[70.632,55.443],[70.71,55.474],[70.772,55.563],[70.768,55.587],[70.642,55.602],[70.574,55.696],[70.585,55.727],[70.843,55.806],[70.575,55.807],[70.543,55.841],[70.582,55.872],[70.774,55.866],[70.846,55.906],[70.895,55.977],[70.921,56.064],[70.873,56.127],[70.88,56.169],[70.787,56.213],[71.016,56.281],[70.945,56.368],[70.845,56.377],[70.821,56.403],[70.892,56.437],[70.969,56.425],[71.137,56.506],[71.144,56.542],[71.068,56.653],[71.169,56.62],[71.374,56.618],[71.44,56.674],[71.563,56.692],[71.55,56.723],[71.608,56.741],[71.62,56.826],[71.546,56.928],[71.146,57.172],[71.049,57.323],[70.862,57.329],[70.817,57.311],[70.789,57.208],[70.659,57.204],[70.608,57.263],[70.488,57.288],[70.421,57.344],[70.425,57.369],[70.732,57.517],[70.737,57.54],[70.687,57.549],[70.585,57.699],[70.495,57.742],[70.5,57.796],[70.548,58.042],[70.791,58.355],[70.873,58.521],[70.975,58.472],[71.101,58.461],[71.11,58.4],[71.291,58.366],[71.24,58.214],[71.248,58.089],[71.303,58.023],[71.998,58.085],[72.171,57.991],[72.625,57.997],[72.825,57.959],[72.999,58.007],[72.961,58.031],[73.147,58.134],[74.15,58.114],[74.445,58.248],[74.579,58.267],[74.735,58.363],[74.915,58.394],[74.946,58.465],[75.161,58.572],[75.34,58.439],[75.116,58.364],[75.036,58.307],[75.234,58.207],[75.087,58.128]]]}},{"type":"Feature","properties":{"id":"53","name":"Orel"},"geometry":{"type":"Polygon","coordinates":[[[36.02,53.635],[36.04,53.573],[36.097,53.583],[36.285,53.532],[36.341,53.461],[36.501,53.391],[36.685,53.41],[36.664,53.392],[36.702,53.383],[36.75,53.305],[36.933,53.274],[36.977,53.299],[37.199,53.239],[37.292,53.259],[37.299,53.305],[37.58,53.278],[37.581,53.142],[37.664,53.107],[37.72,53.141],[37.779,53.112],[37.858,53.017],[37.825,52.943],[37.882,52.901],[37.842,52.83],[37.887,52.771],[37.799,52.702],[37.775,52.644],[37.697,52.642],[37.702,52.606],[37.847,52.589],[37.909,52.546],[37.851,52.524],[37.867,52.5],[37.984,52.477],[37.934,52.448],[37.958,52.413],[38.021,52.415],[38.04,52.399],[38.013,52.381],[38.087,52.346],[38.063,52.269],[38.014,52.247],[37.964,52.263],[37.771,52.171],[37.772,52.051],[37.731,52.057],[37.689,52.024],[37.687,51.986],[37.533,52.043],[37.403,51.955],[37.14,52.109],[36.895,52.126],[36.751,52.192],[36.649,52.196],[36.614,52.236],[36.482,52.248],[36.342,52.388],[36.011,52.364],[35.911,52.322],[35.748,52.32],[35.632,52.286],[35.589,52.302],[35.564,52.394],[35.515,52.434],[35.53,52.465],[35.461,52.48],[35.439,52.429],[35.346,52.459],[35.337,52.406],[35.187,52.438],[35.143,52.398],[34.955,52.376],[34.892,52.418],[34.835,52.409],[34.839,52.467],[34.891,52.476],[34.872,52.499],[34.936,52.503],[34.937,52.532],[35.027,52.559],[34.958,52.595],[34.996,52.629],[34.954,52.681],[35.016,52.669],[35.05,52.698],[35.004,52.744],[35.037,52.787],[34.963,52.781],[34.899,52.826],[34.855,52.795],[34.771,52.889],[34.876,52.91],[34.863,52.961],[34.961,52.952],[34.976,52.999],[35.026,52.95],[35.143,52.971],[35.14,53.026],[35.247,53.027],[35.283,53.067],[35.09,53.151],[35.14,53.172],[35.126,53.285],[35.211,53.307],[35.264,53.29],[35.258,53.334],[35.39,53.361],[35.463,53.475],[35.53,53.489],[35.482,53.428],[35.53,53.419],[35.599,53.522],[35.678,53.554],[35.712,53.519],[35.808,53.524],[35.842,53.569],[36.02,53.635]]]}},{"type":"Feature","properties":{"id":"54","name":"Orenburg"},"geometry":{"type":"Polygon","coordinates":[[[52.581,54.372],[52.861,54.343],[52.996,54.292],[53.088,54.335],[53.153,54.283],[53.14,54.258],[52.974,54.228],[52.958,54.188],[53.064,54.152],[53.047,54.085],[53.238,54.136],[53.361,54.051],[53.443,54.033],[53.633,53.813],[53.816,53.7],[54.05,53.484],[54.213,53.402],[54.325,53.41],[54.507,53.359],[54.623,53.241],[54.851,53.27],[54.897,53.246],[54.968,53.038],[55.082,52.931],[55.086,52.869],[55.165,52.837],[55.334,52.869],[55.359,52.766],[55.398,52.748],[55.349,52.715],[55.266,52.728],[55.231,52.679],[55.276,52.649],[55.351,52.661],[55.455,52.608],[55.474,52.528],[55.526,52.487],[55.527,52.427],[55.807,52.376],[56.033,52.564],[56.077,52.672],[56.309,52.574],[56.381,52.606],[56.411,52.588],[56.354,52.52],[56.434,52.455],[56.456,52.353],[56.416,52.283],[56.252,52.184],[56.35,52.122],[56.425,52.199],[56.468,52.2],[56.653,52.084],[56.764,51.939],[56.671,51.853],[56.848,51.677],[56.808,51.584],[56.899,51.575],[56.954,51.619],[56.903,51.722],[56.958,51.742],[57.094,51.689],[57.253,51.561],[57.423,51.63],[57.437,51.715],[57.599,51.687],[57.664,51.735],[57.718,51.842],[57.779,51.851],[57.823,51.82],[58.129,51.791],[58.228,51.711],[58.286,51.705],[58.442,51.76],[58.58,51.771],[58.661,51.824],[58.772,52.077],[58.685,52.135],[58.722,52.264],[58.785,52.291],[58.867,52.276],[58.928,52.329],[58.854,52.438],[58.87,52.467],[59.013,52.469],[59.094,52.372],[59.289,52.301],[59.255,52.395],[59.287,52.449],[59.527,52.503],[59.558,52.463],[59.682,52.487],[59.801,52.451],[59.873,52.463],[59.97,52.413],[60.181,52.428],[60.219,52.395],[60.234,52.277],[60.091,52.201],[60.026,52.08],[59.984,52.054],[60.116,51.997],[60.066,51.991],[60.053,51.954],[60.102,51.882],[60.183,51.865],[60.181,51.904],[60.524,51.794],[60.392,51.702],[60.402,51.685],[60.599,51.615],[60.92,51.611],[60.929,51.544],[61.003,51.465],[61.181,51.457],[61.351,51.4],[61.483,51.428],[61.553,51.34],[61.676,51.265],[61.587,51.246],[61.466,50.834],[61.427,50.794],[60.828,50.661],[60.434,50.672],[60.316,50.693],[60.194,50.79],[60.182,50.845],[60.069,50.866],[60.004,50.829],[59.833,50.584],[59.531,50.514],[59.517,50.584],[59.541,50.604],[59.478,50.66],[59.28,50.648],[59.176,50.682],[58.909,50.699],[58.786,50.772],[58.779,50.835],[58.599,50.827],[58.566,50.941],[58.604,51.01],[58.565,51.061],[58.372,51.078],[58.326,51.152],[58.292,51.161],[58.214,51.132],[58.222,51.103],[58.181,51.068],[58.106,51.079],[58.089,51.126],[58.001,51.083],[57.926,51.118],[57.872,51.103],[57.818,51.14],[57.754,51.13],[57.724,50.923],[57.682,50.911],[57.654,50.943],[57.603,50.943],[57.52,50.918],[57.511,50.878],[57.35,50.929],[57.291,51.017],[57.22,51.043],[57.184,51.095],[57.023,51.052],[56.729,51.078],[56.752,51.005],[56.732,50.972],[56.63,50.993],[56.501,51.089],[56.463,51.064],[56.474,50.976],[56.394,50.97],[56.351,50.909],[56.19,50.933],[56.135,50.836],[56.127,50.756],[55.734,50.609],[55.683,50.567],[55.485,50.671],[55.355,50.66],[55.069,50.82],[55.108,50.883],[55.052,50.932],[54.878,50.839],[54.825,50.884],[54.706,50.894],[54.655,50.811],[54.726,50.629],[54.608,50.539],[54.52,50.539],[54.423,50.624],[54.513,50.848],[54.297,50.885],[54.182,50.996],[54.166,51.02],[54.192,51.039],[54.162,51.067],[54.142,51.053],[54.14,51.11],[54.034,51.163],[53.677,51.227],[53.608,51.306],[53.63,51.346],[53.603,51.368],[53.635,51.389],[53.379,51.514],[53.282,51.487],[53.197,51.513],[53.195,51.536],[53.148,51.525],[53.164,51.491],[53.079,51.501],[52.957,51.46],[52.931,51.498],[52.874,51.475],[52.898,51.503],[52.819,51.498],[52.779,51.526],[52.752,51.485],[52.686,51.479],[52.693,51.459],[52.664,51.492],[52.633,51.456],[52.571,51.46],[52.383,51.657],[52.362,51.754],[52.328,51.766],[52.261,51.717],[52.174,51.719],[52.108,51.656],[51.857,51.683],[51.757,51.591],[51.795,51.523],[51.649,51.469],[51.618,51.48],[51.646,51.515],[51.566,51.561],[51.519,51.511],[51.429,51.483],[51.276,51.5],[51.242,51.556],[51.352,51.566],[51.366,51.614],[51.359,51.653],[51.267,51.69],[50.885,51.682],[50.837,51.747],[50.863,51.795],[51.321,52.019],[51.451,52.131],[51.435,52.22],[51.38,52.287],[51.415,52.35],[51.57,52.445],[51.571,52.483],[51.481,52.542],[51.544,52.653],[51.616,52.696],[51.685,52.68],[51.757,52.796],[51.728,52.828],[51.741,52.864],[51.949,52.983],[52.104,53.036],[52.103,53.092],[52.151,53.137],[52.087,53.189],[52.172,53.313],[52.157,53.358],[52.303,53.395],[52.163,53.422],[52.099,53.512],[52.133,53.567],[52.212,53.612],[52.25,53.754],[52.386,53.879],[52.446,54.013],[52.451,54.066],[52.333,54.137],[52.323,54.184],[52.373,54.194],[52.402,54.333],[52.559,54.387],[52.581,54.372]]]}},{"type":"Feature","properties":{"id":"55","name":"Penza"},"geometry":{"type":"Polygon","coordinates":[[[43.301,54.009],[43.466,53.958],[43.618,53.991],[43.66,53.946],[43.931,53.892],[43.98,53.854],[43.981,53.78],[44.067,53.726],[44.324,53.68],[44.542,53.701],[44.598,53.661],[44.751,53.686],[44.78,53.715],[44.66,53.805],[44.648,53.868],[44.891,53.954],[45.265,53.962],[45.291,53.895],[45.34,53.878],[45.564,53.922],[45.784,53.927],[45.849,53.978],[46.045,53.995],[46.226,53.901],[46.218,53.85],[46.254,53.803],[46.499,53.625],[46.491,53.496],[46.543,53.471],[46.723,53.486],[46.736,53.448],[46.92,53.368],[46.954,53.312],[46.907,53.232],[46.966,53.16],[46.914,52.924],[46.985,52.814],[46.967,52.767],[46.828,52.698],[46.802,52.642],[46.689,52.665],[46.647,52.732],[46.504,52.685],[46.395,52.695],[46.307,52.615],[46.193,52.617],[46.123,52.558],[46.002,52.524],[46.053,52.437],[46.02,52.406],[45.679,52.519],[45.531,52.415],[45.21,52.423],[45.144,52.407],[45.075,52.337],[44.891,52.464],[44.728,52.469],[44.588,52.51],[44.543,52.406],[44.308,52.294],[44.171,52.357],[43.966,52.375],[43.815,52.445],[43.559,52.402],[43.467,52.355],[43.284,52.452],[43.217,52.45],[43.115,52.397],[43.139,52.469],[43.119,52.498],[43.282,52.611],[43.277,52.675],[42.982,52.903],[42.591,53.112],[42.599,53.182],[42.442,53.312],[42.286,53.34],[42.309,53.435],[42.121,53.507],[42.108,53.553],[42.14,53.626],[42.122,53.692],[42.15,53.762],[42.114,53.781],[42.353,53.804],[42.523,53.713],[42.539,53.724],[42.5,53.754],[42.505,53.785],[42.57,53.823],[42.626,53.761],[42.764,53.809],[43.211,53.81],[43.253,53.863],[43.186,53.907],[43.191,53.935],[43.268,54.01],[43.301,54.009]]]}},{"type":"Feature","properties":{"id":"56","name":"Perm’"},"geometry":{"type":"Polygon","coordinates":[[[53.435,61.054],[53.342,60.9],[53.829,60.86],[53.881,60.987],[54.989,60.904],[55.116,61.048],[55.227,61.038],[55.317,61.159],[55.773,61.143],[55.907,61.296],[56.296,61.249],[56.456,61.459],[56.584,61.45],[56.645,61.526],[56.699,61.522],[56.744,61.56],[57.11,61.502],[57.23,61.534],[58.035,61.507],[58.85,61.519],[59.074,61.556],[59.152,61.629],[59.395,61.698],[59.497,61.578],[59.418,61.447],[59.307,61.346],[59.31,61.268],[59.376,61.044],[59.503,60.924],[59.501,60.766],[59.433,60.673],[59.406,60.572],[59.215,60.351],[59.246,60.304],[59.227,60.254],[59.07,59.985],[58.776,59.853],[58.631,59.736],[58.489,59.492],[58.601,59.443],[58.74,59.324],[58.988,59.283],[59.157,59.171],[59.135,59.079],[59.212,58.983],[59.11,58.925],[59.108,58.837],[59.175,58.825],[59.21,58.767],[59.28,58.74],[59.456,58.736],[59.414,58.677],[59.476,58.546],[59.428,58.499],[59.239,58.432],[59.19,58.353],[59.133,58.332],[58.998,58.345],[58.811,58.264],[58.756,58.191],[58.599,58.094],[58.61,57.997],[58.688,57.938],[58.848,57.918],[58.885,57.883],[58.899,57.827],[58.876,57.788],[58.684,57.712],[58.54,57.619],[58.507,57.638],[58.472,57.735],[58.299,57.727],[58.158,57.758],[58.068,57.706],[58.066,57.657],[57.972,57.59],[58,57.526],[57.897,57.402],[57.909,57.363],[58.044,57.304],[57.997,57.264],[57.998,57.207],[58.09,57.137],[58.054,57.114],[58.093,57.072],[58.055,57.057],[57.953,57.097],[57.692,56.934],[57.594,56.909],[57.362,56.959],[57.286,56.925],[57.26,56.839],[57.441,56.676],[57.382,56.591],[57.389,56.4],[57.417,56.342],[57.224,56.23],[57.206,56.188],[56.869,56.114],[56.74,56.225],[56.576,56.313],[56.57,56.355],[56.499,56.384],[56.405,56.381],[56.266,56.315],[56.106,56.289],[56.046,56.309],[55.861,56.5],[55.793,56.508],[55.574,56.47],[55.358,56.388],[55.186,56.446],[54.963,56.405],[54.864,56.457],[54.76,56.472],[54.711,56.542],[54.621,56.558],[54.57,56.541],[54.402,56.372],[54.346,56.499],[54.256,56.515],[54.093,56.628],[54.119,56.685],[54.061,56.702],[53.961,56.672],[53.945,56.613],[53.883,56.656],[53.893,56.73],[53.848,56.766],[53.865,56.824],[54.065,56.838],[54.203,56.999],[54.435,57.085],[54.416,57.11],[54.332,57.115],[54.307,57.155],[54.344,57.194],[54.304,57.256],[54.305,57.325],[54.198,57.322],[54.17,57.347],[54.198,57.415],[54.28,57.459],[54.256,57.504],[54.063,57.598],[54.128,57.659],[54.126,57.741],[54.193,57.83],[54.131,57.911],[54.118,57.99],[53.946,58.108],[53.817,58.25],[53.88,58.296],[53.888,58.336],[53.775,58.49],[53.736,58.632],[53.767,58.664],[53.724,58.702],[53.752,58.747],[53.896,58.788],[53.787,58.862],[53.744,59.008],[53.831,59.072],[53.826,59.098],[53.765,59.125],[53.667,59.112],[53.508,59.158],[53.387,59.159],[53.209,59.363],[53.396,59.559],[53.431,59.7],[53.556,59.71],[53.65,59.912],[53.653,60.068],[53.444,60.231],[53.368,60.214],[53.345,60.144],[52.378,60.237],[52.286,60.266],[52.373,60.339],[52.324,60.394],[52.343,60.455],[52.134,60.49],[52.152,60.54],[51.768,60.612],[51.908,60.9],[52.348,60.859],[52.473,60.982],[52.78,60.97],[52.87,61.091],[53.435,61.054]]]}},{"type":"Feature","properties":{"id":"57","name":"Primor’ye"},"geometry":{"type":"MultiPolygon","coordinates":[[[[130.821,42.463],[130.821,42.463],[130.822,42.463],[130.822,42.463],[130.822,42.463],[130.822,42.462],[130.822,42.462],[130.822,42.461],[130.822,42.461],[130.822,42.461],[130.822,42.461],[130.822,42.461],[130.82,42.461],[130.82,42.461],[130.819,42.461],[130.819,42.461],[130.819,42.461],[130.819,42.462],[130.819,42.462],[130.819,42.462],[130.82,42.462],[130.82,42.463],[130.82,42.463],[130.82,42.463],[130.821,42.463]]],[[[130.931,42.476],[130.931,42.475],[130.932,42.475],[130.932,42.475],[130.933,42.475],[130.933,42.475],[130.933,42.475],[130.933,42.474],[130.934,42.474],[130.934,42.474],[130.934,42.474],[130.934,42.474],[130.935,42.474],[130.935,42.473],[130.936,42.473],[130.936,42.473],[130.936,42.473],[130.936,42.472],[130.937,42.472],[130.937,42.471],[130.936,42.471],[130.936,42.47],[130.936,42.47],[130.936,42.47],[130.935,42.47],[130.935,42.47],[130.935,42.47],[130.934,42.47],[130.934,42.47],[130.933,42.47],[130.933,42.469],[130.933,42.469],[130.933,42.468],[130.933,42.468],[130.933,42.468],[130.934,42.468],[130.934,42.467],[130.934,42.467],[130.934,42.467],[130.935,42.467],[130.935,42.467],[130.936,42.467],[130.936,42.467],[130.936,42.467],[130.936,42.466],[130.936,42.466],[130.936,42.466],[130.935,42.466],[130.935,42.466],[130.935,42.465],[130.934,42.465],[130.932,42.465],[130.932,42.465],[130.931,42.465],[130.931,42.465],[130.93,42.465],[130.93,42.465],[130.928,42.465],[130.928,42.464],[130.927,42.464],[130.927,42.464],[130.927,42.464],[130.927,42.463],[130.926,42.463],[130.926,42.463],[130.926,42.463],[130.926,42.462],[130.925,42.462],[130.925,42.462],[130.925,42.462],[130.925,42.461],[130.925,42.461],[130.925,42.461],[130.925,42.461],[130.925,42.46],[130.924,42.46],[130.924,42.461],[130.924,42.461],[130.924,42.461],[130.923,42.461],[130.923,42.461],[130.922,42.461],[130.922,42.461],[130.921,42.461],[130.921,42.46],[130.92,42.46],[130.92,42.459],[130.92,42.459],[130.92,42.459],[130.92,42.459],[130.92,42.459],[130.919,42.459],[130.919,42.458],[130.919,42.458],[130.919,42.458],[130.918,42.458],[130.918,42.457],[130.918,42.457],[130.918,42.457],[130.916,42.457],[130.916,42.457],[130.916,42.457],[130.916,42.458],[130.914,42.458],[130.914,42.457],[130.913,42.457],[130.913,42.458],[130.911,42.458],[130.911,42.457],[130.911,42.457],[130.91,42.457],[130.91,42.458],[130.91,42.458],[130.91,42.457],[130.909,42.457],[130.909,42.457],[130.908,42.457],[130.908,42.457],[130.907,42.457],[130.907,42.457],[130.907,42.457],[130.907,42.458],[130.907,42.458],[130.907,42.458],[130.907,42.458],[130.907,42.458],[130.907,42.458],[130.907,42.459],[130.907,42.459],[130.907,42.459],[130.908,42.459],[130.908,42.46],[130.908,42.46],[130.908,42.46],[130.908,42.46],[130.908,42.461],[130.909,42.461],[130.909,42.461],[130.909,42.461],[130.909,42.461],[130.909,42.461],[130.909,42.462],[130.91,42.462],[130.91,42.462],[130.91,42.462],[130.91,42.462],[130.911,42.462],[130.911,42.463],[130.911,42.463],[130.911,42.463],[130.911,42.463],[130.911,42.463],[130.912,42.463],[130.912,42.465],[130.912,42.465],[130.912,42.465],[130.912,42.465],[130.912,42.466],[130.913,42.466],[130.913,42.466],[130.913,42.466],[130.913,42.467],[130.913,42.467],[130.913,42.468],[130.913,42.468],[130.913,42.468],[130.914,42.468],[130.914,42.469],[130.913,42.469],[130.913,42.469],[130.912,42.469],[130.912,42.47],[130.912,42.47],[130.912,42.47],[130.912,42.47],[130.912,42.47],[130.911,42.47],[130.911,42.471],[130.911,42.471],[130.911,42.471],[130.911,42.471],[130.911,42.472],[130.91,42.472],[130.91,42.472],[130.91,42.472],[130.91,42.473],[130.91,42.473],[130.91,42.473],[130.911,42.473],[130.911,42.474],[130.911,42.474],[130.911,42.474],[130.913,42.474],[130.913,42.474],[130.914,42.474],[130.914,42.473],[130.914,42.473],[130.914,42.473],[130.915,42.473],[130.915,42.473],[130.915,42.473],[130.915,42.472],[130.915,42.472],[130.915,42.472],[130.916,42.472],[130.916,42.472],[130.917,42.472],[130.917,42.473],[130.918,42.473],[130.919,42.473],[130.919,42.473],[130.92,42.473],[130.92,42.473],[130.92,42.473],[130.92,42.474],[130.92,42.474],[130.92,42.475],[130.921,42.475],[130.921,42.475],[130.921,42.475],[130.921,42.475],[130.922,42.475],[130.922,42.474],[130.922,42.474],[130.922,42.473],[130.922,42.473],[130.922,42.472],[130.922,42.472],[130.923,42.472],[130.923,42.472],[130.924,42.472],[130.924,42.472],[130.924,42.472],[130.924,42.472],[130.925,42.472],[130.926,42.472],[130.926,42.473],[130.928,42.473],[130.928,42.472],[130.93,42.472],[130.93,42.473],[130.93,42.473],[130.93,42.473],[130.93,42.473],[130.93,42.473],[130.929,42.473],[130.929,42.474],[130.929,42.474],[130.929,42.475],[130.929,42.475],[130.929,42.475],[130.93,42.475],[130.93,42.476],[130.931,42.476]]],[[[131.183,42.559],[131.183,42.558],[131.183,42.558],[131.183,42.558],[131.183,42.558],[131.183,42.557],[131.184,42.557],[131.184,42.557],[131.184,42.557],[131.184,42.556],[131.185,42.556],[131.185,42.556],[131.184,42.556],[131.184,42.555],[131.184,42.555],[131.184,42.555],[131.183,42.555],[131.183,42.555],[131.182,42.555],[131.182,42.556],[131.182,42.556],[131.182,42.557],[131.182,42.558],[131.182,42.558],[131.182,42.559],[131.183,42.559]]],[[[131.23,42.612],[131.23,42.612],[131.23,42.612],[131.23,42.611],[131.23,42.611],[131.23,42.611],[131.23,42.611],[131.23,42.611],[131.229,42.611],[131.229,42.61],[131.229,42.61],[131.229,42.61],[131.229,42.61],[131.229,42.61],[131.228,42.61],[131.228,42.609],[131.228,42.609],[131.228,42.609],[131.228,42.609],[131.228,42.609],[131.228,42.609],[131.228,42.608],[131.227,42.608],[131.227,42.608],[131.225,42.608],[131.225,42.608],[131.225,42.608],[131.225,42.608],[131.225,42.608],[131.225,42.608],[131.225,42.608],[131.225,42.609],[131.225,42.609],[131.225,42.609],[131.225,42.609],[131.225,42.609],[131.226,42.609],[131.226,42.61],[131.226,42.61],[131.226,42.61],[131.227,42.61],[131.227,42.61],[131.227,42.61],[131.227,42.61],[131.227,42.61],[131.227,42.611],[131.227,42.611],[131.227,42.611],[131.228,42.611],[131.228,42.611],[131.228,42.611],[131.228,42.612],[131.228,42.612],[131.228,42.612],[131.23,42.612]]],[[[130.971,42.618],[130.971,42.618],[130.971,42.618],[130.971,42.617],[130.971,42.617],[130.971,42.617],[130.972,42.617],[130.972,42.613],[130.971,42.613],[130.971,42.613],[130.97,42.613],[130.97,42.613],[130.97,42.613],[130.97,42.613],[130.969,42.613],[130.969,42.614],[130.969,42.614],[130.969,42.615],[130.969,42.615],[130.969,42.616],[130.97,42.616],[130.97,42.616],[130.969,42.616],[130.969,42.617],[130.969,42.617],[130.969,42.618],[130.969,42.618],[130.969,42.618],[130.971,42.618]]],[[[130.967,42.623],[130.967,42.623],[130.968,42.623],[130.968,42.622],[130.968,42.622],[130.968,42.621],[130.967,42.621],[130.967,42.622],[130.966,42.622],[130.966,42.622],[130.966,42.622],[130.966,42.622],[130.966,42.622],[130.966,42.623],[130.966,42.623],[130.966,42.623],[130.967,42.623]]],[[[131.429,42.672],[131.429,42.672],[131.429,42.672],[131.429,42.671],[131.429,42.671],[131.429,42.67],[131.43,42.67],[131.43,42.67],[131.43,42.67],[131.43,42.67],[131.432,42.67],[131.432,42.669],[131.432,42.669],[131.432,42.669],[131.432,42.669],[131.432,42.668],[131.433,42.668],[131.433,42.668],[131.433,42.668],[131.433,42.668],[131.433,42.668],[131.433,42.668],[131.434,42.668],[131.434,42.667],[131.434,42.667],[131.434,42.667],[131.435,42.667],[131.435,42.667],[131.435,42.667],[131.435,42.667],[131.436,42.667],[131.436,42.665],[131.436,42.665],[131.436,42.664],[131.429,42.664],[131.429,42.665],[131.428,42.665],[131.428,42.665],[131.428,42.665],[131.428,42.665],[131.428,42.665],[131.428,42.665],[131.427,42.665],[131.427,42.665],[131.427,42.665],[131.427,42.665],[131.426,42.665],[131.426,42.665],[131.425,42.665],[131.425,42.666],[131.425,42.666],[131.425,42.667],[131.425,42.667],[131.425,42.669],[131.426,42.669],[131.426,42.669],[131.426,42.669],[131.426,42.67],[131.426,42.67],[131.426,42.67],[131.427,42.67],[131.427,42.67],[131.427,42.67],[131.427,42.671],[131.427,42.671],[131.427,42.671],[131.427,42.671],[131.427,42.671],[131.428,42.671],[131.428,42.672],[131.428,42.672],[131.428,42.672],[131.428,42.672],[131.428,42.672],[131.428,42.672],[131.428,42.672],[131.429,42.672]]],[[[131.363,42.674],[131.363,42.673],[131.363,42.673],[131.363,42.673],[131.363,42.673],[131.363,42.673],[131.363,42.673],[131.363,42.673],[131.364,42.673],[131.364,42.672],[131.364,42.672],[131.364,42.672],[131.364,42.672],[131.364,42.672],[131.365,42.672],[131.365,42.671],[131.365,42.671],[131.365,42.67],[131.365,42.67],[131.365,42.67],[131.361,42.67],[131.361,42.67],[131.361,42.67],[131.361,42.669],[131.361,42.669],[131.361,42.669],[131.36,42.669],[131.36,42.669],[131.36,42.669],[131.36,42.668],[131.36,42.668],[131.36,42.668],[131.36,42.668],[131.36,42.668],[131.359,42.668],[131.359,42.668],[131.358,42.668],[131.358,42.668],[131.359,42.668],[131.359,42.67],[131.358,42.67],[131.358,42.67],[131.358,42.67],[131.358,42.67],[131.358,42.67],[131.358,42.67],[131.358,42.67],[131.358,42.671],[131.358,42.671],[131.358,42.671],[131.358,42.671],[131.358,42.672],[131.358,42.672],[131.358,42.672],[131.359,42.672],[131.359,42.672],[131.359,42.672],[131.359,42.673],[131.36,42.673],[131.36,42.673],[131.36,42.673],[131.36,42.673],[131.361,42.673],[131.361,42.673],[131.362,42.673],[131.362,42.674],[131.363,42.674]]],[[[131.468,42.675],[131.462,42.64],[131.435,42.643],[131.468,42.675]]],[[[131.425,42.68],[131.425,42.68],[131.426,42.68],[131.426,42.679],[131.425,42.679],[131.425,42.679],[131.425,42.679],[131.425,42.678],[131.425,42.678],[131.425,42.678],[131.426,42.678],[131.426,42.678],[131.426,42.678],[131.426,42.677],[131.427,42.677],[131.427,42.677],[131.427,42.677],[131.427,42.677],[131.427,42.677],[131.427,42.677],[131.428,42.677],[131.428,42.677],[131.428,42.677],[131.428,42.676],[131.428,42.676],[131.428,42.676],[131.428,42.676],[131.428,42.675],[131.429,42.675],[131.429,42.675],[131.429,42.675],[131.429,42.675],[131.429,42.675],[131.429,42.674],[131.43,42.674],[131.43,42.674],[131.43,42.674],[131.43,42.674],[131.43,42.674],[131.43,42.673],[131.429,42.673],[131.429,42.673],[131.428,42.673],[131.428,42.673],[131.428,42.673],[131.428,42.674],[131.428,42.674],[131.428,42.674],[131.427,42.674],[131.427,42.674],[131.427,42.674],[131.427,42.675],[131.427,42.675],[131.427,42.676],[131.426,42.676],[131.426,42.676],[131.426,42.676],[131.426,42.676],[131.425,42.676],[131.425,42.676],[131.425,42.676],[131.425,42.677],[131.425,42.677],[131.425,42.677],[131.424,42.677],[131.424,42.678],[131.424,42.678],[131.424,42.678],[131.424,42.678],[131.424,42.678],[131.423,42.678],[131.423,42.679],[131.423,42.679],[131.423,42.679],[131.422,42.679],[131.422,42.679],[131.422,42.679],[131.422,42.68],[131.422,42.68],[131.422,42.68],[131.423,42.68],[131.423,42.68],[131.423,42.68],[131.423,42.68],[131.423,42.68],[131.423,42.679],[131.424,42.679],[131.424,42.68],[131.425,42.68],[131.425,42.68],[131.425,42.68],[131.425,42.68],[131.425,42.68]]],[[[131.355,42.684],[131.355,42.684],[131.355,42.684],[131.355,42.684],[131.356,42.684],[131.356,42.683],[131.356,42.683],[131.356,42.683],[131.356,42.683],[131.356,42.683],[131.357,42.683],[131.357,42.682],[131.357,42.682],[131.357,42.682],[131.357,42.682],[131.357,42.681],[131.356,42.681],[131.356,42.681],[131.355,42.681],[131.355,42.681],[131.354,42.681],[131.354,42.681],[131.353,42.681],[131.353,42.681],[131.352,42.681],[131.352,42.682],[131.352,42.682],[131.352,42.682],[131.352,42.682],[131.352,42.682],[131.352,42.682],[131.352,42.683],[131.352,42.683],[131.352,42.684],[131.352,42.684],[131.352,42.683],[131.352,42.683],[131.352,42.684],[131.353,42.684],[131.353,42.684],[131.354,42.684],[131.354,42.684],[131.355,42.684]]],[[[131.37,42.697],[131.37,42.697],[131.37,42.697],[131.37,42.697],[131.371,42.697],[131.371,42.697],[131.371,42.697],[131.371,42.696],[131.372,42.696],[131.372,42.696],[131.372,42.696],[131.372,42.694],[131.372,42.694],[131.372,42.695],[131.372,42.695],[131.372,42.694],[131.373,42.694],[131.373,42.694],[131.373,42.694],[131.373,42.694],[131.374,42.694],[131.374,42.693],[131.374,42.693],[131.374,42.693],[131.374,42.693],[131.374,42.693],[131.373,42.693],[131.373,42.693],[131.372,42.693],[131.372,42.692],[131.371,42.692],[131.371,42.692],[131.37,42.692],[131.37,42.692],[131.366,42.692],[131.366,42.692],[131.365,42.692],[131.365,42.691],[131.365,42.691],[131.365,42.691],[131.363,42.691],[131.363,42.691],[131.363,42.691],[131.363,42.691],[131.36,42.691],[131.36,42.692],[131.36,42.692],[131.36,42.692],[131.36,42.692],[131.36,42.692],[131.36,42.692],[131.36,42.693],[131.361,42.693],[131.361,42.693],[131.361,42.693],[131.361,42.693],[131.361,42.693],[131.361,42.695],[131.362,42.695],[131.362,42.696],[131.363,42.696],[131.363,42.695],[131.363,42.695],[131.363,42.695],[131.363,42.695],[131.363,42.695],[131.367,42.695],[131.367,42.695],[131.367,42.695],[131.367,42.696],[131.367,42.696],[131.367,42.696],[131.368,42.696],[131.368,42.697],[131.368,42.697],[131.368,42.697],[131.368,42.697],[131.368,42.697],[131.37,42.697]]],[[[131.5,42.732],[131.5,42.732],[131.5,42.732],[131.5,42.731],[131.5,42.731],[131.5,42.731],[131.5,42.731],[131.5,42.731],[131.501,42.731],[131.501,42.73],[131.501,42.73],[131.501,42.73],[131.502,42.73],[131.502,42.73],[131.502,42.73],[131.502,42.73],[131.504,42.73],[131.504,42.73],[131.505,42.73],[131.506,42.73],[131.506,42.73],[131.507,42.73],[131.507,42.73],[131.507,42.73],[131.507,42.73],[131.508,42.73],[131.508,42.729],[131.508,42.729],[131.508,42.729],[131.508,42.729],[131.508,42.729],[131.509,42.729],[131.509,42.728],[131.509,42.728],[131.509,42.728],[131.51,42.728],[131.51,42.728],[131.51,42.728],[131.51,42.728],[131.511,42.728],[131.511,42.727],[131.512,42.727],[131.512,42.727],[131.512,42.727],[131.512,42.727],[131.513,42.727],[131.513,42.727],[131.515,42.727],[131.515,42.725],[131.516,42.725],[131.516,42.724],[131.517,42.724],[131.517,42.724],[131.517,42.724],[131.517,42.723],[131.517,42.723],[131.517,42.723],[131.517,42.723],[131.517,42.723],[131.518,42.723],[131.518,42.722],[131.518,42.722],[131.518,42.722],[131.518,42.722],[131.518,42.721],[131.518,42.721],[131.518,42.721],[131.519,42.721],[131.519,42.721],[131.519,42.721],[131.519,42.72],[131.52,42.72],[131.52,42.72],[131.521,42.72],[131.521,42.72],[131.522,42.72],[131.522,42.72],[131.522,42.72],[131.522,42.719],[131.523,42.719],[131.523,42.719],[131.523,42.719],[131.523,42.718],[131.523,42.718],[131.523,42.717],[131.524,42.717],[131.524,42.716],[131.523,42.716],[131.523,42.716],[131.522,42.716],[131.522,42.716],[131.52,42.716],[131.52,42.715],[131.519,42.715],[131.519,42.715],[131.518,42.715],[131.518,42.715],[131.518,42.715],[131.518,42.716],[131.517,42.716],[131.517,42.717],[131.517,42.717],[131.517,42.717],[131.516,42.717],[131.516,42.717],[131.516,42.717],[131.516,42.717],[131.516,42.718],[131.516,42.718],[131.516,42.718],[131.515,42.718],[131.515,42.718],[131.513,42.718],[131.513,42.718],[131.513,42.718],[131.513,42.719],[131.512,42.719],[131.512,42.719],[131.51,42.719],[131.51,42.719],[131.51,42.719],[131.51,42.72],[131.509,42.72],[131.509,42.72],[131.509,42.72],[131.509,42.721],[131.508,42.721],[131.508,42.721],[131.508,42.721],[131.508,42.722],[131.508,42.722],[131.508,42.722],[131.508,42.722],[131.508,42.722],[131.507,42.722],[131.507,42.722],[131.507,42.722],[131.507,42.723],[131.507,42.723],[131.507,42.723],[131.506,42.723],[131.506,42.723],[131.505,42.723],[131.505,42.724],[131.505,42.724],[131.505,42.724],[131.504,42.724],[131.504,42.725],[131.504,42.725],[131.504,42.725],[131.503,42.725],[131.503,42.725],[131.503,42.725],[131.503,42.726],[131.503,42.726],[131.503,42.726],[131.503,42.726],[131.503,42.727],[131.502,42.727],[131.502,42.727],[131.502,42.727],[131.502,42.727],[131.502,42.727],[131.502,42.727],[131.501,42.727],[131.501,42.728],[131.501,42.728],[131.501,42.729],[131.501,42.729],[131.501,42.729],[131.5,42.729],[131.5,42.73],[131.5,42.73],[131.5,42.73],[131.5,42.73],[131.5,42.731],[131.5,42.731],[131.5,42.731],[131.499,42.731],[131.499,42.732],[131.5,42.732]]],[[[133.239,42.736],[133.239,42.735],[133.239,42.735],[133.239,42.735],[133.24,42.735],[133.24,42.735],[133.24,42.735],[133.24,42.734],[133.24,42.734],[133.24,42.733],[133.24,42.733],[133.24,42.732],[133.24,42.732],[133.24,42.732],[133.238,42.732],[133.238,42.732],[133.238,42.732],[133.238,42.734],[133.238,42.734],[133.238,42.734],[133.238,42.734],[133.238,42.734],[133.237,42.734],[133.237,42.735],[133.238,42.735],[133.238,42.736],[133.239,42.736]]],[[[133.232,42.737],[133.232,42.737],[133.232,42.74],[133.233,42.74],[133.234,42.74],[133.234,42.739],[133.234,42.739],[133.234,42.739],[133.234,42.739],[133.234,42.738],[133.233,42.738],[133.233,42.738],[133.233,42.738],[133.233,42.737],[133.233,42.737],[133.233,42.737],[133.232,42.737]]],[[[131.348,42.765],[131.348,42.765],[131.348,42.765],[131.348,42.764],[131.348,42.764],[131.348,42.764],[131.349,42.764],[131.349,42.764],[131.349,42.764],[131.349,42.763],[131.35,42.763],[131.35,42.762],[131.349,42.762],[131.349,42.762],[131.349,42.762],[131.349,42.761],[131.349,42.761],[131.349,42.761],[131.348,42.761],[131.348,42.76],[131.348,42.76],[131.348,42.761],[131.347,42.761],[131.347,42.761],[131.346,42.761],[131.346,42.761],[131.345,42.761],[131.345,42.762],[131.345,42.762],[131.345,42.762],[131.345,42.762],[131.345,42.763],[131.345,42.763],[131.345,42.763],[131.345,42.763],[131.345,42.764],[131.345,42.764],[131.345,42.764],[131.347,42.764],[131.347,42.765],[131.347,42.765],[131.347,42.765],[131.348,42.765]]],[[[132.912,42.766],[132.912,42.765],[132.913,42.765],[132.913,42.765],[132.913,42.765],[132.913,42.765],[132.914,42.765],[132.914,42.764],[132.914,42.764],[132.914,42.764],[132.915,42.764],[132.915,42.763],[132.915,42.762],[132.914,42.762],[132.914,42.762],[132.914,42.762],[132.914,42.762],[132.913,42.762],[132.913,42.761],[132.912,42.761],[132.912,42.761],[132.912,42.761],[132.912,42.761],[132.912,42.761],[132.912,42.76],[132.911,42.76],[132.911,42.76],[132.911,42.76],[132.911,42.758],[132.91,42.758],[132.91,42.758],[132.908,42.758],[132.908,42.758],[132.907,42.758],[132.907,42.758],[132.906,42.758],[132.906,42.758],[132.906,42.758],[132.905,42.758],[132.905,42.757],[132.905,42.757],[132.905,42.757],[132.905,42.757],[132.905,42.757],[132.904,42.757],[132.904,42.757],[132.904,42.757],[132.904,42.756],[132.903,42.756],[132.903,42.756],[132.903,42.756],[132.903,42.756],[132.903,42.756],[132.903,42.755],[132.902,42.755],[132.902,42.755],[132.902,42.755],[132.902,42.755],[132.902,42.755],[132.902,42.755],[132.902,42.755],[132.902,42.754],[132.901,42.754],[132.901,42.754],[132.9,42.754],[132.9,42.754],[132.9,42.754],[132.9,42.759],[132.9,42.759],[132.9,42.76],[132.9,42.76],[132.9,42.76],[132.901,42.76],[132.901,42.76],[132.902,42.76],[132.902,42.761],[132.902,42.761],[132.902,42.761],[132.902,42.761],[132.902,42.761],[132.903,42.761],[132.903,42.762],[132.903,42.762],[132.903,42.762],[132.904,42.762],[132.904,42.762],[132.905,42.762],[132.905,42.762],[132.905,42.762],[132.905,42.763],[132.906,42.763],[132.906,42.763],[132.906,42.763],[132.906,42.763],[132.907,42.763],[132.907,42.763],[132.907,42.763],[132.907,42.764],[132.908,42.764],[132.908,42.764],[132.908,42.764],[132.908,42.764],[132.909,42.764],[132.909,42.765],[132.91,42.765],[132.91,42.765],[132.91,42.765],[132.91,42.765],[132.911,42.765],[132.911,42.765],[132.911,42.765],[132.911,42.766],[132.912,42.766]]],[[[132.348,42.782],[132.37,42.731],[132.307,42.75],[132.348,42.782]]],[[[132.474,42.789],[132.474,42.788],[132.474,42.788],[132.474,42.788],[132.474,42.788],[132.474,42.788],[132.475,42.788],[132.475,42.787],[132.475,42.787],[132.475,42.787],[132.475,42.787],[132.475,42.786],[132.475,42.786],[132.475,42.785],[132.474,42.785],[132.474,42.786],[132.474,42.786],[132.474,42.787],[132.474,42.787],[132.474,42.787],[132.473,42.787],[132.473,42.787],[132.473,42.787],[132.473,42.788],[132.473,42.788],[132.473,42.788],[132.473,42.788],[132.473,42.789],[132.474,42.789]]],[[[131.45,42.814],[131.45,42.814],[131.45,42.814],[131.45,42.813],[131.45,42.813],[131.45,42.813],[131.451,42.813],[131.451,42.813],[131.452,42.813],[131.452,42.813],[131.452,42.813],[131.452,42.812],[131.452,42.812],[131.452,42.812],[131.452,42.812],[131.452,42.811],[131.453,42.811],[131.453,42.811],[131.453,42.811],[131.453,42.811],[131.453,42.811],[131.453,42.81],[131.453,42.81],[131.453,42.809],[131.454,42.809],[131.454,42.808],[131.454,42.808],[131.454,42.807],[131.454,42.807],[131.454,42.806],[131.453,42.806],[131.453,42.806],[131.453,42.806],[131.453,42.806],[131.453,42.806],[131.453,42.805],[131.453,42.805],[131.453,42.805],[131.454,42.805],[131.454,42.804],[131.455,42.804],[131.455,42.803],[131.454,42.803],[131.454,42.803],[131.454,42.803],[131.454,42.803],[131.454,42.803],[131.454,42.803],[131.453,42.803],[131.453,42.802],[131.453,42.802],[131.453,42.802],[131.453,42.802],[131.453,42.802],[131.452,42.802],[131.452,42.802],[131.452,42.802],[131.452,42.804],[131.452,42.804],[131.452,42.804],[131.452,42.804],[131.452,42.804],[131.451,42.804],[131.451,42.805],[131.451,42.805],[131.451,42.805],[131.451,42.805],[131.451,42.806],[131.45,42.806],[131.45,42.806],[131.45,42.806],[131.45,42.807],[131.449,42.807],[131.449,42.806],[131.449,42.806],[131.449,42.804],[131.449,42.804],[131.449,42.803],[131.448,42.803],[131.448,42.803],[131.448,42.803],[131.448,42.802],[131.448,42.802],[131.448,42.801],[131.446,42.801],[131.446,42.8],[131.446,42.8],[131.446,42.8],[131.445,42.8],[131.445,42.8],[131.444,42.8],[131.444,42.799],[131.444,42.799],[131.444,42.798],[131.443,42.798],[131.443,42.798],[131.443,42.798],[131.443,42.798],[131.442,42.798],[131.442,42.798],[131.442,42.798],[131.442,42.798],[131.441,42.798],[131.441,42.798],[131.441,42.798],[131.441,42.799],[131.44,42.799],[131.44,42.8],[131.44,42.8],[131.44,42.801],[131.439,42.801],[131.439,42.802],[131.44,42.802],[131.44,42.803],[131.44,42.803],[131.44,42.803],[131.44,42.803],[131.44,42.803],[131.44,42.803],[131.44,42.804],[131.44,42.804],[131.44,42.804],[131.44,42.804],[131.44,42.806],[131.44,42.806],[131.44,42.806],[131.441,42.806],[131.441,42.806],[131.441,42.806],[131.441,42.807],[131.441,42.807],[131.441,42.807],[131.441,42.807],[131.441,42.808],[131.441,42.808],[131.441,42.808],[131.441,42.808],[131.441,42.809],[131.441,42.809],[131.441,42.81],[131.442,42.81],[131.442,42.81],[131.442,42.81],[131.442,42.81],[131.443,42.81],[131.443,42.81],[131.443,42.81],[131.443,42.811],[131.443,42.811],[131.443,42.812],[131.444,42.812],[131.444,42.812],[131.444,42.812],[131.444,42.813],[131.444,42.813],[131.444,42.813],[131.445,42.813],[131.445,42.813],[131.446,42.813],[131.446,42.813],[131.446,42.813],[131.446,42.812],[131.446,42.812],[131.446,42.812],[131.447,42.812],[131.447,42.813],[131.447,42.813],[131.447,42.813],[131.448,42.813],[131.448,42.814],[131.448,42.814],[131.448,42.814],[131.448,42.814],[131.448,42.814],[131.45,42.814],[131.45,42.814],[131.45,42.814]]],[[[132.361,42.817],[132.361,42.817],[132.362,42.817],[132.362,42.817],[132.362,42.817],[132.362,42.816],[132.362,42.816],[132.362,42.816],[132.362,42.816],[132.362,42.816],[132.363,42.816],[132.363,42.815],[132.364,42.815],[132.364,42.815],[132.364,42.815],[132.364,42.815],[132.365,42.815],[132.365,42.815],[132.365,42.815],[132.365,42.814],[132.366,42.814],[132.366,42.814],[132.366,42.814],[132.366,42.813],[132.366,42.813],[132.366,42.813],[132.365,42.813],[132.365,42.813],[132.365,42.813],[132.365,42.812],[132.365,42.812],[132.365,42.812],[132.364,42.812],[132.364,42.812],[132.364,42.812],[132.364,42.812],[132.364,42.812],[132.364,42.811],[132.363,42.811],[132.363,42.811],[132.363,42.811],[132.363,42.811],[132.362,42.811],[132.362,42.81],[132.362,42.81],[132.362,42.81],[132.361,42.81],[132.361,42.81],[132.361,42.81],[132.361,42.811],[132.361,42.811],[132.361,42.811],[132.362,42.811],[132.362,42.811],[132.362,42.811],[132.362,42.812],[132.363,42.812],[132.363,42.812],[132.363,42.812],[132.363,42.814],[132.363,42.814],[132.363,42.815],[132.362,42.815],[132.362,42.815],[132.36,42.815],[132.36,42.816],[132.36,42.816],[132.36,42.817],[132.361,42.817]]],[[[131.619,42.832],[131.619,42.831],[131.619,42.831],[131.619,42.831],[131.619,42.831],[131.619,42.83],[131.62,42.83],[131.62,42.83],[131.62,42.83],[131.62,42.83],[131.62,42.83],[131.62,42.83],[131.62,42.83],[131.62,42.829],[131.621,42.829],[131.621,42.828],[131.621,42.828],[131.621,42.828],[131.621,42.828],[131.621,42.828],[131.62,42.828],[131.62,42.827],[131.62,42.827],[131.62,42.827],[131.62,42.827],[131.62,42.827],[131.619,42.827],[131.619,42.825],[131.619,42.825],[131.619,42.825],[131.619,42.825],[131.619,42.824],[131.618,42.824],[131.618,42.824],[131.618,42.824],[131.618,42.824],[131.618,42.824],[131.618,42.824],[131.617,42.824],[131.617,42.824],[131.617,42.824],[131.617,42.823],[131.616,42.823],[131.616,42.824],[131.615,42.824],[131.615,42.824],[131.615,42.824],[131.615,42.824],[131.614,42.824],[131.614,42.825],[131.614,42.825],[131.614,42.825],[131.613,42.825],[131.613,42.825],[131.613,42.825],[131.613,42.825],[131.612,42.825],[131.612,42.825],[131.612,42.825],[131.612,42.825],[131.611,42.825],[131.611,42.825],[131.61,42.825],[131.61,42.825],[131.61,42.825],[131.61,42.826],[131.61,42.826],[131.61,42.826],[131.61,42.826],[131.61,42.827],[131.609,42.827],[131.609,42.827],[131.609,42.827],[131.609,42.828],[131.61,42.828],[131.61,42.828],[131.611,42.828],[131.611,42.829],[131.612,42.829],[131.612,42.829],[131.612,42.829],[131.612,42.829],[131.613,42.829],[131.613,42.829],[131.614,42.829],[131.614,42.829],[131.614,42.829],[131.614,42.828],[131.615,42.828],[131.615,42.828],[131.616,42.828],[131.616,42.828],[131.618,42.828],[131.618,42.829],[131.618,42.829],[131.618,42.83],[131.618,42.83],[131.618,42.83],[131.618,42.83],[131.618,42.83],[131.617,42.83],[131.617,42.83],[131.618,42.83],[131.618,42.831],[131.618,42.831],[131.618,42.831],[131.618,42.831],[131.618,42.832],[131.619,42.832]]],[[[132.987,42.836],[132.987,42.835],[132.988,42.835],[132.988,42.835],[132.988,42.835],[132.988,42.834],[132.988,42.834],[132.988,42.833],[132.988,42.833],[132.988,42.833],[132.988,42.833],[132.988,42.832],[132.988,42.832],[132.987,42.832],[132.987,42.832],[132.986,42.832],[132.986,42.832],[132.986,42.832],[132.986,42.833],[132.985,42.833],[132.985,42.833],[132.985,42.833],[132.985,42.833],[132.985,42.835],[132.985,42.835],[132.985,42.835],[132.986,42.835],[132.986,42.836],[132.987,42.836]]],[[[131.447,42.837],[131.447,42.837],[131.448,42.837],[131.448,42.837],[131.454,42.837],[131.454,42.836],[131.455,42.836],[131.455,42.836],[131.455,42.836],[131.455,42.836],[131.455,42.836],[131.455,42.835],[131.456,42.835],[131.456,42.835],[131.456,42.835],[131.456,42.834],[131.457,42.834],[131.457,42.834],[131.458,42.834],[131.458,42.833],[131.458,42.833],[131.458,42.833],[131.458,42.833],[131.458,42.832],[131.457,42.832],[131.457,42.832],[131.457,42.832],[131.457,42.831],[131.457,42.831],[131.457,42.831],[131.457,42.831],[131.457,42.83],[131.456,42.83],[131.456,42.83],[131.456,42.83],[131.456,42.83],[131.455,42.83],[131.455,42.829],[131.455,42.829],[131.455,42.829],[131.455,42.829],[131.455,42.828],[131.454,42.828],[131.454,42.828],[131.454,42.828],[131.454,42.828],[131.453,42.828],[131.453,42.828],[131.452,42.828],[131.452,42.828],[131.452,42.828],[131.452,42.829],[131.452,42.829],[131.452,42.829],[131.452,42.829],[131.452,42.829],[131.451,42.829],[131.451,42.83],[131.451,42.83],[131.451,42.83],[131.45,42.83],[131.45,42.83],[131.448,42.83],[131.448,42.83],[131.448,42.83],[131.448,42.83],[131.447,42.83],[131.447,42.826],[131.447,42.826],[131.447,42.826],[131.447,42.826],[131.447,42.826],[131.446,42.826],[131.446,42.825],[131.445,42.825],[131.445,42.826],[131.445,42.826],[131.445,42.826],[131.444,42.826],[131.444,42.826],[131.442,42.826],[131.442,42.827],[131.442,42.827],[131.442,42.827],[131.442,42.827],[131.442,42.827],[131.442,42.827],[131.442,42.828],[131.441,42.828],[131.441,42.828],[131.441,42.828],[131.441,42.828],[131.44,42.828],[131.44,42.828],[131.439,42.828],[131.439,42.828],[131.438,42.828],[131.438,42.828],[131.437,42.828],[131.437,42.828],[131.437,42.828],[131.437,42.829],[131.436,42.829],[131.436,42.829],[131.436,42.829],[131.436,42.83],[131.436,42.83],[131.436,42.83],[131.435,42.83],[131.435,42.831],[131.436,42.831],[131.436,42.831],[131.435,42.831],[131.435,42.832],[131.435,42.832],[131.435,42.832],[131.435,42.832],[131.435,42.833],[131.435,42.833],[131.435,42.833],[131.435,42.833],[131.435,42.833],[131.436,42.833],[131.436,42.834],[131.439,42.834],[131.439,42.834],[131.438,42.834],[131.438,42.835],[131.439,42.835],[131.439,42.835],[131.439,42.835],[131.439,42.835],[131.44,42.835],[131.44,42.836],[131.441,42.836],[131.441,42.836],[131.443,42.836],[131.443,42.836],[131.444,42.836],[131.444,42.837],[131.444,42.837],[131.444,42.837],[131.445,42.837],[131.445,42.837],[131.447,42.837]]],[[[131.628,42.841],[131.628,42.84],[131.629,42.84],[131.629,42.84],[131.631,42.84],[131.631,42.84],[131.633,42.84],[131.633,42.84],[131.633,42.84],[131.633,42.839],[131.633,42.839],[131.633,42.839],[131.634,42.839],[131.634,42.839],[131.634,42.839],[131.634,42.838],[131.635,42.838],[131.635,42.838],[131.635,42.838],[131.635,42.838],[131.635,42.838],[131.635,42.837],[131.635,42.837],[131.635,42.837],[131.635,42.837],[131.635,42.837],[131.633,42.837],[131.633,42.837],[131.633,42.837],[131.633,42.837],[131.633,42.837],[131.633,42.837],[131.632,42.837],[131.632,42.838],[131.632,42.838],[131.632,42.838],[131.63,42.838],[131.63,42.838],[131.63,42.838],[131.63,42.836],[131.629,42.836],[131.629,42.836],[131.629,42.836],[131.629,42.836],[131.628,42.836],[131.628,42.837],[131.628,42.837],[131.628,42.837],[131.627,42.837],[131.627,42.837],[131.627,42.837],[131.627,42.838],[131.627,42.838],[131.627,42.838],[131.626,42.838],[131.626,42.839],[131.626,42.839],[131.626,42.84],[131.626,42.84],[131.626,42.84],[131.625,42.84],[131.625,42.841],[131.628,42.841]]],[[[131.689,42.846],[131.689,42.845],[131.69,42.845],[131.69,42.844],[131.69,42.844],[131.69,42.842],[131.69,42.842],[131.69,42.841],[131.691,42.841],[131.691,42.841],[131.691,42.841],[131.691,42.84],[131.69,42.84],[131.69,42.84],[131.69,42.84],[131.69,42.839],[131.69,42.839],[131.69,42.839],[131.688,42.839],[131.688,42.839],[131.688,42.839],[131.688,42.84],[131.688,42.84],[131.688,42.84],[131.687,42.84],[131.687,42.84],[131.687,42.84],[131.687,42.841],[131.687,42.841],[131.687,42.841],[131.686,42.841],[131.686,42.841],[131.686,42.841],[131.686,42.842],[131.686,42.842],[131.686,42.842],[131.687,42.842],[131.687,42.844],[131.687,42.844],[131.687,42.844],[131.687,42.844],[131.687,42.845],[131.687,42.845],[131.687,42.845],[131.688,42.845],[131.688,42.845],[131.688,42.845],[131.688,42.846],[131.689,42.846]]],[[[131.621,42.846],[131.621,42.844],[131.622,42.844],[131.622,42.843],[131.622,42.843],[131.622,42.843],[131.622,42.843],[131.622,42.843],[131.622,42.843],[131.622,42.842],[131.623,42.842],[131.623,42.842],[131.622,42.842],[131.622,42.841],[131.622,42.841],[131.622,42.841],[131.62,42.841],[131.62,42.841],[131.619,42.841],[131.619,42.842],[131.618,42.842],[131.618,42.842],[131.617,42.842],[131.617,42.842],[131.617,42.842],[131.617,42.843],[131.617,42.843],[131.617,42.843],[131.618,42.843],[131.618,42.843],[131.618,42.843],[131.618,42.844],[131.618,42.844],[131.618,42.844],[131.618,42.844],[131.618,42.845],[131.619,42.845],[131.619,42.845],[131.619,42.845],[131.619,42.845],[131.62,42.845],[131.62,42.845],[131.62,42.845],[131.62,42.846],[131.62,42.846],[131.62,42.846],[131.621,42.846],[131.621,42.846],[131.621,42.846],[131.621,42.847],[131.622,42.847],[131.622,42.846],[131.621,42.846]]],[[[133.611,42.849],[133.611,42.849],[133.612,42.849],[133.612,42.848],[133.612,42.848],[133.612,42.848],[133.612,42.848],[133.612,42.848],[133.613,42.848],[133.613,42.848],[133.613,42.848],[133.613,42.847],[133.613,42.847],[133.613,42.847],[133.613,42.847],[133.613,42.846],[133.613,42.846],[133.613,42.845],[133.612,42.845],[133.612,42.845],[133.611,42.845],[133.611,42.845],[133.611,42.845],[133.611,42.847],[133.61,42.847],[133.61,42.849],[133.611,42.849],[133.611,42.849],[133.611,42.849]]],[[[131.62,42.855],[131.62,42.855],[131.621,42.855],[131.621,42.854],[131.621,42.854],[131.621,42.854],[131.622,42.854],[131.622,42.853],[131.622,42.853],[131.622,42.852],[131.622,42.852],[131.622,42.852],[131.622,42.852],[131.622,42.851],[131.622,42.851],[131.622,42.851],[131.621,42.851],[131.621,42.851],[131.62,42.851],[131.62,42.85],[131.62,42.85],[131.62,42.85],[131.62,42.85],[131.62,42.85],[131.619,42.85],[131.619,42.85],[131.619,42.85],[131.619,42.849],[131.618,42.849],[131.618,42.85],[131.617,42.85],[131.617,42.85],[131.617,42.85],[131.617,42.85],[131.616,42.85],[131.616,42.85],[131.615,42.85],[131.615,42.851],[131.615,42.851],[131.615,42.851],[131.614,42.851],[131.614,42.852],[131.615,42.852],[131.615,42.852],[131.615,42.852],[131.615,42.852],[131.615,42.852],[131.615,42.852],[131.615,42.852],[131.615,42.853],[131.616,42.853],[131.616,42.854],[131.616,42.854],[131.616,42.854],[131.618,42.854],[131.618,42.854],[131.619,42.854],[131.619,42.855],[131.62,42.855],[131.62,42.855],[131.62,42.855]]],[[[133.808,42.867],[133.808,42.866],[133.81,42.866],[133.81,42.866],[133.81,42.866],[133.81,42.866],[133.811,42.866],[133.811,42.865],[133.812,42.865],[133.812,42.865],[133.812,42.865],[133.812,42.864],[133.812,42.864],[133.812,42.864],[133.812,42.864],[133.812,42.864],[133.811,42.864],[133.811,42.863],[133.811,42.863],[133.811,42.863],[133.811,42.863],[133.811,42.863],[133.811,42.863],[133.811,42.862],[133.811,42.862],[133.811,42.862],[133.81,42.862],[133.81,42.862],[133.81,42.862],[133.81,42.861],[133.809,42.861],[133.809,42.861],[133.809,42.861],[133.809,42.861],[133.804,42.861],[133.804,42.861],[133.804,42.861],[133.804,42.861],[133.804,42.861],[133.804,42.862],[133.803,42.862],[133.803,42.862],[133.803,42.862],[133.803,42.862],[133.803,42.862],[133.803,42.863],[133.803,42.863],[133.803,42.864],[133.803,42.864],[133.803,42.865],[133.803,42.865],[133.803,42.866],[133.803,42.866],[133.803,42.866],[133.804,42.866],[133.804,42.866],[133.805,42.866],[133.805,42.867],[133.808,42.867]]],[[[131.654,42.872],[131.654,42.872],[131.655,42.872],[131.655,42.872],[131.655,42.872],[131.655,42.871],[131.656,42.871],[131.656,42.871],[131.656,42.871],[131.656,42.871],[131.657,42.871],[131.657,42.87],[131.657,42.87],[131.657,42.871],[131.658,42.871],[131.658,42.87],[131.658,42.87],[131.658,42.87],[131.658,42.87],[131.658,42.87],[131.658,42.87],[131.658,42.87],[131.659,42.87],[131.659,42.869],[131.658,42.869],[131.658,42.869],[131.658,42.869],[131.658,42.868],[131.658,42.868],[131.658,42.868],[131.658,42.868],[131.658,42.867],[131.658,42.867],[131.658,42.867],[131.659,42.867],[131.659,42.866],[131.659,42.866],[131.659,42.866],[131.659,42.866],[131.659,42.865],[131.66,42.865],[131.66,42.865],[131.66,42.865],[131.66,42.865],[131.66,42.865],[131.66,42.864],[131.66,42.864],[131.66,42.864],[131.661,42.864],[131.661,42.864],[131.661,42.864],[131.661,42.864],[131.659,42.864],[131.659,42.863],[131.658,42.863],[131.658,42.863],[131.658,42.863],[131.658,42.863],[131.658,42.863],[131.658,42.863],[131.658,42.863],[131.658,42.862],[131.658,42.862],[131.658,42.861],[131.658,42.861],[131.658,42.861],[131.657,42.861],[131.657,42.861],[131.656,42.861],[131.656,42.861],[131.655,42.861],[131.655,42.86],[131.655,42.86],[131.655,42.86],[131.653,42.86],[131.653,42.86],[131.652,42.86],[131.652,42.86],[131.651,42.86],[131.651,42.86],[131.65,42.86],[131.65,42.86],[131.65,42.86],[131.65,42.86],[131.649,42.86],[131.649,42.861],[131.648,42.861],[131.648,42.861],[131.647,42.861],[131.647,42.861],[131.647,42.861],[131.647,42.86],[131.646,42.86],[131.646,42.861],[131.646,42.861],[131.646,42.861],[131.644,42.861],[131.644,42.862],[131.643,42.862],[131.643,42.862],[131.643,42.862],[131.643,42.862],[131.643,42.862],[131.643,42.863],[131.642,42.863],[131.642,42.863],[131.642,42.863],[131.642,42.863],[131.64,42.863],[131.64,42.863],[131.639,42.863],[131.639,42.864],[131.639,42.864],[131.639,42.864],[131.639,42.865],[131.64,42.865],[131.64,42.865],[131.64,42.865],[131.64,42.865],[131.64,42.865],[131.64,42.865],[131.64,42.865],[131.64,42.866],[131.641,42.866],[131.641,42.866],[131.641,42.866],[131.641,42.867],[131.641,42.867],[131.641,42.867],[131.642,42.867],[131.642,42.867],[131.642,42.867],[131.642,42.868],[131.642,42.868],[131.642,42.868],[131.645,42.868],[131.645,42.868],[131.647,42.868],[131.648,42.868],[131.648,42.868],[131.648,42.868],[131.648,42.868],[131.648,42.868],[131.649,42.868],[131.649,42.868],[131.649,42.868],[131.649,42.868],[131.65,42.868],[131.65,42.869],[131.65,42.869],[131.65,42.869],[131.65,42.869],[131.65,42.869],[131.65,42.869],[131.65,42.869],[131.65,42.87],[131.651,42.87],[131.651,42.87],[131.651,42.87],[131.651,42.87],[131.651,42.87],[131.651,42.87],[131.652,42.87],[131.652,42.871],[131.652,42.871],[131.652,42.871],[131.652,42.871],[131.652,42.871],[131.652,42.871],[131.652,42.871],[131.652,42.871],[131.652,42.871],[131.652,42.872],[131.653,42.872],[131.653,42.872],[131.654,42.872],[131.654,42.872],[131.654,42.872]]],[[[133.819,42.874],[133.819,42.874],[133.82,42.874],[133.82,42.873],[133.82,42.873],[133.82,42.873],[133.821,42.873],[133.821,42.872],[133.82,42.872],[133.82,42.872],[133.819,42.872],[133.819,42.872],[133.819,42.872],[133.819,42.872],[133.818,42.872],[133.818,42.871],[133.818,42.871],[133.818,42.872],[133.817,42.872],[133.817,42.872],[133.816,42.872],[133.816,42.872],[133.816,42.872],[133.816,42.872],[133.815,42.872],[133.815,42.873],[133.815,42.873],[133.815,42.874],[133.818,42.874],[133.818,42.873],[133.818,42.873],[133.818,42.874],[133.819,42.874],[133.819,42.874],[133.819,42.874]]],[[[131.673,42.895],[131.68,42.873],[131.656,42.872],[131.673,42.895]]],[[[133.882,42.895],[133.882,42.895],[133.884,42.895],[133.884,42.894],[133.885,42.894],[133.885,42.894],[133.886,42.894],[133.886,42.894],[133.887,42.894],[133.887,42.892],[133.886,42.892],[133.886,42.892],[133.886,42.892],[133.886,42.892],[133.883,42.892],[133.883,42.892],[133.882,42.892],[133.882,42.891],[133.882,42.891],[133.882,42.892],[133.882,42.892],[133.882,42.892],[133.882,42.892],[133.882,42.892],[133.881,42.892],[133.881,42.893],[133.88,42.893],[133.88,42.893],[133.88,42.893],[133.88,42.894],[133.88,42.894],[133.88,42.894],[133.881,42.894],[133.881,42.895],[133.881,42.895],[133.881,42.895],[133.882,42.895]]],[[[131.646,42.9],[131.646,42.9],[131.647,42.9],[131.647,42.9],[131.648,42.9],[131.648,42.899],[131.649,42.899],[131.649,42.899],[131.65,42.899],[131.65,42.899],[131.65,42.899],[131.65,42.897],[131.65,42.897],[131.65,42.896],[131.65,42.896],[131.65,42.896],[131.651,42.896],[131.651,42.895],[131.65,42.895],[131.65,42.895],[131.649,42.895],[131.649,42.895],[131.648,42.895],[131.648,42.895],[131.648,42.895],[131.648,42.895],[131.648,42.895],[131.648,42.895],[131.648,42.895],[131.648,42.895],[131.647,42.895],[131.647,42.896],[131.647,42.896],[131.647,42.896],[131.647,42.896],[131.647,42.896],[131.646,42.896],[131.646,42.897],[131.646,42.897],[131.646,42.897],[131.645,42.897],[131.645,42.897],[131.644,42.897],[131.644,42.897],[131.644,42.897],[131.644,42.897],[131.643,42.897],[131.643,42.896],[131.643,42.896],[131.643,42.896],[131.643,42.896],[131.643,42.895],[131.643,42.895],[131.643,42.895],[131.642,42.895],[131.642,42.895],[131.642,42.895],[131.642,42.894],[131.642,42.894],[131.642,42.894],[131.641,42.894],[131.641,42.895],[131.641,42.895],[131.641,42.897],[131.641,42.897],[131.641,42.897],[131.642,42.897],[131.642,42.897],[131.642,42.897],[131.642,42.898],[131.643,42.898],[131.643,42.898],[131.643,42.898],[131.643,42.899],[131.643,42.899],[131.643,42.899],[131.644,42.899],[131.644,42.899],[131.644,42.899],[131.644,42.9],[131.645,42.9],[131.645,42.9],[131.645,42.9],[131.645,42.9],[131.646,42.9]]],[[[132.418,42.905],[132.456,42.867],[132.435,42.842],[132.467,42.795],[132.425,42.837],[132.394,42.828],[132.418,42.905]]],[[[131.464,42.919],[131.464,42.919],[131.464,42.919],[131.464,42.919],[131.465,42.919],[131.465,42.918],[131.465,42.918],[131.465,42.918],[131.465,42.918],[131.465,42.918],[131.465,42.918],[131.465,42.917],[131.467,42.917],[131.467,42.917],[131.467,42.917],[131.467,42.917],[131.467,42.917],[131.467,42.915],[131.467,42.915],[131.467,42.915],[131.467,42.915],[131.467,42.915],[131.467,42.915],[131.467,42.915],[131.466,42.915],[131.466,42.914],[131.466,42.914],[131.466,42.914],[131.466,42.914],[131.466,42.913],[131.467,42.913],[131.467,42.913],[131.467,42.913],[131.467,42.912],[131.467,42.912],[131.467,42.912],[131.467,42.912],[131.467,42.912],[131.468,42.912],[131.468,42.911],[131.468,42.911],[131.468,42.91],[131.468,42.91],[131.468,42.91],[131.467,42.91],[131.467,42.91],[131.468,42.91],[131.468,42.909],[131.468,42.909],[131.468,42.909],[131.468,42.909],[131.468,42.908],[131.467,42.908],[131.467,42.908],[131.466,42.908],[131.466,42.908],[131.465,42.908],[131.465,42.909],[131.465,42.909],[131.465,42.912],[131.465,42.912],[131.465,42.913],[131.465,42.913],[131.465,42.915],[131.464,42.915],[131.464,42.915],[131.464,42.915],[131.464,42.917],[131.464,42.917],[131.464,42.917],[131.463,42.917],[131.463,42.918],[131.463,42.918],[131.463,42.918],[131.463,42.918],[131.463,42.919],[131.463,42.919],[131.463,42.919],[131.463,42.919],[131.463,42.919],[131.464,42.919]]],[[[131.746,42.923],[131.746,42.922],[131.747,42.922],[131.747,42.922],[131.748,42.922],[131.748,42.922],[131.749,42.922],[131.749,42.921],[131.75,42.921],[131.75,42.921],[131.748,42.921],[131.748,42.92],[131.748,42.92],[131.748,42.92],[131.745,42.92],[131.745,42.92],[131.744,42.92],[131.744,42.921],[131.744,42.921],[131.744,42.922],[131.744,42.922],[131.744,42.922],[131.745,42.922],[131.745,42.922],[131.745,42.922],[131.745,42.923],[131.746,42.923]]],[[[131.732,42.924],[131.747,42.903],[131.712,42.902],[131.732,42.924]]],[[[131.458,42.925],[131.458,42.925],[131.458,42.925],[131.458,42.925],[131.458,42.925],[131.458,42.924],[131.46,42.924],[131.46,42.924],[131.461,42.924],[131.461,42.923],[131.46,42.923],[131.46,42.923],[131.46,42.923],[131.46,42.923],[131.46,42.923],[131.46,42.923],[131.459,42.923],[131.459,42.923],[131.458,42.923],[131.458,42.923],[131.458,42.923],[131.458,42.923],[131.457,42.923],[131.457,42.923],[131.457,42.923],[131.457,42.924],[131.457,42.924],[131.457,42.924],[131.456,42.924],[131.456,42.925],[131.457,42.925],[131.457,42.925],[131.457,42.925],[131.457,42.925],[131.458,42.925]]],[[[131.421,42.934],[131.421,42.933],[131.421,42.933],[131.421,42.933],[131.422,42.933],[131.422,42.933],[131.422,42.933],[131.422,42.932],[131.422,42.932],[131.422,42.932],[131.423,42.932],[131.423,42.932],[131.423,42.932],[131.423,42.931],[131.424,42.931],[131.424,42.931],[131.424,42.931],[131.424,42.931],[131.425,42.931],[131.425,42.93],[131.425,42.93],[131.425,42.93],[131.426,42.93],[131.426,42.93],[131.426,42.93],[131.426,42.93],[131.427,42.93],[131.427,42.929],[131.427,42.929],[131.427,42.929],[131.427,42.929],[131.427,42.929],[131.427,42.929],[131.427,42.928],[131.428,42.928],[131.428,42.928],[131.43,42.928],[131.43,42.928],[131.43,42.928],[131.43,42.928],[131.43,42.928],[131.43,42.927],[131.428,42.927],[131.428,42.927],[131.427,42.927],[131.427,42.927],[131.427,42.927],[131.427,42.928],[131.426,42.928],[131.426,42.928],[131.426,42.928],[131.426,42.928],[131.425,42.928],[131.425,42.929],[131.425,42.929],[131.425,42.929],[131.424,42.929],[131.424,42.93],[131.424,42.93],[131.424,42.93],[131.423,42.93],[131.423,42.93],[131.423,42.93],[131.423,42.93],[131.423,42.93],[131.423,42.931],[131.422,42.931],[131.422,42.931],[131.422,42.931],[131.422,42.931],[131.421,42.931],[131.421,42.932],[131.42,42.932],[131.42,42.932],[131.42,42.932],[131.42,42.932],[131.42,42.932],[131.42,42.932],[131.42,42.932],[131.42,42.933],[131.419,42.933],[131.419,42.933],[131.42,42.933],[131.42,42.934],[131.421,42.934]]],[[[131.688,42.937],[131.688,42.937],[131.688,42.937],[131.688,42.933],[131.688,42.933],[131.688,42.933],[131.688,42.933],[131.688,42.933],[131.687,42.933],[131.687,42.932],[131.686,42.932],[131.686,42.933],[131.685,42.933],[131.685,42.934],[131.686,42.934],[131.686,42.934],[131.686,42.934],[131.686,42.935],[131.686,42.935],[131.686,42.937],[131.687,42.937],[131.687,42.937],[131.687,42.937],[131.687,42.937],[131.688,42.937]]],[[[131.781,42.938],[131.781,42.937],[131.782,42.937],[131.782,42.937],[131.782,42.937],[131.782,42.937],[131.782,42.937],[131.782,42.936],[131.782,42.936],[131.782,42.936],[131.783,42.936],[131.783,42.935],[131.783,42.935],[131.783,42.935],[131.783,42.935],[131.783,42.935],[131.783,42.935],[131.783,42.935],[131.784,42.935],[131.784,42.934],[131.784,42.934],[131.784,42.934],[131.784,42.934],[131.784,42.934],[131.785,42.934],[131.785,42.933],[131.785,42.933],[131.785,42.932],[131.783,42.932],[131.783,42.933],[131.783,42.933],[131.783,42.933],[131.782,42.933],[131.782,42.933],[131.782,42.933],[131.782,42.933],[131.779,42.933],[131.779,42.934],[131.777,42.934],[131.777,42.936],[131.778,42.936],[131.778,42.936],[131.78,42.936],[131.78,42.937],[131.781,42.937],[131.781,42.937],[131.781,42.937],[131.781,42.938],[131.781,42.938]]],[[[131.781,42.942],[131.781,42.942],[131.781,42.942],[131.781,42.941],[131.782,42.941],[131.782,42.94],[131.781,42.94],[131.781,42.94],[131.781,42.94],[131.781,42.94],[131.78,42.94],[131.78,42.94],[131.78,42.94],[131.78,42.942],[131.78,42.942],[131.78,42.942],[131.78,42.942],[131.78,42.942],[131.781,42.942],[131.781,42.942],[131.781,42.942]]],[[[131.766,42.949],[131.766,42.948],[131.766,42.948],[131.766,42.948],[131.767,42.948],[131.767,42.948],[131.767,42.948],[131.767,42.948],[131.768,42.948],[131.768,42.948],[131.768,42.948],[131.768,42.948],[131.768,42.948],[131.768,42.947],[131.769,42.947],[131.769,42.947],[131.769,42.947],[131.769,42.947],[131.77,42.947],[131.77,42.947],[131.771,42.947],[131.771,42.946],[131.772,42.946],[131.772,42.946],[131.771,42.946],[131.771,42.945],[131.771,42.945],[131.771,42.945],[131.771,42.945],[131.771,42.944],[131.77,42.944],[131.77,42.944],[131.768,42.944],[131.768,42.944],[131.767,42.944],[131.767,42.945],[131.766,42.945],[131.766,42.945],[131.766,42.945],[131.766,42.945],[131.765,42.945],[131.765,42.945],[131.764,42.945],[131.764,42.946],[131.764,42.946],[131.764,42.946],[131.763,42.946],[131.763,42.947],[131.764,42.947],[131.764,42.947],[131.764,42.947],[131.764,42.948],[131.764,42.948],[131.764,42.948],[131.765,42.948],[131.765,42.948],[131.765,42.948],[131.765,42.949],[131.766,42.949]]],[[[131.83,42.953],[131.85,42.941],[131.821,42.932],[131.83,42.953]]],[[[131.805,42.969],[131.805,42.968],[131.805,42.968],[131.805,42.968],[131.805,42.968],[131.805,42.968],[131.805,42.968],[131.805,42.967],[131.806,42.967],[131.806,42.967],[131.807,42.967],[131.807,42.967],[131.807,42.967],[131.807,42.968],[131.807,42.968],[131.807,42.968],[131.809,42.968],[131.809,42.968],[131.81,42.968],[131.81,42.968],[131.81,42.968],[131.81,42.967],[131.811,42.967],[131.811,42.967],[131.81,42.967],[131.81,42.967],[131.809,42.967],[131.809,42.967],[131.809,42.967],[131.809,42.966],[131.808,42.966],[131.808,42.966],[131.808,42.966],[131.808,42.966],[131.808,42.966],[131.808,42.965],[131.807,42.965],[131.807,42.965],[131.807,42.965],[131.807,42.965],[131.806,42.965],[131.806,42.965],[131.802,42.965],[131.802,42.965],[131.802,42.965],[131.802,42.965],[131.802,42.965],[131.802,42.965],[131.802,42.965],[131.802,42.966],[131.801,42.966],[131.801,42.966],[131.8,42.966],[131.8,42.966],[131.8,42.966],[131.8,42.965],[131.8,42.965],[131.8,42.965],[131.799,42.965],[131.799,42.965],[131.799,42.965],[131.799,42.965],[131.799,42.965],[131.799,42.963],[131.796,42.963],[131.796,42.963],[131.796,42.963],[131.796,42.964],[131.796,42.964],[131.796,42.966],[131.796,42.966],[131.796,42.966],[131.796,42.966],[131.796,42.966],[131.797,42.966],[131.797,42.967],[131.797,42.967],[131.797,42.967],[131.797,42.967],[131.797,42.967],[131.798,42.967],[131.798,42.967],[131.798,42.967],[131.798,42.968],[131.798,42.968],[131.798,42.968],[131.799,42.968],[131.799,42.968],[131.799,42.968],[131.799,42.969],[131.8,42.969],[131.8,42.968],[131.8,42.968],[131.8,42.968],[131.8,42.968],[131.8,42.968],[131.801,42.968],[131.801,42.968],[131.802,42.968],[131.802,42.968],[131.802,42.968],[131.802,42.969],[131.802,42.969],[131.802,42.968],[131.802,42.968],[131.802,42.968],[131.803,42.968],[131.803,42.968],[131.803,42.968],[131.803,42.967],[131.804,42.967],[131.804,42.968],[131.804,42.968],[131.804,42.969],[131.805,42.969]]],[[[131.75,42.988],[131.75,42.988],[131.75,42.988],[131.75,42.987],[131.75,42.987],[131.75,42.987],[131.749,42.987],[131.749,42.987],[131.748,42.987],[131.748,42.986],[131.748,42.986],[131.748,42.986],[131.748,42.986],[131.748,42.985],[131.747,42.985],[131.747,42.985],[131.747,42.985],[131.747,42.986],[131.747,42.986],[131.747,42.986],[131.746,42.986],[131.746,42.986],[131.745,42.986],[131.745,42.986],[131.745,42.986],[131.745,42.988],[131.747,42.988],[131.747,42.988],[131.748,42.988],[131.748,42.988],[131.749,42.988],[131.749,42.988],[131.75,42.988],[131.75,42.988],[131.75,42.988]]],[[[131.727,42.995],[131.762,42.962],[131.73,42.928],[131.707,42.977],[131.727,42.995]]],[[[132.32,43.017],[132.32,43.017],[132.32,43.017],[132.32,43.017],[132.32,43.017],[132.32,43.016],[132.32,43.016],[132.32,43.016],[132.319,43.016],[132.319,43.015],[132.318,43.015],[132.318,43.016],[132.317,43.016],[132.317,43.017],[132.32,43.017]]],[[[134.19,43.03],[134.19,43.03],[134.19,43.03],[134.19,43.028],[134.19,43.028],[134.19,43.028],[134.189,43.028],[134.189,43.028],[134.189,43.028],[134.189,43.028],[134.188,43.028],[134.188,43.028],[134.187,43.028],[134.187,43.028],[134.185,43.028],[134.185,43.028],[134.185,43.028],[134.185,43.029],[134.184,43.029],[134.184,43.029],[134.184,43.029],[134.184,43.03],[134.184,43.03],[134.184,43.03],[134.186,43.03],[134.186,43.03],[134.19,43.03]]],[[[131.953,43.031],[131.953,43.031],[131.953,43.031],[131.953,43.03],[131.953,43.03],[131.953,43.03],[131.953,43.03],[131.953,43.03],[131.954,43.03],[131.954,43.03],[131.954,43.03],[131.954,43.029],[131.955,43.029],[131.955,43.029],[131.955,43.029],[131.955,43.028],[131.955,43.028],[131.955,43.028],[131.954,43.028],[131.954,43.028],[131.954,43.028],[131.954,43.027],[131.953,43.027],[131.953,43.028],[131.952,43.028],[131.952,43.028],[131.952,43.028],[131.952,43.028],[131.951,43.028],[131.951,43.029],[131.952,43.029],[131.952,43.03],[131.952,43.03],[131.952,43.031],[131.952,43.031],[131.952,43.031],[131.953,43.031]]],[[[131.828,43.069],[131.902,43.058],[131.912,43.008],[131.937,43.02],[131.907,42.958],[131.87,42.945],[131.87,42.969],[131.838,42.953],[131.75,42.982],[131.756,43.005],[131.802,42.994],[131.773,43.012],[131.805,43.023],[131.805,43.063],[131.901,42.983],[131.828,43.069]]],[[[131.773,43.337],[131.773,43.337],[131.773,43.337],[131.773,43.337],[131.773,43.337],[131.773,43.336],[131.774,43.336],[131.774,43.336],[131.774,43.336],[131.774,43.336],[131.774,43.336],[131.774,43.335],[131.775,43.335],[131.775,43.335],[131.775,43.335],[131.775,43.335],[131.775,43.335],[131.775,43.335],[131.775,43.335],[131.775,43.334],[131.776,43.334],[131.776,43.334],[131.776,43.334],[131.776,43.334],[131.776,43.334],[131.776,43.333],[131.777,43.333],[131.777,43.333],[131.777,43.333],[131.777,43.333],[131.777,43.333],[131.777,43.332],[131.777,43.332],[131.777,43.332],[131.778,43.332],[131.778,43.331],[131.778,43.331],[131.778,43.331],[131.778,43.331],[131.778,43.33],[131.778,43.33],[131.778,43.33],[131.779,43.33],[131.779,43.33],[131.779,43.33],[131.779,43.329],[131.779,43.329],[131.779,43.329],[131.78,43.329],[131.78,43.328],[131.779,43.328],[131.779,43.323],[131.78,43.323],[131.78,43.321],[131.779,43.321],[131.779,43.32],[131.779,43.32],[131.779,43.32],[131.779,43.32],[131.779,43.32],[131.778,43.32],[131.778,43.32],[131.778,43.32],[131.778,43.319],[131.778,43.319],[131.778,43.318],[131.778,43.318],[131.778,43.318],[131.777,43.318],[131.777,43.317],[131.777,43.317],[131.777,43.317],[131.775,43.317],[131.775,43.318],[131.775,43.318],[131.775,43.318],[131.775,43.318],[131.775,43.318],[131.775,43.318],[131.775,43.319],[131.774,43.319],[131.774,43.32],[131.774,43.32],[131.774,43.32],[131.774,43.321],[131.774,43.321],[131.774,43.322],[131.773,43.322],[131.773,43.324],[131.774,43.324],[131.774,43.328],[131.774,43.328],[131.774,43.33],[131.773,43.33],[131.773,43.33],[131.773,43.33],[131.773,43.33],[131.772,43.33],[131.772,43.329],[131.772,43.329],[131.772,43.328],[131.772,43.328],[131.772,43.328],[131.772,43.328],[131.772,43.327],[131.772,43.327],[131.772,43.327],[131.772,43.327],[131.772,43.326],[131.772,43.326],[131.772,43.326],[131.772,43.326],[131.772,43.326],[131.771,43.326],[131.771,43.326],[131.77,43.326],[131.77,43.326],[131.77,43.326],[131.77,43.325],[131.77,43.325],[131.77,43.325],[131.769,43.325],[131.769,43.324],[131.77,43.324],[131.77,43.324],[131.77,43.324],[131.77,43.323],[131.77,43.323],[131.77,43.323],[131.77,43.323],[131.77,43.321],[131.77,43.321],[131.77,43.321],[131.77,43.321],[131.77,43.32],[131.77,43.32],[131.77,43.32],[131.769,43.32],[131.769,43.32],[131.769,43.32],[131.769,43.319],[131.769,43.319],[131.769,43.317],[131.768,43.317],[131.768,43.317],[131.768,43.317],[131.768,43.317],[131.768,43.317],[131.768,43.317],[131.767,43.317],[131.767,43.316],[131.767,43.316],[131.767,43.316],[131.767,43.316],[131.767,43.316],[131.766,43.316],[131.766,43.317],[131.765,43.317],[131.765,43.317],[131.765,43.317],[131.765,43.317],[131.765,43.317],[131.765,43.317],[131.764,43.317],[131.764,43.318],[131.764,43.318],[131.764,43.318],[131.764,43.318],[131.764,43.318],[131.763,43.318],[131.763,43.319],[131.763,43.319],[131.763,43.319],[131.763,43.319],[131.763,43.32],[131.764,43.32],[131.764,43.32],[131.764,43.32],[131.764,43.322],[131.764,43.322],[131.764,43.322],[131.763,43.322],[131.763,43.323],[131.763,43.323],[131.763,43.323],[131.763,43.323],[131.763,43.324],[131.763,43.324],[131.763,43.325],[131.762,43.325],[131.762,43.325],[131.762,43.325],[131.762,43.325],[131.762,43.325],[131.762,43.326],[131.762,43.326],[131.762,43.326],[131.761,43.326],[131.761,43.326],[131.761,43.326],[131.761,43.327],[131.761,43.327],[131.761,43.328],[131.762,43.328],[131.762,43.328],[131.762,43.328],[131.762,43.329],[131.762,43.329],[131.762,43.329],[131.762,43.329],[131.762,43.33],[131.763,43.33],[131.763,43.33],[131.763,43.33],[131.763,43.33],[131.763,43.33],[131.763,43.331],[131.764,43.331],[131.764,43.331],[131.764,43.331],[131.764,43.331],[131.764,43.331],[131.764,43.332],[131.765,43.332],[131.765,43.332],[131.765,43.332],[131.765,43.332],[131.765,43.332],[131.765,43.333],[131.766,43.333],[131.766,43.333],[131.767,43.333],[131.767,43.333],[131.767,43.333],[131.767,43.333],[131.768,43.333],[131.768,43.334],[131.768,43.334],[131.768,43.335],[131.768,43.335],[131.768,43.335],[131.768,43.335],[131.768,43.336],[131.769,43.336],[131.769,43.336],[131.769,43.336],[131.769,43.336],[131.77,43.336],[131.77,43.337],[131.77,43.337],[131.77,43.337],[131.77,43.337],[131.77,43.337],[131.773,43.337]]],[[[131.782,43.355],[131.782,43.355],[131.782,43.355],[131.782,43.354],[131.783,43.354],[131.783,43.354],[131.784,43.354],[131.784,43.353],[131.784,43.353],[131.784,43.353],[131.785,43.353],[131.785,43.353],[131.787,43.353],[131.787,43.353],[131.788,43.353],[131.788,43.353],[131.789,43.353],[131.789,43.353],[131.789,43.353],[131.789,43.353],[131.789,43.353],[131.789,43.352],[131.79,43.352],[131.79,43.352],[131.79,43.352],[131.79,43.352],[131.79,43.352],[131.79,43.351],[131.79,43.351],[131.79,43.35],[131.79,43.35],[131.79,43.35],[131.79,43.35],[131.79,43.349],[131.791,43.349],[131.791,43.349],[131.792,43.349],[131.792,43.348],[131.792,43.348],[131.792,43.348],[131.792,43.348],[131.792,43.348],[131.794,43.348],[131.794,43.347],[131.793,43.347],[131.793,43.347],[131.794,43.347],[131.794,43.346],[131.794,43.346],[131.794,43.346],[131.795,43.346],[131.795,43.346],[131.795,43.346],[131.795,43.345],[131.796,43.345],[131.796,43.345],[131.796,43.345],[131.796,43.345],[131.797,43.345],[131.797,43.345],[131.797,43.345],[131.797,43.344],[131.798,43.344],[131.798,43.344],[131.798,43.344],[131.798,43.343],[131.798,43.343],[131.798,43.343],[131.798,43.343],[131.798,43.343],[131.799,43.343],[131.799,43.343],[131.799,43.343],[131.799,43.342],[131.799,43.342],[131.799,43.341],[131.799,43.341],[131.799,43.34],[131.798,43.34],[131.798,43.34],[131.799,43.34],[131.799,43.338],[131.799,43.338],[131.799,43.337],[131.798,43.337],[131.798,43.337],[131.799,43.337],[131.799,43.336],[131.799,43.336],[131.799,43.335],[131.799,43.334],[131.8,43.334],[131.8,43.334],[131.8,43.334],[131.8,43.334],[131.8,43.334],[131.8,43.333],[131.8,43.333],[131.8,43.333],[131.801,43.333],[131.801,43.332],[131.801,43.332],[131.801,43.331],[131.801,43.331],[131.801,43.331],[131.801,43.331],[131.801,43.331],[131.801,43.331],[131.801,43.33],[131.802,43.33],[131.802,43.33],[131.802,43.33],[131.802,43.328],[131.802,43.328],[131.802,43.328],[131.802,43.328],[131.802,43.327],[131.803,43.327],[131.803,43.327],[131.803,43.327],[131.803,43.326],[131.803,43.326],[131.803,43.326],[131.803,43.325],[131.803,43.325],[131.803,43.325],[131.803,43.325],[131.803,43.325],[131.803,43.325],[131.803,43.322],[131.802,43.322],[131.802,43.321],[131.802,43.321],[131.802,43.32],[131.802,43.32],[131.802,43.32],[131.802,43.32],[131.802,43.32],[131.801,43.32],[131.801,43.32],[131.801,43.32],[131.801,43.319],[131.8,43.319],[131.8,43.318],[131.8,43.318],[131.8,43.318],[131.799,43.318],[131.799,43.318],[131.799,43.318],[131.799,43.318],[131.799,43.318],[131.799,43.317],[131.798,43.317],[131.798,43.317],[131.798,43.317],[131.798,43.317],[131.798,43.317],[131.798,43.316],[131.797,43.316],[131.797,43.316],[131.797,43.316],[131.797,43.316],[131.796,43.316],[131.796,43.316],[131.795,43.316],[131.795,43.317],[131.795,43.317],[131.795,43.317],[131.795,43.317],[131.795,43.317],[131.794,43.317],[131.794,43.317],[131.794,43.319],[131.795,43.319],[131.795,43.319],[131.795,43.319],[131.795,43.32],[131.795,43.32],[131.795,43.32],[131.795,43.32],[131.795,43.32],[131.796,43.32],[131.796,43.32],[131.796,43.32],[131.796,43.321],[131.796,43.321],[131.796,43.321],[131.796,43.324],[131.797,43.324],[131.797,43.324],[131.796,43.324],[131.796,43.324],[131.796,43.324],[131.796,43.325],[131.795,43.325],[131.795,43.325],[131.795,43.325],[131.795,43.325],[131.794,43.325],[131.794,43.324],[131.793,43.324],[131.793,43.324],[131.792,43.324],[131.792,43.324],[131.792,43.324],[131.792,43.323],[131.792,43.323],[131.792,43.323],[131.791,43.323],[131.791,43.323],[131.791,43.324],[131.791,43.324],[131.791,43.324],[131.792,43.324],[131.792,43.325],[131.792,43.325],[131.792,43.325],[131.792,43.325],[131.792,43.326],[131.792,43.326],[131.792,43.326],[131.793,43.326],[131.793,43.327],[131.794,43.327],[131.794,43.327],[131.794,43.327],[131.794,43.327],[131.794,43.327],[131.794,43.328],[131.793,43.328],[131.793,43.328],[131.793,43.328],[131.793,43.329],[131.793,43.329],[131.793,43.33],[131.793,43.33],[131.793,43.33],[131.792,43.33],[131.792,43.33],[131.792,43.33],[131.792,43.33],[131.792,43.33],[131.792,43.328],[131.792,43.328],[131.792,43.328],[131.792,43.328],[131.792,43.327],[131.791,43.327],[131.791,43.327],[131.791,43.327],[131.791,43.327],[131.79,43.327],[131.79,43.327],[131.79,43.327],[131.79,43.326],[131.79,43.326],[131.79,43.325],[131.789,43.325],[131.789,43.325],[131.788,43.325],[131.788,43.325],[131.787,43.325],[131.787,43.325],[131.787,43.325],[131.787,43.324],[131.786,43.324],[131.786,43.322],[131.786,43.322],[131.786,43.32],[131.785,43.32],[131.785,43.32],[131.785,43.32],[131.785,43.319],[131.785,43.319],[131.785,43.319],[131.784,43.319],[131.784,43.318],[131.783,43.318],[131.783,43.318],[131.783,43.318],[131.783,43.318],[131.782,43.318],[131.782,43.318],[131.782,43.318],[131.782,43.318],[131.781,43.318],[131.781,43.318],[131.781,43.318],[131.781,43.318],[131.78,43.318],[131.78,43.318],[131.779,43.318],[131.779,43.318],[131.779,43.318],[131.779,43.319],[131.779,43.319],[131.779,43.319],[131.78,43.319],[131.78,43.319],[131.78,43.319],[131.78,43.32],[131.78,43.32],[131.78,43.32],[131.78,43.32],[131.78,43.32],[131.781,43.32],[131.781,43.32],[131.781,43.32],[131.781,43.321],[131.781,43.321],[131.781,43.322],[131.781,43.322],[131.781,43.322],[131.781,43.322],[131.781,43.323],[131.781,43.323],[131.781,43.324],[131.781,43.324],[131.781,43.325],[131.78,43.325],[131.78,43.325],[131.781,43.325],[131.781,43.325],[131.78,43.325],[131.78,43.326],[131.78,43.326],[131.78,43.327],[131.78,43.327],[131.78,43.328],[131.781,43.328],[131.781,43.328],[131.781,43.328],[131.781,43.329],[131.781,43.329],[131.781,43.329],[131.78,43.329],[131.78,43.33],[131.781,43.33],[131.781,43.33],[131.78,43.33],[131.78,43.33],[131.78,43.33],[131.78,43.33],[131.78,43.33],[131.78,43.331],[131.779,43.331],[131.779,43.331],[131.779,43.331],[131.779,43.331],[131.779,43.331],[131.779,43.332],[131.778,43.332],[131.778,43.332],[131.778,43.332],[131.778,43.333],[131.778,43.333],[131.778,43.333],[131.778,43.333],[131.778,43.333],[131.778,43.333],[131.778,43.333],[131.778,43.333],[131.778,43.334],[131.777,43.334],[131.777,43.334],[131.777,43.334],[131.777,43.335],[131.776,43.335],[131.776,43.335],[131.776,43.335],[131.776,43.335],[131.775,43.335],[131.775,43.336],[131.775,43.336],[131.775,43.336],[131.775,43.336],[131.775,43.336],[131.774,43.336],[131.774,43.337],[131.773,43.337],[131.773,43.337],[131.772,43.337],[131.772,43.338],[131.772,43.338],[131.772,43.338],[131.772,43.338],[131.772,43.339],[131.772,43.339],[131.772,43.341],[131.772,43.341],[131.772,43.342],[131.772,43.342],[131.772,43.343],[131.773,43.343],[131.773,43.344],[131.773,43.344],[131.773,43.344],[131.773,43.344],[131.773,43.345],[131.774,43.345],[131.774,43.345],[131.774,43.345],[131.774,43.345],[131.774,43.345],[131.774,43.346],[131.775,43.346],[131.775,43.346],[131.775,43.346],[131.775,43.346],[131.775,43.346],[131.775,43.347],[131.776,43.347],[131.776,43.347],[131.777,43.347],[131.777,43.349],[131.777,43.349],[131.777,43.35],[131.777,43.35],[131.777,43.351],[131.777,43.351],[131.777,43.352],[131.777,43.352],[131.777,43.353],[131.778,43.353],[131.778,43.353],[131.778,43.353],[131.778,43.354],[131.778,43.354],[131.778,43.354],[131.779,43.354],[131.779,43.354],[131.779,43.354],[131.779,43.355],[131.78,43.355],[131.78,43.355],[131.78,43.355],[131.78,43.355],[131.781,43.355],[131.781,43.355],[131.782,43.355]]],[[[135.282,43.681],[135.282,43.681],[135.282,43.681],[135.282,43.68],[135.282,43.68],[135.282,43.68],[135.282,43.68],[135.282,43.679],[135.282,43.679],[135.282,43.678],[135.281,43.678],[135.281,43.676],[135.281,43.676],[135.281,43.676],[135.281,43.676],[135.281,43.676],[135.276,43.676],[135.276,43.676],[135.275,43.676],[135.275,43.679],[135.276,43.679],[135.276,43.679],[135.276,43.679],[135.276,43.68],[135.277,43.68],[135.277,43.68],[135.277,43.68],[135.277,43.68],[135.277,43.68],[135.277,43.68],[135.278,43.68],[135.278,43.681],[135.279,43.681],[135.279,43.681],[135.282,43.681]]],[[[135.21,43.708],[135.21,43.708],[135.21,43.708],[135.21,43.707],[135.211,43.707],[135.211,43.707],[135.212,43.707],[135.212,43.707],[135.212,43.706],[135.213,43.706],[135.213,43.705],[135.212,43.705],[135.211,43.705],[135.211,43.706],[135.211,43.706],[135.211,43.706],[135.21,43.706],[135.21,43.706],[135.21,43.706],[135.21,43.707],[135.21,43.707],[135.21,43.707],[135.209,43.707],[135.209,43.707],[135.209,43.707],[135.209,43.707],[135.209,43.707],[135.209,43.708],[135.21,43.708]]],[[[135.483,43.911],[135.483,43.91],[135.485,43.91],[135.485,43.91],[135.485,43.91],[135.485,43.91],[135.486,43.91],[135.486,43.909],[135.486,43.909],[135.486,43.909],[135.487,43.909],[135.487,43.908],[135.487,43.908],[135.487,43.908],[135.487,43.908],[135.487,43.907],[135.487,43.907],[135.487,43.907],[135.487,43.907],[135.487,43.906],[135.488,43.906],[135.488,43.906],[135.488,43.906],[135.488,43.906],[135.488,43.905],[135.489,43.905],[135.489,43.905],[135.489,43.905],[135.489,43.905],[135.49,43.905],[135.49,43.905],[135.49,43.905],[135.49,43.904],[135.49,43.904],[135.49,43.904],[135.491,43.904],[135.491,43.901],[135.49,43.901],[135.49,43.901],[135.49,43.901],[135.49,43.9],[135.487,43.9],[135.487,43.9],[135.485,43.9],[135.485,43.9],[135.484,43.9],[135.484,43.9],[135.483,43.9],[135.483,43.899],[135.483,43.899],[135.483,43.899],[135.48,43.899],[135.48,43.9],[135.48,43.9],[135.48,43.9],[135.479,43.9],[135.479,43.9],[135.479,43.9],[135.479,43.9],[135.478,43.9],[135.478,43.901],[135.478,43.901],[135.478,43.901],[135.478,43.901],[135.478,43.901],[135.477,43.901],[135.477,43.902],[135.477,43.902],[135.477,43.902],[135.476,43.902],[135.476,43.902],[135.475,43.902],[135.475,43.902],[135.475,43.902],[135.475,43.903],[135.472,43.903],[135.472,43.903],[135.472,43.903],[135.472,43.904],[135.473,43.904],[135.473,43.904],[135.473,43.904],[135.473,43.905],[135.473,43.905],[135.473,43.905],[135.473,43.905],[135.473,43.905],[135.474,43.905],[135.474,43.906],[135.474,43.906],[135.474,43.906],[135.474,43.906],[135.474,43.907],[135.475,43.907],[135.476,43.907],[135.476,43.907],[135.476,43.907],[135.476,43.907],[135.477,43.907],[135.477,43.908],[135.477,43.908],[135.477,43.908],[135.478,43.908],[135.478,43.908],[135.478,43.908],[135.478,43.908],[135.478,43.908],[135.478,43.909],[135.478,43.909],[135.478,43.909],[135.479,43.909],[135.479,43.91],[135.48,43.91],[135.48,43.91],[135.481,43.91],[135.481,43.91],[135.482,43.91],[135.482,43.91],[135.482,43.91],[135.482,43.911],[135.483,43.911]]],[[[138.486,48.346],[138.468,48.311],[138.56,48.248],[138.552,48.199],[138.707,48.186],[138.712,48.133],[138.633,48.114],[138.581,48.04],[138.72,47.959],[138.787,47.846],[138.768,47.805],[138.543,47.709],[138.527,47.675],[138.602,47.619],[138.584,47.547],[138.524,47.494],[138.693,47.457],[138.863,47.487],[139.052,47.407],[138.989,47.356],[138.991,47.316],[138.859,47.29],[138.579,47.051],[138.501,46.936],[138.485,46.857],[138.421,46.809],[138.348,46.691],[138.344,46.539],[138.18,46.451],[138.097,46.292],[138.103,46.237],[137.77,45.945],[137.691,45.853],[137.686,45.808],[137.363,45.616],[137.141,45.376],[136.801,45.198],[136.765,45.092],[136.682,45.039],[136.637,45.05],[136.647,45.028],[136.551,44.947],[136.557,44.915],[136.442,44.828],[136.45,44.771],[136.358,44.801],[136.343,44.753],[136.304,44.748],[136.338,44.722],[136.262,44.692],[136.222,44.635],[136.21,44.658],[136.23,44.585],[136.192,44.574],[136.192,44.534],[136.15,44.496],[135.879,44.412],[135.831,44.365],[135.796,44.266],[135.648,44.175],[135.633,44.035],[135.527,44.006],[135.519,43.921],[135.453,43.949],[135.461,43.877],[135.486,43.864],[135.528,43.895],[135.437,43.765],[135.28,43.686],[135.25,43.712],[135.292,43.74],[135.2,43.712],[135.235,43.697],[135.226,43.634],[135.174,43.609],[135.141,43.504],[134.972,43.469],[134.969,43.44],[134.793,43.35],[134.779,43.308],[134.67,43.302],[134.682,43.28],[134.622,43.243],[134.558,43.238],[134.417,43.146],[134.31,43.12],[134.308,43.097],[134.185,43.072],[134.125,42.993],[134.013,42.952],[133.923,42.866],[133.89,42.893],[133.927,42.892],[133.866,42.908],[133.715,42.807],[133.647,42.875],[133.584,42.825],[133.503,42.834],[133.515,42.813],[133.424,42.774],[133.293,42.774],[133.149,42.684],[133.042,42.672],[132.999,42.716],[133.09,42.743],[132.985,42.823],[133.05,42.899],[132.997,42.838],[132.899,42.83],[132.865,42.785],[132.905,42.809],[132.912,42.787],[132.86,42.733],[132.806,42.758],[132.821,42.778],[132.763,42.841],[132.776,42.909],[132.717,42.905],[132.736,42.886],[132.683,42.872],[132.695,42.849],[132.62,42.861],[132.57,42.837],[132.569,42.861],[132.512,42.86],[132.52,42.905],[132.44,42.935],[132.43,42.918],[132.402,42.948],[132.411,42.916],[132.335,42.92],[132.37,42.861],[132.317,42.843],[132.29,42.913],[132.317,43.05],[132.283,43.071],[132.33,43.089],[132.316,43.119],[132.34,43.148],[132.313,43.167],[132.407,43.182],[132.381,43.227],[132.305,43.228],[132.353,43.283],[132.296,43.314],[132.3,43.339],[132.281,43.309],[132.299,43.288],[132.231,43.228],[132.113,43.194],[131.963,43.058],[131.879,43.087],[131.931,43.108],[131.885,43.113],[131.841,43.079],[131.921,43.204],[132.01,43.237],[132.003,43.262],[132.072,43.315],[132.013,43.328],[132.012,43.281],[131.969,43.26],[131.992,43.29],[131.949,43.315],[131.822,43.293],[131.849,43.337],[131.813,43.329],[131.792,43.363],[131.755,43.348],[131.761,43.233],[131.695,43.205],[131.778,43.179],[131.734,43.16],[131.687,43.203],[131.671,43.171],[131.633,43.17],[131.656,43.155],[131.698,43.183],[131.558,43.035],[131.573,42.999],[131.513,43.015],[131.474,42.981],[131.417,42.983],[131.496,42.985],[131.507,42.948],[131.454,42.925],[131.37,42.941],[131.39,42.899],[131.409,42.908],[131.387,42.871],[131.471,42.882],[131.364,42.828],[131.363,42.764],[131.327,42.795],[131.257,42.77],[131.251,42.69],[131.2,42.634],[131.232,42.607],[131.219,42.554],[131.148,42.582],[131.186,42.604],[131.122,42.615],[131.112,42.672],[131.077,42.638],[131.101,42.618],[130.983,42.648],[130.923,42.592],[130.808,42.634],[130.855,42.65],[130.925,42.612],[130.944,42.657],[130.895,42.648],[130.882,42.676],[130.779,42.657],[130.849,42.704],[130.762,42.682],[130.721,42.702],[130.651,42.657],[130.739,42.626],[130.721,42.585],[130.674,42.59],[130.687,42.573],[130.795,42.634],[130.773,42.577],[130.871,42.53],[130.831,42.529],[130.84,42.47],[130.778,42.465],[130.702,42.294],[130.662,42.296],[130.656,42.386],[130.561,42.535],[130.618,42.545],[130.623,42.623],[130.531,42.698],[130.46,42.679],[130.405,42.722],[130.544,42.808],[130.684,42.844],[130.771,42.83],[130.821,42.872],[131.017,42.856],[131.01,42.917],[131.123,42.927],[131.135,42.958],[131.107,42.969],[131.097,43.02],[131.202,43.136],[131.191,43.208],[131.308,43.4],[131.301,43.469],[131.201,43.518],[131.184,43.557],[131.229,43.599],[131.204,43.824],[131.259,43.933],[131.235,43.966],[131.25,44.019],[131.294,44.044],[131.293,44.08],[131.103,44.692],[131,44.816],[130.951,44.828],[130.954,44.854],[131.065,44.88],[131.1,44.93],[131.271,44.922],[131.344,44.982],[131.491,44.968],[131.477,44.993],[131.687,45.114],[131.684,45.144],[131.646,45.156],[131.678,45.217],[131.773,45.21],[131.827,45.309],[131.891,45.336],[131.933,45.28],[132.059,45.236],[132.184,44.957],[132.112,44.741],[132.316,44.615],[132.561,44.555],[132.697,44.69],[132.852,45.056],[132.973,45.02],[133.136,45.127],[133.085,45.236],[133.156,45.465],[133.267,45.522],[133.318,45.493],[133.342,45.548],[133.414,45.572],[133.405,45.607],[133.467,45.613],[133.444,45.649],[133.476,45.654],[133.477,45.684],[133.425,45.693],[133.481,45.739],[133.464,45.775],[133.499,45.782],[133.466,45.79],[133.464,45.829],[133.504,45.883],[133.545,45.893],[133.584,45.866],[133.607,45.937],[133.668,45.944],[133.736,46.061],[133.688,46.146],[133.771,46.174],[133.813,46.224],[133.849,46.201],[133.875,46.228],[133.86,46.244],[133.906,46.259],[133.892,46.3],[133.92,46.322],[133.868,46.341],[133.942,46.393],[133.85,46.471],[133.913,46.581],[134.018,46.664],[134.419,46.713],[134.502,46.763],[134.506,46.915],[134.46,46.965],[134.471,47.016],[134.607,46.973],[134.613,47.041],[134.658,47.069],[134.69,47.143],[134.823,47.142],[134.887,47.174],[134.988,47.148],[135.09,47.229],[135.133,47.225],[135.236,47.182],[135.354,47.179],[135.34,47.133],[135.363,47.097],[135.455,47.054],[135.385,46.975],[135.397,46.939],[135.492,46.942],[135.561,46.997],[135.61,46.998],[135.611,46.975],[135.778,46.968],[135.749,46.923],[135.969,46.812],[136.051,46.886],[136.1,46.889],[136.148,46.833],[136.334,46.785],[136.456,46.831],[136.6,46.816],[136.992,47.022],[136.937,47.103],[137.044,47.307],[137.273,47.275],[137.296,47.24],[137.416,47.211],[137.561,47.274],[137.636,47.345],[137.701,47.366],[137.803,47.341],[137.914,47.377],[137.923,47.444],[138.002,47.451],[138.083,47.504],[138.071,47.607],[137.984,47.629],[138.055,47.699],[137.993,47.693],[137.908,47.734],[137.776,47.714],[137.602,47.798],[137.434,47.807],[137.426,47.83],[137.57,47.878],[137.594,47.924],[137.407,47.998],[137.33,48.106],[137.368,48.139],[137.473,48.2],[137.632,48.23],[137.765,48.201],[137.913,48.244],[137.919,48.287],[137.954,48.301],[138.164,48.325],[138.19,48.338],[138.161,48.385],[138.288,48.453],[138.444,48.421],[138.486,48.346]]]]}},{"type":"Feature","properties":{"id":"58","name":"Pskov"},"geometry":{"type":"Polygon","coordinates":[[[28.185,58.957],[28.319,58.841],[29.01,58.782],[29.269,58.649],[29.292,58.561],[29.557,58.518],[29.615,58.444],[29.703,58.416],[29.818,58.409],[29.928,58.441],[29.949,58.353],[29.928,58.286],[29.669,58.187],[29.724,58.139],[29.695,58.068],[29.872,58.04],[30.011,57.972],[30.022,57.918],[30.309,57.871],[30.573,57.869],[30.566,57.806],[30.486,57.746],[30.574,57.721],[30.508,57.628],[30.617,57.585],[30.714,57.584],[30.662,57.53],[30.508,57.458],[30.543,57.439],[30.481,57.345],[30.845,57.208],[30.856,57.184],[30.773,57.145],[30.702,57.01],[30.742,56.955],[30.842,56.918],[30.966,56.955],[31.013,56.941],[30.975,56.935],[30.908,56.8],[30.818,56.751],[30.896,56.747],[30.831,56.713],[30.894,56.665],[31.071,56.615],[31.042,56.465],[31.25,56.437],[31.287,56.386],[31.241,56.355],[31.335,56.318],[31.507,56.318],[31.561,56.291],[31.485,56.284],[31.479,56.234],[31.548,56.2],[31.474,56.16],[31.482,56.109],[31.539,56.06],[31.516,56.023],[31.396,55.979],[31.39,55.938],[31.425,55.916],[31.393,55.872],[31.461,55.785],[31.457,55.751],[31.232,55.718],[31.07,55.732],[30.988,55.7],[31.018,55.68],[30.916,55.626],[30.869,55.64],[30.808,55.598],[30.761,55.608],[30.736,55.659],[30.681,55.647],[30.643,55.674],[30.63,55.73],[30.532,55.75],[30.489,55.807],[30.355,55.821],[30.253,55.873],[30.171,55.877],[30.119,55.832],[29.97,55.89],[29.859,55.866],[29.805,55.777],[29.752,55.797],[29.638,55.779],[29.48,55.704],[29.371,55.765],[29.415,55.843],[29.402,55.903],[29.48,55.923],[29.414,55.946],[29.426,55.972],[29.207,55.991],[29.166,56.03],[29.066,56.035],[28.847,55.965],[28.729,55.967],[28.705,56.029],[28.66,56.047],[28.678,56.091],[28.417,56.101],[28.392,56.06],[28.312,56.063],[28.263,56.083],[28.283,56.106],[28.161,56.154],[28.184,56.168],[28.151,56.16],[28.241,56.29],[28.162,56.377],[28.191,56.398],[28.184,56.444],[28.097,56.531],[28.141,56.546],[28.139,56.573],[28.036,56.594],[27.987,56.71],[27.905,56.747],[27.978,56.819],[27.906,56.828],[27.842,56.878],[27.668,56.839],[27.676,56.916],[27.729,56.935],[27.741,56.988],[27.719,57.003],[27.753,57.087],[27.722,57.098],[27.828,57.164],[27.858,57.302],[27.646,57.41],[27.511,57.445],[27.561,57.483],[27.547,57.538],[27.394,57.529],[27.317,57.58],[27.405,57.613],[27.376,57.669],[27.411,57.7],[27.526,57.709],[27.545,57.733],[27.494,57.789],[27.536,57.794],[27.55,57.834],[27.783,57.831],[27.826,57.859],[27.797,57.915],[27.698,57.931],[27.69,58.013],[27.642,58.027],[27.678,58.079],[27.569,58.129],[27.491,58.219],[27.479,58.292],[27.558,58.384],[27.455,58.791],[27.504,58.86],[27.726,58.991],[27.727,58.936],[27.767,58.93],[27.906,59],[28.185,58.957]]]}},{"type":"Feature","properties":{"id":"59","name":"Rostov"},"geometry":{"type":"MultiPolygon","coordinates":[[[[38.482,47.142],[38.482,47.141],[38.483,47.141],[38.483,47.141],[38.483,47.141],[38.483,47.14],[38.485,47.14],[38.485,47.14],[38.485,47.14],[38.485,47.14],[38.486,47.14],[38.486,47.14],[38.485,47.14],[38.485,47.139],[38.485,47.139],[38.485,47.14],[38.483,47.14],[38.483,47.14],[38.483,47.14],[38.483,47.14],[38.483,47.14],[38.483,47.14],[38.482,47.14],[38.482,47.141],[38.482,47.141],[38.482,47.141],[38.481,47.141],[38.481,47.141],[38.481,47.141],[38.481,47.14],[38.48,47.14],[38.48,47.14],[38.48,47.14],[38.48,47.141],[38.48,47.141],[38.48,47.141],[38.481,47.141],[38.481,47.141],[38.482,47.141],[38.482,47.142],[38.482,47.142],[38.482,47.143],[38.482,47.143],[38.482,47.143],[38.482,47.143],[38.482,47.143],[38.483,47.143],[38.483,47.143],[38.483,47.143],[38.483,47.142],[38.483,47.142],[38.483,47.142],[38.482,47.142]]],[[[41.782,49.91],[41.948,49.886],[42.202,49.738],[42.227,49.695],[42.084,49.402],[42.132,49.296],[42.089,49.248],[42.098,49.16],[42.376,49.161],[42.458,49.098],[42.43,49.036],[42.582,49.033],[42.666,49.003],[42.757,48.934],[42.805,48.856],[42.782,48.796],[42.682,48.699],[42.704,48.623],[42.663,48.589],[42.285,48.513],[42.085,48.419],[42.143,48.283],[42.033,48.249],[42.083,48.175],[42.015,48.112],[42.019,48.045],[42.382,48.02],[42.514,47.985],[42.613,47.908],[42.736,47.861],[42.764,47.762],[43.012,47.484],[43.085,47.493],[43.119,47.538],[43.235,47.53],[43.253,47.512],[43.213,47.465],[43.27,47.41],[43.731,47.47],[43.798,47.404],[43.825,47.309],[43.958,47.28],[43.997,47.389],[44.17,47.436],[44.173,47.523],[44.205,47.539],[44.287,47.528],[44.26,47.49],[44.328,47.483],[44.373,47.443],[44.36,47.173],[44.292,47.03],[44.284,46.896],[44.17,46.824],[44.109,46.827],[43.964,46.719],[43.938,46.658],[43.844,46.578],[43.96,46.549],[43.917,46.47],[43.991,46.348],[43.969,46.321],[43.862,46.282],[43.857,46.355],[43.786,46.396],[43.713,46.231],[43.645,46.157],[43.425,46.154],[43.343,46.178],[42.99,46.396],[42.721,46.345],[42.56,46.396],[42.452,46.473],[42.099,46.575],[42.075,46.559],[42.087,46.531],[42.212,46.399],[42.238,46.36],[42.221,46.343],[42.068,46.349],[41.971,46.313],[41.984,46.221],[41.882,46.169],[41.783,46.212],[41.7,46.191],[41.663,46.154],[41.741,46.05],[41.723,46.01],[41.467,46.018],[41.402,45.952],[41.234,45.97],[41.183,45.985],[41.087,46.112],[40.978,46.163],[40.977,46.276],[40.95,46.292],[40.764,46.243],[40.659,46.298],[40.283,46.298],[40.191,46.377],[40.226,46.429],[40.166,46.523],[39.957,46.588],[40.026,46.754],[39.927,46.805],[39.458,46.839],[39.384,46.878],[39.189,46.803],[39.179,46.739],[39.078,46.673],[38.869,46.685],[38.8,46.629],[38.8,46.695],[38.889,46.835],[38.677,46.832],[38.661,46.872],[38.838,46.906],[38.896,46.965],[38.934,46.958],[39.106,47.042],[39.297,47.022],[39.309,47.06],[39.23,47.088],[39.267,47.105],[39.213,47.19],[39.231,47.242],[39.283,47.25],[39.203,47.283],[38.957,47.27],[38.934,47.241],[38.954,47.2],[38.567,47.142],[38.576,47.115],[38.483,47.144],[38.559,47.24],[38.704,47.271],[38.782,47.258],[38.796,47.281],[38.777,47.302],[38.562,47.283],[38.394,47.2],[38.241,47.175],[38.246,47.228],[38.334,47.253],[38.326,47.301],[38.224,47.313],[38.252,47.368],[38.302,47.383],[38.311,47.562],[38.358,47.579],[38.365,47.609],[38.467,47.61],[38.457,47.637],[38.614,47.639],[38.664,47.665],[38.663,47.694],[38.765,47.684],[38.793,47.805],[38.827,47.814],[38.835,47.862],[39.055,47.864],[39.121,47.839],[39.359,47.878],[39.413,47.844],[39.462,47.862],[39.53,47.829],[39.754,47.82],[39.817,47.883],[39.816,47.946],[39.848,47.993],[39.797,48.037],[39.889,48.046],[39.845,48.065],[39.94,48.181],[39.947,48.228],[40.005,48.227],[40.015,48.267],[39.986,48.315],[39.927,48.298],[39.85,48.322],[39.946,48.37],[39.852,48.472],[39.87,48.52],[39.85,48.571],[39.681,48.593],[39.658,48.624],[39.708,48.66],[39.708,48.735],[39.731,48.774],[39.769,48.776],[39.797,48.85],[39.991,48.801],[40.097,48.884],[40.069,48.914],[40.021,48.911],[39.999,48.877],[39.917,48.912],[39.842,48.911],[39.83,48.889],[39.748,48.993],[39.665,49.002],[39.67,49.048],[39.935,49.063],[40.023,49.175],[40.2,49.243],[40.163,49.458],[40.217,49.507],[40.207,49.563],[40.282,49.624],[40.589,49.581],[40.72,49.633],[40.981,49.68],[41.129,49.903],[41.402,50.066],[41.413,50.166],[41.442,50.187],[41.52,50.16],[41.546,50.078],[41.699,50.028],[41.66,49.972],[41.669,49.938],[41.782,49.91]]]]}},{"type":"Feature","properties":{"id":"60","name":"Ryazan’"},"geometry":{"type":"MultiPolygon","coordinates":[[[[38.67,54.23],[38.673,54.229],[38.672,54.229],[38.67,54.23]]],[[[38.664,54.232],[38.664,54.232],[38.596,54.254],[38.601,54.255],[38.61,54.254],[38.615,54.253],[38.622,54.252],[38.625,54.251],[38.628,54.251],[38.638,54.249],[38.642,54.249],[38.645,54.248],[38.649,54.247],[38.651,54.247],[38.651,54.246],[38.653,54.245],[38.661,54.234],[38.663,54.233],[38.664,54.232]]],[[[40.328,55.289],[40.358,55.257],[40.439,55.259],[40.505,55.31],[40.563,55.299],[40.547,55.241],[40.605,55.178],[40.755,55.181],[40.785,55.211],[40.877,55.187],[40.902,55.248],[40.997,55.241],[41.082,55.122],[41.129,55.117],[41.128,55.166],[41.207,55.211],[41.366,55.166],[41.453,55.109],[41.624,55.144],[41.679,55.103],[41.804,55.116],[41.789,55.078],[41.869,55.026],[42.021,55.077],[42.039,55.056],[41.994,55.042],[42.019,55.024],[41.98,54.985],[41.998,54.974],[42.224,54.943],[42.361,54.995],[42.402,54.976],[42.453,55],[42.517,54.971],[42.454,54.941],[42.483,54.895],[42.446,54.867],[42.469,54.81],[42.404,54.815],[42.348,54.782],[42.509,54.665],[42.539,54.686],[42.6,54.642],[42.648,54.663],[42.661,54.581],[42.734,54.553],[42.651,54.521],[42.672,54.488],[42.651,54.463],[42.588,54.484],[42.552,54.414],[42.619,54.4],[42.662,54.35],[42.525,54.336],[42.508,54.286],[42.462,54.26],[42.299,54.209],[42.199,54.233],[42.258,54.153],[42.298,54.143],[42.408,54.173],[42.383,54.199],[42.482,54.227],[42.537,54.178],[42.695,54.184],[42.736,54.128],[42.537,54.108],[42.577,54.071],[42.556,54.051],[42.464,54.087],[42.388,54.054],[42.356,54.066],[42.376,54.097],[42.334,54.113],[42.284,54.065],[42.525,53.934],[42.401,53.867],[42.353,53.804],[41.813,53.76],[41.79,53.784],[41.725,53.779],[41.708,53.754],[41.624,53.755],[41.604,53.791],[41.569,53.74],[41.431,53.737],[41.383,53.52],[41.317,53.511],[41.34,53.47],[41.237,53.469],[41.207,53.396],[41.144,53.401],[41.101,53.459],[40.954,53.497],[40.894,53.456],[40.861,53.465],[40.806,53.538],[40.726,53.54],[40.7,53.486],[40.623,53.477],[40.628,53.425],[40.579,53.438],[40.55,53.484],[40.484,53.458],[40.519,53.435],[40.517,53.391],[40.385,53.346],[40.33,53.382],[40.296,53.306],[40.196,53.317],[40.114,53.375],[40.001,53.388],[39.92,53.443],[39.96,53.448],[39.942,53.484],[39.96,53.521],[39.844,53.563],[39.79,53.539],[39.767,53.572],[39.587,53.507],[39.559,53.414],[39.401,53.395],[39.331,53.414],[39.203,53.382],[39.144,53.429],[39.142,53.468],[39.081,53.502],[39.08,53.54],[38.914,53.561],[38.943,53.705],[39.007,53.75],[38.889,53.748],[38.862,53.78],[38.896,53.816],[38.812,53.821],[38.86,53.842],[38.843,53.895],[38.932,53.933],[38.835,53.922],[38.797,53.941],[38.804,53.985],[38.748,54],[38.777,54.021],[38.696,54.041],[38.698,54.095],[38.778,54.094],[38.814,54.143],[38.709,54.168],[38.71,54.224],[38.684,54.228],[38.733,54.243],[38.741,54.325],[38.812,54.312],[38.844,54.358],[38.893,54.357],[38.927,54.323],[38.946,54.363],[38.997,54.372],[38.991,54.408],[38.816,54.451],[38.872,54.509],[38.821,54.517],[38.854,54.546],[38.848,54.587],[38.948,54.608],[38.993,54.58],[39.178,54.635],[39.25,54.619],[39.272,54.652],[39.253,54.686],[39.387,54.727],[39.338,54.736],[39.419,54.801],[39.409,54.84],[39.483,54.88],[39.473,54.912],[39.554,54.962],[39.617,54.962],[39.637,55.01],[39.825,54.991],[39.881,55.096],[39.835,55.12],[39.747,55.103],[39.818,55.176],[40.013,55.189],[40.174,55.249],[40.22,55.297],[40.204,55.31],[40.375,55.326],[40.396,55.302],[40.328,55.289]]]]}},{"type":"Feature","properties":{"id":"61","name":"Sakha"},"geometry":{"type":"MultiPolygon","coordinates":[[[[161.085,69.24],[161.06,69.253],[161.078,69.268],[161.085,69.24]]],[[[161.066,69.281],[161.048,69.298],[161.069,69.314],[161.066,69.281]]],[[[161.119,69.29],[161.107,69.316],[161.146,69.316],[161.119,69.29]]],[[[161.472,69.391],[161.438,69.386],[161.489,69.397],[161.472,69.391]]],[[[161.611,69.44],[161.596,69.429],[161.629,69.437],[161.502,69.406],[161.633,69.449],[161.611,69.44]]],[[[161.023,69.509],[161.003,69.509],[161.051,69.524],[161.023,69.509]]],[[[162.024,69.524],[162.016,69.519],[162.001,69.514],[161.987,69.512],[161.975,69.511],[161.969,69.509],[161.949,69.509],[161.942,69.511],[161.954,69.514],[161.974,69.519],[161.98,69.519],[161.989,69.525],[161.992,69.528],[161.994,69.53],[162.034,69.536],[162.038,69.533],[162.024,69.524]]],[[[161.987,69.542],[161.98,69.54],[161.979,69.544],[161.989,69.547],[161.995,69.551],[162.001,69.552],[162.008,69.554],[162.01,69.551],[162.004,69.547],[162.002,69.545],[161.987,69.542]]],[[[161.083,69.531],[161.058,69.538],[161.068,69.561],[161.083,69.531]]],[[[161.041,69.553],[161.036,69.546],[161.023,69.547],[161.018,69.553],[161.014,69.564],[161.014,69.569],[161.016,69.572],[161.023,69.573],[161.025,69.573],[161.04,69.565],[161.041,69.554],[161.041,69.553]]],[[[161.964,69.549],[161.953,69.566],[161.988,69.569],[161.964,69.549]]],[[[161.637,69.537],[161.613,69.508],[161.641,69.464],[161.487,69.41],[161.371,69.39],[161.343,69.408],[161.445,69.441],[161.461,69.462],[161.417,69.473],[161.46,69.504],[161.43,69.54],[161.469,69.565],[161.489,69.569],[161.455,69.537],[161.532,69.571],[161.476,69.503],[161.525,69.52],[161.5,69.531],[161.555,69.568],[161.608,69.557],[161.607,69.534],[161.647,69.577],[161.637,69.537]]],[[[161.431,69.558],[161.426,69.557],[161.423,69.562],[161.43,69.582],[161.437,69.586],[161.448,69.587],[161.453,69.583],[161.453,69.578],[161.438,69.571],[161.456,69.567],[161.443,69.564],[161.431,69.558]]],[[[161.337,69.587],[161.324,69.578],[161.314,69.585],[161.314,69.589],[161.322,69.59],[161.333,69.59],[161.34,69.589],[161.337,69.587]]],[[[162.086,69.592],[162.089,69.589],[162.085,69.588],[162.07,69.587],[162.069,69.583],[162.064,69.58],[162.048,69.582],[162.04,69.587],[162.049,69.591],[162.067,69.592],[162.074,69.59],[162.08,69.592],[162.086,69.592]]],[[[161.621,69.578],[161.625,69.564],[161.598,69.566],[161.562,69.574],[161.557,69.577],[161.563,69.582],[161.568,69.583],[161.578,69.584],[161.609,69.593],[161.611,69.593],[161.616,69.593],[161.632,69.585],[161.621,69.578]]],[[[161.352,69.595],[161.346,69.594],[161.343,69.596],[161.348,69.603],[161.351,69.606],[161.351,69.606],[161.356,69.61],[161.364,69.609],[161.366,69.607],[161.361,69.602],[161.352,69.595]]],[[[161.54,69.581],[161.52,69.58],[161.538,69.61],[161.597,69.601],[161.54,69.581]]],[[[161.482,69.576],[161.484,69.61],[161.523,69.613],[161.482,69.576]]],[[[161.815,69.532],[161.729,69.556],[161.835,69.615],[161.892,69.562],[161.815,69.532]]],[[[161.093,69.596],[161.082,69.595],[161.062,69.605],[161.047,69.609],[161.041,69.614],[161.046,69.617],[161.055,69.618],[161.06,69.616],[161.063,69.611],[161.078,69.611],[161.096,69.604],[161.098,69.6],[161.093,69.596]]],[[[161.794,69.621],[161.721,69.569],[161.685,69.585],[161.707,69.621],[161.794,69.621]]],[[[161.899,69.629],[161.886,69.624],[161.882,69.626],[161.889,69.632],[161.895,69.634],[161.899,69.633],[161.899,69.629]]],[[[161.142,69.619],[161.135,69.617],[161.128,69.618],[161.111,69.629],[161.11,69.633],[161.114,69.634],[161.121,69.633],[161.125,69.632],[161.143,69.622],[161.142,69.619]]],[[[161.045,69.625],[161.022,69.622],[161.006,69.626],[160.997,69.63],[161.02,69.637],[161.027,69.638],[161.03,69.638],[161.036,69.637],[161.05,69.627],[161.045,69.625]]],[[[161.882,69.646],[161.854,69.638],[161.883,69.638],[161.868,69.604],[161.797,69.618],[161.882,69.646]]],[[[161.084,69.66],[161.073,69.656],[161.05,69.661],[160.999,69.665],[160.996,69.667],[161.011,69.67],[161.019,69.67],[161.034,69.67],[161.084,69.66]]],[[[160.597,69.675],[160.658,69.661],[160.508,69.673],[160.597,69.675]]],[[[160.14,69.715],[160.064,69.743],[160.164,69.721],[160.14,69.715]]],[[[162.414,70.64],[162.523,70.626],[162.277,70.632],[162.414,70.64]]],[[[161.743,70.652],[161.7,70.65],[161.697,70.662],[161.707,70.668],[161.715,70.674],[161.724,70.673],[161.729,70.664],[161.747,70.653],[161.743,70.652]]],[[[161.625,70.8],[161.722,70.786],[161.686,70.762],[161.744,70.713],[161.531,70.768],[161.555,70.809],[161.625,70.8]]],[[[160.501,70.904],[160.7,70.873],[160.713,70.838],[160.792,70.797],[160.52,70.806],[160.594,70.864],[160.468,70.896],[160.501,70.904]]],[[[161.596,70.884],[161.62,70.876],[161.477,70.882],[161.46,70.918],[161.596,70.884]]],[[[152.309,70.886],[152.108,70.933],[152.226,70.94],[152.299,70.914],[152.309,70.886]]],[[[152.118,70.954],[152.067,70.973],[152.138,70.961],[152.118,70.954]]],[[[152.054,70.974],[152.045,70.973],[152.033,70.974],[152.014,70.972],[152.005,70.977],[152.007,70.98],[152.017,70.982],[152.018,70.982],[152.05,70.982],[152.057,70.978],[152.054,70.974]]],[[[138.042,71.249],[138.028,71.248],[138.018,71.25],[138.01,71.256],[138.019,71.26],[138.033,71.26],[138.038,71.259],[138.043,71.258],[138.052,71.253],[138.042,71.249]]],[[[137.949,71.262],[137.933,71.255],[137.92,71.262],[137.926,71.265],[137.946,71.264],[137.949,71.262]]],[[[151.8,71.233],[151.822,71.218],[151.686,71.269],[151.8,71.233]]],[[[137.954,71.284],[137.928,71.284],[137.903,71.294],[137.9,71.296],[137.914,71.301],[137.93,71.299],[137.93,71.292],[137.959,71.286],[137.954,71.284]]],[[[137.623,71.289],[137.614,71.287],[137.61,71.291],[137.612,71.295],[137.624,71.303],[137.638,71.308],[137.662,71.311],[137.67,71.311],[137.67,71.303],[137.648,71.301],[137.631,71.295],[137.623,71.289]]],[[[138.011,71.323],[138.018,71.318],[138.008,71.318],[137.991,71.322],[137.98,71.327],[137.982,71.33],[137.986,71.331],[137.989,71.332],[138.017,71.33],[138.021,71.327],[138.011,71.323]]],[[[137.616,71.357],[137.646,71.354],[137.597,71.345],[137.616,71.357]]],[[[137.822,71.381],[137.806,71.373],[137.796,71.373],[137.812,71.382],[137.822,71.381]]],[[[137.6,71.376],[137.592,71.375],[137.581,71.377],[137.576,71.38],[137.581,71.385],[137.573,71.391],[137.577,71.394],[137.583,71.395],[137.588,71.394],[137.601,71.394],[137.607,71.392],[137.593,71.387],[137.598,71.383],[137.612,71.382],[137.6,71.376]]],[[[137.799,71.392],[137.782,71.39],[137.771,71.391],[137.782,71.396],[137.786,71.396],[137.79,71.397],[137.805,71.395],[137.799,71.392]]],[[[137.514,71.396],[137.524,71.388],[137.522,71.385],[137.517,71.385],[137.504,71.39],[137.476,71.382],[137.467,71.381],[137.461,71.383],[137.436,71.381],[137.428,71.382],[137.425,71.384],[137.427,71.387],[137.451,71.389],[137.502,71.397],[137.514,71.396]]],[[[151.468,71.352],[151.466,71.349],[151.429,71.351],[151.405,71.349],[151.381,71.351],[151.333,71.362],[151.305,71.365],[151.271,71.371],[151.254,71.373],[151.21,71.374],[151.174,71.378],[151.173,71.378],[151.157,71.387],[151.157,71.387],[151.154,71.391],[151.154,71.392],[151.159,71.395],[151.177,71.398],[151.209,71.4],[151.239,71.398],[151.273,71.394],[151.308,71.39],[151.463,71.355],[151.468,71.352]]],[[[150.74,71.417],[150.916,71.396],[150.789,71.371],[150.719,71.39],[150.74,71.417]]],[[[151.079,71.414],[151.034,71.413],[151.097,71.419],[151.079,71.414]]],[[[150.936,71.416],[150.91,71.409],[150.9,71.411],[150.893,71.421],[150.891,71.427],[150.895,71.428],[150.9,71.427],[150.903,71.427],[150.922,71.427],[150.934,71.425],[150.941,71.422],[150.936,71.417],[150.936,71.416]]],[[[151.266,71.422],[151.265,71.422],[151.255,71.423],[151.244,71.423],[151.244,71.423],[151.243,71.423],[151.236,71.425],[151.239,71.427],[151.26,71.429],[151.269,71.428],[151.274,71.425],[151.266,71.422]]],[[[137.561,71.432],[137.547,71.424],[137.507,71.427],[137.502,71.431],[137.508,71.435],[137.53,71.437],[137.558,71.434],[137.561,71.432]]],[[[150.753,71.432],[150.733,71.428],[150.723,71.43],[150.741,71.433],[150.752,71.438],[150.762,71.438],[150.753,71.432]]],[[[151.249,71.433],[151.236,71.431],[151.222,71.431],[151.202,71.436],[151.2,71.437],[151.207,71.439],[151.208,71.44],[151.224,71.439],[151.249,71.433]]],[[[150.912,71.441],[150.946,71.435],[150.886,71.443],[150.912,71.441]]],[[[150.868,71.442],[150.867,71.412],[150.785,71.417],[150.868,71.442]]],[[[150.877,71.453],[150.873,71.449],[150.865,71.448],[150.858,71.45],[150.849,71.451],[150.832,71.446],[150.802,71.442],[150.79,71.442],[150.794,71.446],[150.789,71.452],[150.792,71.456],[150.805,71.462],[150.808,71.463],[150.82,71.465],[150.835,71.462],[150.84,71.462],[150.877,71.458],[150.883,71.456],[150.877,71.453]]],[[[137.246,71.433],[137.282,71.434],[137.176,71.431],[137.103,71.462],[137.19,71.466],[137.246,71.433]]],[[[137.488,71.471],[137.544,71.464],[137.447,71.469],[137.488,71.471]]],[[[150.963,71.466],[150.931,71.468],[151.023,71.472],[150.963,71.466]]],[[[137.31,71.467],[137.485,71.451],[137.433,71.44],[137.474,71.431],[137.457,71.421],[137.405,71.423],[137.185,71.481],[137.31,71.467]]],[[[151.291,71.469],[151.259,71.475],[151.307,71.483],[151.291,71.469]]],[[[150.737,71.454],[150.71,71.5],[150.771,71.485],[150.737,71.454]]],[[[137.162,71.482],[137.021,71.493],[137.106,71.505],[137.162,71.482]]],[[[150.796,71.493],[150.777,71.493],[150.813,71.504],[150.796,71.493]]],[[[136.94,71.509],[136.937,71.506],[136.921,71.516],[136.923,71.52],[136.931,71.52],[136.94,71.509]]],[[[136.91,71.52],[136.907,71.516],[136.891,71.529],[136.896,71.53],[136.901,71.529],[136.91,71.52]]],[[[130.048,71.524],[130.039,71.509],[130.035,71.531],[130.045,71.532],[130.048,71.524]]],[[[150.277,71.534],[150.238,71.536],[150.304,71.541],[150.277,71.534]]],[[[151.185,71.558],[151.239,71.548],[151.113,71.557],[151.185,71.558]]],[[[150.612,71.542],[150.647,71.541],[150.44,71.539],[150.504,71.562],[150.612,71.542]]],[[[150.27,71.562],[150.285,71.554],[150.274,71.554],[150.256,71.556],[150.235,71.553],[150.231,71.556],[150.258,71.563],[150.27,71.562]]],[[[136.592,71.541],[136.582,71.538],[136.567,71.542],[136.55,71.55],[136.55,71.553],[136.548,71.558],[136.553,71.568],[136.559,71.567],[136.577,71.558],[136.592,71.547],[136.593,71.546],[136.592,71.541]]],[[[150.369,71.573],[150.431,71.565],[150.363,71.546],[150.294,71.571],[150.369,71.573]]],[[[150.296,71.576],[150.278,71.572],[150.315,71.581],[150.296,71.576]]],[[[137.517,71.59],[137.623,71.565],[137.957,71.573],[138.035,71.52],[137.932,71.441],[137.765,71.404],[137.643,71.437],[137.619,71.469],[137.416,71.477],[137.364,71.504],[137.308,71.47],[137.003,71.536],[137.027,71.565],[137.1,71.571],[137.209,71.528],[137.161,71.551],[137.517,71.59]]],[[[150.344,71.582],[150.334,71.581],[150.33,71.584],[150.333,71.59],[150.34,71.592],[150.363,71.594],[150.366,71.592],[150.363,71.59],[150.346,71.587],[150.344,71.582]]],[[[138.169,71.585],[138.157,71.581],[138.145,71.588],[138.144,71.588],[138.126,71.594],[138.164,71.597],[138.165,71.597],[138.174,71.595],[138.176,71.591],[138.169,71.585]]],[[[150.25,71.603],[150.297,71.599],[150.208,71.58],[150.25,71.603]]],[[[130.043,71.547],[130.035,71.541],[130.018,71.569],[130.004,71.579],[130,71.581],[129.949,71.606],[129.951,71.609],[129.959,71.609],[129.98,71.601],[130,71.592],[130.013,71.587],[130.027,71.576],[130.045,71.559],[130.043,71.547]]],[[[135.354,71.597],[135.226,71.586],[135.368,71.614],[135.354,71.597]]],[[[150.142,71.623],[150.104,71.629],[150.158,71.634],[150.142,71.623]]],[[[138.378,71.673],[138.367,71.67],[138.357,71.671],[138.326,71.672],[138.326,71.672],[138.323,71.674],[138.329,71.677],[138.336,71.68],[138.342,71.681],[138.35,71.683],[138.364,71.682],[138.373,71.678],[138.388,71.676],[138.394,71.673],[138.378,71.673]]],[[[138.828,71.706],[138.897,71.694],[138.699,71.642],[138.485,71.661],[138.605,71.706],[138.828,71.706]]],[[[149.449,71.831],[149.44,71.83],[149.401,71.83],[149.394,71.832],[149.411,71.84],[149.423,71.841],[149.438,71.839],[149.452,71.835],[149.449,71.831]]],[[[138.559,71.877],[138.616,71.852],[138.366,71.842],[138.472,71.887],[138.559,71.877]]],[[[132.94,71.879],[132.905,71.897],[132.997,71.903],[132.94,71.879]]],[[[128.914,71.927],[128.903,71.926],[128.885,71.931],[128.882,71.935],[128.892,71.945],[128.898,71.945],[128.903,71.946],[128.913,71.945],[128.922,71.94],[128.921,71.93],[128.914,71.927]]],[[[128.727,71.911],[128.782,71.908],[128.723,71.899],[128.609,71.95],[128.727,71.911]]],[[[128.698,71.985],[128.695,71.985],[128.683,71.986],[128.671,71.992],[128.668,71.996],[128.673,71.997],[128.698,71.985]]],[[[129.327,71.999],[129.311,71.998],[129.307,72],[129.313,72.001],[129.313,72.001],[129.318,72.001],[129.327,71.999]]],[[[128.7,72.014],[128.794,72.011],[128.77,72.005],[128.956,71.947],[128.817,71.952],[128.679,72.011],[128.7,72.014]]],[[[129.002,71.986],[128.76,72.023],[129.022,72.003],[129.002,71.986]]],[[[128.766,72.043],[128.803,72.035],[128.706,72.04],[128.766,72.043]]],[[[129.178,72.049],[129.168,72.048],[129.132,72.052],[129.12,72.056],[129.124,72.059],[129.182,72.059],[129.186,72.053],[129.178,72.049]]],[[[129.168,72.477],[129.157,72.476],[129.127,72.478],[129.134,72.481],[129.152,72.481],[129.165,72.48],[129.168,72.477]]],[[[129.214,72.485],[129.214,72.481],[129.18,72.48],[129.175,72.483],[129.164,72.483],[129.15,72.487],[129.17,72.492],[129.2,72.49],[129.214,72.485]]],[[[129.055,72.483],[129.032,72.488],[129.094,72.489],[129.055,72.483]]],[[[129.254,72.487],[129.203,72.494],[129.296,72.493],[129.254,72.487]]],[[[128.977,72.5],[128.941,72.498],[128.932,72.501],[128.936,72.503],[128.977,72.505],[128.984,72.503],[128.977,72.5]]],[[[129.043,72.528],[129.113,72.524],[129.007,72.522],[129.043,72.528]]],[[[129.189,72.527],[129.125,72.532],[129.222,72.536],[129.189,72.527]]],[[[129.532,72.502],[129.301,72.524],[129.377,72.541],[129.583,72.511],[129.532,72.502]]],[[[129.005,72.53],[128.993,72.529],[128.959,72.531],[128.951,72.534],[128.919,72.539],[128.889,72.548],[128.89,72.548],[128.893,72.549],[128.906,72.549],[128.957,72.542],[128.987,72.54],[129.007,72.532],[129.005,72.53]]],[[[128.91,72.559],[128.999,72.55],[129.035,72.55],[129.111,72.547],[129.14,72.543],[129.059,72.541],[129.031,72.541],[128.952,72.548],[128.924,72.552],[128.907,72.557],[128.91,72.559]]],[[[129.31,72.55],[129.242,72.548],[129.333,72.558],[129.31,72.55]]],[[[129.238,72.553],[129.202,72.55],[129.187,72.552],[129.156,72.549],[129.135,72.552],[129.117,72.55],[129.087,72.551],[129.072,72.555],[129.076,72.557],[129.127,72.559],[129.149,72.562],[129.196,72.556],[129.233,72.556],[129.242,72.554],[129.238,72.553]]],[[[129.182,72.567],[129.263,72.562],[129.164,72.566],[129.182,72.567]]],[[[128.922,72.57],[129.064,72.553],[128.88,72.57],[128.922,72.57]]],[[[129.613,72.566],[129.612,72.563],[129.591,72.565],[129.596,72.559],[129.594,72.553],[129.607,72.551],[129.586,72.548],[129.556,72.556],[129.558,72.558],[129.57,72.561],[129.575,72.568],[129.583,72.571],[129.597,72.572],[129.606,72.57],[129.613,72.566]]],[[[129.098,72.567],[129.069,72.564],[129.055,72.564],[129.041,72.568],[129.051,72.571],[129.064,72.573],[129.065,72.572],[129.104,72.569],[129.098,72.567],[129.098,72.567]]],[[[129.449,72.75],[129.552,72.723],[129.51,72.692],[129.341,72.725],[129.449,72.75]]],[[[129.411,72.807],[129.396,72.796],[129.375,72.797],[129.361,72.802],[129.342,72.81],[129.347,72.813],[129.359,72.814],[129.366,72.814],[129.384,72.814],[129.411,72.807]]],[[[129.423,72.816],[129.414,72.814],[129.385,72.819],[129.351,72.823],[129.355,72.825],[129.378,72.829],[129.383,72.83],[129.39,72.83],[129.41,72.828],[129.399,72.826],[129.402,72.824],[129.427,72.818],[129.423,72.816]]],[[[129.489,72.84],[129.499,72.836],[129.487,72.836],[129.491,72.831],[129.485,72.828],[129.471,72.827],[129.434,72.831],[129.443,72.835],[129.463,72.837],[129.464,72.838],[129.466,72.84],[129.409,72.838],[129.417,72.84],[129.437,72.842],[129.459,72.847],[129.471,72.848],[129.489,72.84]]],[[[122.659,72.934],[122.542,72.973],[122.586,72.979],[122.659,72.934]]],[[[122.413,72.974],[122.314,72.982],[122.359,72.974],[122.395,73.007],[122.421,73.001],[122.413,72.974]]],[[[120.264,73.02],[120.283,73.014],[120.146,73.017],[120.264,73.02]]],[[[122.127,73.023],[122.097,73.001],[122.045,73.014],[122.127,73.023]]],[[[122.238,72.994],[122.208,72.991],[122.26,73.032],[122.238,72.994]]],[[[120.3,73.027],[120.276,73.024],[120.27,73.028],[120.293,73.033],[120.306,73.031],[120.3,73.027]]],[[[120.475,73.026],[120.433,73.025],[120.423,73.027],[120.422,73.031],[120.43,73.034],[120.459,73.036],[120.484,73.035],[120.491,73.033],[120.49,73.031],[120.475,73.026]]],[[[120.261,73.027],[120.224,73.023],[120.301,73.036],[120.261,73.027]]],[[[120.392,73.046],[120.379,73.037],[120.341,73.041],[120.343,73.043],[120.358,73.042],[120.363,73.045],[120.385,73.047],[120.392,73.046]]],[[[120.402,73.038],[120.395,73.037],[120.398,73.04],[120.404,73.045],[120.44,73.053],[120.445,73.052],[120.451,73.052],[120.438,73.046],[120.415,73.043],[120.402,73.038]]],[[[122.892,73.046],[122.859,73.046],[122.909,73.054],[122.892,73.046]]],[[[122.197,73.052],[122.159,73.044],[122.211,73.032],[122.2,73.016],[122.115,73.048],[122.197,73.052]]],[[[120.39,73.054],[120.372,73.052],[120.36,73.054],[120.368,73.058],[120.402,73.058],[120.39,73.054]]],[[[119.614,73.036],[119.608,73.032],[119.598,73.037],[119.592,73.038],[119.573,73.041],[119.567,73.044],[119.562,73.047],[119.533,73.054],[119.534,73.057],[119.539,73.059],[119.55,73.057],[119.575,73.053],[119.593,73.047],[119.614,73.036]]],[[[120.19,73.025],[120.042,73.03],[120.294,73.051],[120.19,73.025]]],[[[119.601,73.059],[119.603,73.051],[119.588,73.054],[119.566,73.064],[119.59,73.064],[119.599,73.06],[119.599,73.06],[119.601,73.059]]],[[[119.336,73.083],[119.338,73.082],[119.292,73.082],[119.308,73.084],[119.329,73.085],[119.336,73.083]]],[[[122.82,73.079],[122.878,73.06],[122.736,73.074],[122.82,73.079]]],[[[119.392,73.083],[119.392,73.077],[119.356,73.081],[119.354,73.084],[119.35,73.09],[119.383,73.087],[119.392,73.083]]],[[[122.394,73.091],[122.404,73.06],[122.567,73.034],[122.463,72.993],[122.276,73.001],[122.256,73.045],[122.279,73.081],[122.394,73.091]]],[[[119.918,73.045],[119.832,73.047],[119.972,73.093],[119.968,73.061],[119.918,73.045]]],[[[122.699,73.071],[122.633,73.083],[122.735,73.089],[122.699,73.071]]],[[[120.384,73.063],[120.341,73.059],[120.373,73.097],[120.414,73.079],[120.384,73.063]]],[[[122.56,73.078],[122.502,73.053],[122.43,73.07],[122.573,73.098],[122.56,73.078]]],[[[119.784,73.069],[119.706,73.054],[119.72,73.019],[119.67,73.026],[119.616,73.106],[119.784,73.069]]],[[[120,73.086],[119.989,73.085],[119.985,73.086],[120,73.091],[120.025,73.099],[120.063,73.107],[120.066,73.105],[120.055,73.095],[120.044,73.091],[120,73.086]]],[[[122.633,73.098],[122.6,73.091],[122.685,73.105],[122.633,73.098]]],[[[119.569,73.107],[119.6,73.096],[119.563,73.075],[119.437,73.087],[119.569,73.107]]],[[[120,73.104],[119.958,73.101],[120.024,73.114],[120,73.104]]],[[[119.809,73.058],[119.877,73.121],[119.925,73.111],[119.809,73.058]]],[[[119.373,73.104],[119.278,73.116],[119.391,73.109],[119.373,73.104]]],[[[120.328,73.064],[119.931,73.04],[120.083,73.105],[120.287,73.126],[120.359,73.101],[120.328,73.064]]],[[[120.127,73.126],[120.098,73.125],[120.091,73.126],[120.095,73.128],[120.136,73.129],[120.127,73.126]]],[[[120.146,73.123],[120.13,73.118],[120.106,73.119],[120.138,73.126],[120.16,73.132],[120.159,73.128],[120.146,73.123]]],[[[120.146,73.123],[120.18,73.131],[120.251,73.135],[120.279,73.13],[120.236,73.126],[120.194,73.118],[120.152,73.119],[120.147,73.122],[120.146,73.123]]],[[[120.222,73.139],[120.204,73.137],[120.245,73.141],[120.222,73.139]]],[[[120.126,73.133],[120.147,73.154],[120.192,73.14],[120.126,73.133]]],[[[119.73,73.144],[119.718,73.143],[119.729,73.151],[119.739,73.155],[119.744,73.155],[119.749,73.153],[119.73,73.144]]],[[[119.604,73.14],[119.541,73.137],[119.577,73.158],[119.604,73.14]]],[[[120.108,73.148],[120.106,73.145],[120.097,73.146],[120.094,73.159],[120.097,73.16],[120.116,73.159],[120.122,73.156],[120.12,73.154],[120.107,73.154],[120.103,73.15],[120.108,73.148]]],[[[120.072,73.125],[120.04,73.143],[120.089,73.159],[120.072,73.125]]],[[[119.706,73.142],[119.695,73.164],[119.744,73.164],[119.706,73.142]]],[[[119.955,73.146],[119.941,73.112],[119.893,73.124],[119.886,73.148],[119.929,73.157],[119.884,73.164],[119.955,73.146]]],[[[119.837,73.093],[119.808,73.078],[119.679,73.11],[119.79,73.162],[119.868,73.163],[119.843,73.157],[119.873,73.132],[119.837,73.093]]],[[[119.955,73.146],[119.994,73.156],[119.946,73.167],[120.043,73.165],[120.029,73.141],[120.053,73.121],[119.956,73.104],[119.955,73.146]]],[[[120.286,73.161],[120.279,73.16],[120.238,73.166],[120.234,73.169],[120.258,73.166],[120.282,73.164],[120.286,73.161]]],[[[119.668,73.163],[119.669,73.14],[119.59,73.162],[119.688,73.177],[119.668,73.163]]],[[[119.742,73.184],[119.741,73.181],[119.735,73.179],[119.72,73.177],[119.695,73.182],[119.682,73.182],[119.664,73.185],[119.682,73.187],[119.735,73.186],[119.742,73.184]]],[[[120.128,73.185],[120.124,73.183],[120.094,73.185],[120.07,73.189],[120.062,73.192],[120.066,73.192],[120.116,73.188],[120.128,73.185]]],[[[128.703,73.275],[128.654,73.271],[128.643,73.276],[128.648,73.28],[128.657,73.282],[128.668,73.285],[128.68,73.284],[128.696,73.283],[128.705,73.277],[128.703,73.275],[128.703,73.275]]],[[[128.548,73.275],[128.574,73.272],[128.493,73.269],[128.548,73.275]]],[[[113.66,73.295],[113.592,73.291],[113.673,73.33],[113.66,73.295]]],[[[113.912,73.32],[113.906,73.318],[113.878,73.32],[113.855,73.325],[113.859,73.329],[113.84,73.335],[113.833,73.337],[113.836,73.338],[113.843,73.338],[113.848,73.337],[113.852,73.336],[113.911,73.323],[113.912,73.32]]],[[[123.334,73.285],[123.37,73.208],[123.283,73.337],[123.334,73.285]]],[[[128.329,73.361],[128.298,73.355],[128.294,73.356],[128.303,73.362],[128.308,73.365],[128.322,73.366],[128.34,73.366],[128.329,73.361]]],[[[118.832,73.357],[118.787,73.319],[118.67,73.331],[118.779,73.367],[118.832,73.357]]],[[[113.755,73.345],[113.748,73.344],[113.736,73.345],[113.666,73.365],[113.661,73.368],[113.663,73.369],[113.666,73.371],[113.675,73.37],[113.699,73.364],[113.74,73.352],[113.755,73.345]]],[[[128.139,73.365],[128.157,73.364],[128.105,73.357],[128.139,73.365]]],[[[128.284,73.363],[128.274,73.361],[128.235,73.362],[128.203,73.359],[128.196,73.361],[128.216,73.367],[128.252,73.374],[128.259,73.376],[128.265,73.376],[128.276,73.377],[128.295,73.372],[128.295,73.364],[128.284,73.363]]],[[[113.797,73.344],[113.792,73.343],[113.783,73.344],[113.767,73.354],[113.738,73.364],[113.709,73.366],[113.695,73.375],[113.693,73.375],[113.672,73.384],[113.685,73.383],[113.703,73.376],[113.777,73.358],[113.797,73.344]]],[[[126.467,73.36],[126.458,73.388],[126.483,73.381],[126.467,73.36]]],[[[126.556,73.382],[126.545,73.38],[126.518,73.381],[126.531,73.389],[126.542,73.39],[126.556,73.385],[126.556,73.382]]],[[[123.288,73.35],[123.281,73.349],[123.265,73.359],[123.256,73.365],[123.238,73.407],[123.241,73.413],[123.254,73.413],[123.261,73.409],[123.262,73.408],[123.262,73.406],[123.27,73.369],[123.287,73.355],[123.288,73.35]]],[[[126.494,73.41],[126.483,73.397],[126.472,73.4],[126.474,73.415],[126.475,73.416],[126.488,73.415],[126.493,73.413],[126.494,73.41]]],[[[118.684,73.421],[118.677,73.42],[118.673,73.422],[118.68,73.425],[118.685,73.423],[118.684,73.421]]],[[[128,73.415],[127.955,73.417],[128.066,73.422],[128,73.415]]],[[[118.773,73.383],[118.682,73.404],[118.709,73.426],[118.796,73.407],[118.773,73.383]]],[[[126.501,73.42],[126.476,73.426],[126.516,73.435],[126.501,73.42]]],[[[126.458,73.428],[126.447,73.424],[126.442,73.425],[126.452,73.439],[126.472,73.441],[126.458,73.428]]],[[[126.614,73.386],[126.559,73.397],[126.563,73.418],[126.706,73.433],[126.614,73.386]]],[[[127.934,73.441],[127.902,73.438],[127.965,73.451],[127.934,73.441]]],[[[123.289,73.445],[123.199,73.453],[123.307,73.449],[123.289,73.445]]],[[[126.881,73.438],[126.866,73.438],[126.879,73.446],[126.871,73.451],[126.869,73.457],[126.872,73.458],[126.885,73.456],[126.896,73.444],[126.893,73.44],[126.881,73.438]]],[[[126.926,73.443],[126.917,73.442],[126.906,73.453],[126.91,73.459],[126.918,73.46],[126.932,73.453],[126.926,73.443]]],[[[126.703,73.454],[126.667,73.451],[126.72,73.462],[126.703,73.454]]],[[[127.617,73.472],[127.551,73.483],[127.641,73.474],[127.617,73.472]]],[[[125.766,73.494],[125.741,73.487],[125.714,73.495],[125.762,73.498],[125.768,73.497],[125.766,73.494]]],[[[127.893,73.484],[127.89,73.484],[127.886,73.485],[127.88,73.486],[127.881,73.489],[127.914,73.502],[127.936,73.493],[127.934,73.49],[127.893,73.484]]],[[[123.296,73.51],[123.298,73.506],[123.287,73.507],[123.257,73.507],[123.248,73.51],[123.252,73.513],[123.272,73.514],[123.296,73.51]]],[[[127.614,73.517],[127.604,73.516],[127.598,73.52],[127.615,73.527],[127.624,73.527],[127.624,73.524],[127.614,73.517]]],[[[127.794,73.52],[127.882,73.502],[127.708,73.476],[127.635,73.5],[127.683,73.529],[127.794,73.52]]],[[[123.207,73.462],[123.173,73.507],[123.196,73.545],[123.207,73.462]]],[[[125.316,73.574],[125.28,73.566],[125.274,73.567],[125.261,73.566],[125.258,73.567],[125.264,73.571],[125.284,73.574],[125.309,73.577],[125.316,73.574]]],[[[123.251,73.581],[123.272,73.579],[123.318,73.581],[123.32,73.58],[123.331,73.579],[123.318,73.573],[123.308,73.568],[123.303,73.566],[123.294,73.567],[123.288,73.569],[123.28,73.572],[123.247,73.576],[123.241,73.579],[123.251,73.581]]],[[[125.622,73.572],[125.611,73.568],[125.605,73.572],[125.611,73.577],[125.623,73.584],[125.632,73.584],[125.64,73.573],[125.622,73.572]]],[[[125.332,73.59],[125.308,73.609],[125.343,73.613],[125.332,73.59]]],[[[123.378,73.612],[123.317,73.61],[123.42,73.618],[123.378,73.612]]],[[[125.355,73.631],[125.333,73.627],[125.376,73.632],[125.355,73.631]]],[[[115.039,73.639],[115.008,73.642],[115.054,73.649],[115.039,73.639]]],[[[123.802,73.654],[123.879,73.642],[123.747,73.612],[123.802,73.654]]],[[[125.91,73.652],[125.83,73.61],[125.811,73.552],[125.771,73.531],[125.892,73.523],[125.873,73.498],[125.773,73.518],[125.77,73.564],[125.69,73.556],[125.79,73.57],[125.842,73.626],[125.9,73.64],[125.847,73.652],[125.91,73.652]]],[[[125.704,73.645],[125.687,73.622],[125.691,73.649],[125.742,73.655],[125.704,73.645]]],[[[124.002,73.658],[124.02,73.652],[123.947,73.662],[124.005,73.681],[124.002,73.658]]],[[[123.399,73.66],[123.389,73.66],[123.392,73.663],[123.402,73.673],[123.418,73.679],[123.44,73.681],[123.449,73.682],[123.45,73.682],[123.453,73.681],[123.441,73.677],[123.433,73.677],[123.426,73.676],[123.417,73.672],[123.415,73.671],[123.408,73.664],[123.399,73.66]]],[[[123.807,73.67],[123.786,73.682],[123.824,73.677],[123.807,73.67]]],[[[123.513,73.686],[123.491,73.683],[123.481,73.685],[123.487,73.69],[123.505,73.694],[123.508,73.694],[123.521,73.696],[123.529,73.694],[123.513,73.686]]],[[[123.653,73.701],[123.723,73.675],[123.607,73.693],[123.653,73.701]]],[[[125.167,73.691],[125.16,73.691],[125.157,73.697],[125.161,73.704],[125.173,73.701],[125.167,73.691]]],[[[123.886,73.664],[123.855,73.677],[123.868,73.712],[123.901,73.686],[123.886,73.664]]],[[[123.939,73.707],[123.916,73.701],[123.901,73.705],[123.907,73.711],[123.913,73.712],[123.931,73.709],[123.938,73.707],[123.939,73.707]]],[[[123.809,73.703],[123.795,73.701],[123.771,73.708],[123.782,73.718],[123.793,73.719],[123.812,73.71],[123.813,73.706],[123.809,73.703]]],[[[124.109,73.718],[124.101,73.687],[124.054,73.694],[124.09,73.71],[124.02,73.685],[123.97,73.708],[124.13,73.73],[124.109,73.718]]],[[[124.808,73.716],[124.801,73.714],[124.791,73.719],[124.795,73.725],[124.806,73.731],[124.817,73.732],[124.825,73.73],[124.808,73.716],[124.808,73.716]]],[[[123.673,73.739],[123.654,73.736],[123.628,73.741],[123.655,73.743],[123.668,73.741],[123.673,73.739]]],[[[124.604,73.751],[124.595,73.748],[124.558,73.749],[124.551,73.751],[124.555,73.756],[124.574,73.762],[124.591,73.764],[124.601,73.76],[124.607,73.755],[124.604,73.751]]],[[[123.819,73.754],[123.819,73.731],[123.776,73.723],[123.721,73.745],[123.894,73.763],[123.819,73.754]]],[[[123.958,73.777],[124.036,73.745],[123.929,73.759],[123.958,73.777]]],[[[124.298,73.763],[124.293,73.783],[124.328,73.786],[124.298,73.763]]],[[[124.114,73.783],[124.018,73.756],[124.044,73.768],[124.032,73.786],[124.132,73.803],[124.092,73.787],[124.114,73.783]]],[[[123.998,73.799],[124.013,73.781],[123.944,73.796],[124.029,73.802],[123.998,73.799]]],[[[123.801,73.832],[123.754,73.827],[123.823,73.838],[123.801,73.832]]],[[[124.283,73.859],[124.272,73.859],[124.269,73.861],[124.286,73.874],[124.298,73.877],[124.302,73.876],[124.294,73.868],[124.304,73.863],[124.293,73.863],[124.283,73.859]]],[[[124.79,73.862],[124.772,73.862],[124.844,73.887],[124.79,73.862]]],[[[124.928,73.888],[124.915,73.887],[124.92,73.892],[124.945,73.895],[124.957,73.902],[124.967,73.899],[124.962,73.894],[124.941,73.892],[124.928,73.888]]],[[[124.9,73.899],[124.89,73.897],[124.886,73.899],[124.893,73.908],[124.917,73.908],[124.9,73.899]]],[[[123.296,73.908],[123.162,73.88],[123.174,73.849],[123.285,73.841],[123.132,73.855],[123.159,73.899],[123.296,73.908]]],[[[124.455,73.906],[124.435,73.901],[124.427,73.901],[124.417,73.905],[124.416,73.909],[124.432,73.915],[124.445,73.914],[124.437,73.908],[124.455,73.906]]],[[[142.297,73.863],[142.587,73.833],[143.463,73.547],[143.598,73.455],[143.516,73.408],[143.499,73.349],[143.53,73.281],[143.616,73.217],[143.257,73.179],[142.774,73.232],[142.492,73.225],[141.633,73.294],[140.727,73.429],[140.432,73.415],[139.961,73.341],[139.876,73.355],[139.804,73.405],[139.898,73.44],[140.373,73.442],[140.62,73.514],[140.819,73.629],[140.874,73.701],[140.929,73.713],[140.88,73.711],[140.901,73.743],[141.165,73.866],[141.385,73.846],[142.09,73.918],[142.297,73.863]]],[[[124.851,73.913],[124.834,73.905],[124.831,73.906],[124.839,73.913],[124.829,73.919],[124.835,73.925],[124.851,73.917],[124.851,73.913]]],[[[124.806,73.908],[124.737,73.902],[124.661,73.838],[124.56,73.823],[124.528,73.832],[124.584,73.852],[124.455,73.832],[124.471,73.843],[124.325,73.863],[124.414,73.858],[124.434,73.864],[124.337,73.877],[124.481,73.878],[124.49,73.901],[124.557,73.908],[124.716,73.899],[124.699,73.886],[124.754,73.929],[124.806,73.908]]],[[[124.519,73.916],[124.458,73.917],[124.558,73.931],[124.519,73.916]]],[[[140.737,73.925],[140.731,73.924],[140.733,73.928],[140.76,73.938],[140.769,73.939],[140.772,73.937],[140.774,73.936],[140.763,73.931],[140.737,73.925]]],[[[123.265,73.987],[123.258,73.952],[123.245,73.986],[123.191,73.962],[123.316,73.924],[123.164,73.953],[123.188,73.984],[123.265,73.987]]],[[[113.345,73.714],[113.456,73.626],[113.454,73.591],[113.303,73.544],[113.2,73.445],[113.329,73.375],[113.536,73.339],[113.554,73.269],[113.5,73.237],[113.629,73.244],[113.772,73.324],[113.901,73.31],[114.095,73.356],[113.853,73.348],[113.599,73.425],[113.533,73.46],[113.539,73.5],[113.5,73.509],[114.248,73.601],[114.532,73.583],[114.909,73.604],[115.32,73.702],[115.429,73.683],[115.465,73.687],[115.406,73.7],[115.91,73.697],[116.281,73.655],[116.633,73.663],[117.373,73.575],[118.721,73.556],[118.808,73.538],[118.807,73.499],[118.971,73.457],[118.774,73.429],[118.678,73.469],[118.567,73.471],[118.451,73.428],[118.414,73.412],[118.41,73.372],[118.482,73.348],[118.374,73.298],[118.415,73.273],[118.409,73.228],[118.528,73.179],[119.471,73.058],[119.695,73.002],[119.933,73.02],[121.083,72.93],[121.662,72.973],[122.028,72.94],[122.279,72.982],[122.365,72.943],[122.412,72.957],[122.594,72.919],[122.713,72.927],[122.657,72.964],[122.807,72.951],[122.567,73.021],[122.647,73.03],[122.836,72.965],[123.133,72.934],[123.163,72.902],[123.317,72.919],[123.374,72.968],[123.443,72.972],[123.396,73.019],[123.404,73.048],[123.508,73.117],[123.531,73.111],[123.494,73.074],[123.544,73.077],[123.561,73.113],[123.738,73.102],[123.471,73.157],[123.644,73.197],[123.715,73.182],[123.751,73.207],[123.625,73.225],[123.586,73.203],[123.572,73.237],[123.506,73.243],[123.578,73.28],[123.441,73.28],[123.417,73.294],[123.512,73.304],[123.384,73.345],[123.539,73.385],[123.28,73.402],[123.385,73.4],[123.332,73.436],[123.377,73.458],[123.411,73.444],[123.388,73.427],[123.528,73.397],[123.465,73.424],[123.488,73.468],[123.347,73.479],[123.4,73.508],[123.346,73.549],[123.472,73.548],[123.379,73.582],[123.529,73.564],[123.439,73.604],[123.489,73.609],[123.45,73.655],[123.529,73.655],[123.497,73.623],[123.54,73.608],[123.574,73.657],[123.609,73.659],[123.591,73.642],[123.613,73.633],[123.668,73.66],[123.621,73.616],[123.718,73.629],[123.691,73.606],[123.768,73.567],[123.854,73.625],[123.905,73.594],[123.954,73.627],[124.017,73.601],[124.071,73.627],[124.049,73.635],[124.065,73.666],[124.278,73.722],[124.189,73.762],[124.332,73.738],[124.341,73.773],[124.395,73.801],[124.455,73.799],[124.42,73.763],[124.495,73.77],[124.489,73.739],[124.519,73.761],[124.53,73.737],[124.647,73.749],[124.641,73.728],[124.673,73.719],[124.763,73.745],[124.718,73.704],[124.76,73.69],[124.756,73.649],[124.802,73.69],[124.774,73.697],[124.893,73.73],[124.938,73.719],[124.873,73.683],[124.953,73.699],[124.928,73.67],[124.97,73.651],[125.048,73.703],[125.064,73.682],[125.021,73.62],[125.043,73.601],[125.132,73.644],[125.094,73.669],[125.161,73.684],[125.204,73.652],[125.165,73.659],[125.149,73.633],[125.243,73.639],[125.148,73.556],[125.275,73.618],[125.232,73.59],[125.205,73.514],[125.277,73.554],[125.296,73.53],[125.383,73.531],[125.364,73.556],[125.41,73.592],[125.402,73.571],[125.428,73.57],[125.386,73.553],[125.468,73.531],[125.486,73.542],[125.455,73.566],[125.478,73.588],[125.469,73.57],[125.517,73.553],[125.494,73.535],[125.592,73.521],[125.623,73.543],[125.657,73.532],[125.621,73.52],[125.656,73.514],[125.692,73.532],[125.662,73.5],[125.687,73.474],[125.738,73.467],[125.741,73.43],[125.773,73.44],[125.755,73.465],[125.79,73.469],[125.783,73.429],[125.828,73.417],[125.849,73.424],[125.835,73.444],[125.909,73.425],[125.929,73.455],[125.822,73.453],[125.831,73.473],[125.992,73.476],[125.911,73.486],[125.951,73.529],[126.016,73.507],[125.969,73.493],[126.102,73.505],[126.085,73.491],[126.106,73.474],[126.148,73.515],[126.177,73.514],[126.153,73.493],[126.335,73.552],[126.386,73.504],[126.46,73.514],[126.406,73.484],[126.455,73.479],[126.432,73.423],[126.339,73.374],[126.403,73.4],[126.452,73.351],[126.757,73.377],[126.734,73.396],[126.751,73.419],[126.846,73.454],[126.849,73.407],[126.964,73.376],[126.915,73.421],[127.018,73.422],[126.98,73.431],[127.033,73.499],[127.014,73.52],[127.054,73.527],[127.365,73.515],[127.453,73.478],[127.416,73.45],[127.45,73.435],[127.488,73.476],[127.553,73.456],[127.92,73.465],[127.794,73.416],[128.124,73.413],[128.021,73.358],[128.166,73.403],[128.011,73.345],[128.058,73.333],[128.45,73.355],[128.504,73.338],[128.448,73.327],[128.509,73.322],[128.507,73.296],[128.328,73.251],[128.774,73.247],[128.888,73.222],[128.781,73.171],[128.906,73.178],[128.753,73.12],[128.895,73.137],[128.954,73.111],[128.934,73.096],[128.958,73.08],[129.081,73.118],[129.172,73.111],[129.318,73.075],[129.294,73.068],[129.346,73.036],[129.32,73.019],[129.477,73.015],[129.452,73.005],[129.512,73.005],[129.532,72.991],[129.515,72.977],[129.59,72.961],[129.526,72.944],[129.587,72.937],[129.354,72.933],[129.124,72.971],[129.147,72.936],[129.452,72.851],[129.321,72.814],[129.37,72.783],[129.496,72.783],[129.162,72.736],[129.506,72.675],[129.536,72.648],[129.499,72.649],[129.506,72.629],[129.437,72.601],[129.137,72.625],[129.116,72.616],[129.158,72.605],[129.119,72.597],[129.187,72.583],[128.873,72.582],[128.887,72.556],[128.823,72.557],[128.879,72.524],[128.821,72.522],[128.826,72.5],[128.979,72.474],[128.949,72.452],[129.153,72.47],[129.451,72.435],[129.425,72.427],[129.472,72.415],[129.383,72.393],[129.51,72.378],[129.456,72.362],[129.548,72.35],[129.503,72.331],[129.553,72.306],[129.407,72.299],[129.456,72.284],[129.384,72.264],[129.469,72.272],[129.492,72.236],[129.422,72.24],[129.597,72.213],[129.484,72.204],[129.387,72.158],[129.401,72.136],[129.545,72.156],[129.579,72.138],[129.521,72.141],[129.564,72.127],[129.432,72.085],[129.312,72.113],[129.399,72.085],[129.237,72.056],[128.996,72.04],[128.907,72.078],[128.878,72.077],[128.895,72.056],[128.69,72.058],[128.676,72.033],[128.712,72.027],[128.622,72.011],[128.86,71.925],[128.669,71.93],[128.608,71.955],[128.582,72.004],[128.533,72],[128.504,71.959],[128.577,71.892],[128.689,71.862],[128.749,71.763],[128.982,71.71],[129.276,71.804],[129.186,71.879],[129.113,72.011],[129.324,71.881],[129.372,71.837],[129.375,71.791],[129.609,71.7],[129.344,71.727],[128.931,71.681],[128.857,71.643],[128.931,71.618],[128.915,71.578],[129.236,71.596],[129.337,71.522],[129.311,71.489],[129.337,71.466],[129.29,71.473],[129.333,71.458],[129.29,71.452],[129.374,71.462],[129.479,71.295],[129.757,71.215],[129.794,71.146],[129.878,71.114],[129.844,71.096],[130.174,71.069],[130.297,70.973],[130.261,70.947],[130.367,70.899],[130.563,70.906],[130.585,70.853],[130.661,70.838],[130.789,70.853],[130.837,70.881],[130.818,70.942],[130.861,70.962],[130.846,70.922],[130.886,70.903],[130.89,70.852],[130.942,70.833],[130.968,70.779],[130.944,70.762],[131.062,70.704],[131.198,70.716],[131.395,70.779],[131.69,70.922],[131.779,71.022],[131.773,71.129],[131.844,71.147],[132.013,71.286],[132.082,71.389],[132.069,71.418],[132.254,71.645],[132.573,71.879],[132.777,71.947],[133.147,71.963],[133.335,71.883],[133.355,71.846],[133.116,71.943],[132.998,71.948],[132.89,71.925],[132.929,71.914],[132.886,71.897],[132.787,71.912],[132.821,71.834],[132.76,71.796],[132.795,71.758],[132.964,71.734],[133.302,71.541],[133.76,71.42],[134.273,71.363],[134.715,71.39],[134.977,71.501],[135.509,71.606],[135.889,71.63],[136.533,71.565],[136.511,71.559],[136.669,71.518],[136.855,71.526],[137.119,71.416],[137.493,71.362],[137.447,71.344],[137.541,71.364],[137.515,71.335],[137.59,71.355],[137.522,71.298],[137.567,71.3],[137.55,71.267],[137.606,71.272],[137.588,71.261],[137.618,71.248],[137.775,71.273],[137.753,71.254],[138.07,71.207],[138.192,71.235],[138.183,71.273],[138.047,71.284],[138.065,71.296],[138.044,71.349],[137.849,71.372],[138.006,71.404],[138.085,71.467],[138.132,71.567],[138.164,71.575],[138.457,71.58],[138.482,71.525],[138.522,71.525],[138.698,71.554],[138.613,71.594],[138.633,71.605],[138.857,71.629],[138.997,71.584],[139.139,71.577],[139.125,71.542],[139.181,71.461],[139.156,71.446],[139.243,71.398],[139.405,71.4],[139.491,71.487],[139.867,71.44],[139.945,71.502],[139.996,71.478],[140.098,71.51],[139.953,71.54],[139.773,71.687],[139.796,71.769],[139.77,71.79],[139.807,71.791],[139.769,71.797],[139.77,71.831],[139.839,71.854],[139.76,71.865],[139.754,71.899],[139.712,71.917],[139.382,71.95],[139.701,71.946],[139.778,71.999],[139.784,72.046],[139.922,72.096],[139.968,72.155],[140.138,72.135],[140.293,72.172],[140.246,72.211],[140.122,72.217],[140.074,72.262],[140.074,72.22],[139.656,72.222],[139.423,72.144],[139.195,72.182],[139.175,72.277],[139.278,72.356],[139.618,72.487],[139.858,72.497],[140.188,72.446],[140.857,72.519],[140.986,72.506],[140.95,72.526],[141.024,72.559],[141.328,72.588],[141.173,72.604],[141.189,72.616],[141.141,72.624],[141.167,72.649],[141.11,72.678],[140.996,72.705],[140.855,72.793],[140.783,72.799],[140.804,72.816],[140.731,72.871],[140.76,72.882],[141.312,72.855],[141.64,72.764],[141.97,72.722],[143.553,72.69],[145.612,72.544],[146.816,72.37],[146.897,72.352],[146.874,72.336],[146.894,72.321],[147.013,72.297],[147.621,72.331],[148.528,72.313],[149.583,72.149],[149.952,72.016],[150.073,71.93],[150.107,71.859],[150.063,71.829],[149.627,71.743],[149.564,71.832],[149.536,71.798],[149.493,71.799],[149.543,71.822],[149.504,71.875],[149.348,71.882],[149.4,71.865],[149.26,71.834],[149.02,71.713],[149.083,71.673],[149.131,71.7],[149.237,71.676],[149.328,71.694],[149.464,71.647],[149.591,71.642],[149.931,71.67],[150.182,71.609],[150.169,71.58],[150.231,71.564],[150.237,71.524],[150.637,71.519],[150.565,71.503],[150.703,71.493],[150.72,71.471],[150.686,71.429],[150.695,71.398],[150.778,71.358],[151.109,71.394],[151.574,71.317],[151.834,71.194],[151.776,71.196],[151.981,71.076],[151.962,71.068],[152.139,70.995],[152.111,70.975],[151.722,70.972],[151.985,70.942],[152.396,70.839],[152.995,70.823],[153.596,70.871],[153.664,70.845],[154.355,70.953],[155.128,71.031],[155.873,71.078],[156.91,71.091],[158.153,71],[159.133,70.835],[159.656,70.671],[159.889,70.543],[160.073,70.351],[160.117,70.258],[159.973,70.138],[159.953,70.108],[159.98,70.079],[159.895,70.019],[159.886,69.973],[159.689,69.877],[159.774,69.818],[160.198,69.686],[160.223,69.685],[160.148,69.708],[160.638,69.64],[160.806,69.642],[160.873,69.611],[160.832,69.64],[160.973,69.622],[161.016,69.538],[160.971,69.441],[160.997,69.435],[160.983,69.389],[161.024,69.333],[161.026,69.238],[161.103,69.223],[161.173,69.29],[161.224,69.26],[161.084,69.391],[161.088,69.441],[161.132,69.463],[161.395,69.531],[161.43,69.455],[161.335,69.417],[161.331,69.391],[161.366,69.362],[161.49,69.363],[161.602,69.387],[161.826,69.496],[162.043,69.518],[162.075,69.539],[162.062,69.56],[162.226,69.594],[162.222,69.632],[162.356,69.629],[162.368,69.588],[162.294,69.513],[162.195,69.496],[162.299,69.442],[162.262,69.392],[162.39,69.369],[162.403,69.293],[162.7,69.158],[162.706,69.129],[162.505,69.113],[162.463,69.072],[162.439,68.963],[162.499,68.923],[162.671,68.899],[162.773,68.82],[162.676,68.757],[162.551,68.728],[162.564,68.671],[162.677,68.639],[162.628,68.592],[162.643,68.549],[162.52,68.521],[162.532,68.425],[162.474,68.386],[162.482,68.302],[162.401,68.251],[161.407,68.386],[161.265,68.374],[160.95,68.268],[160.736,68.236],[159.991,68.264],[159.811,68.224],[159.744,68.164],[159.589,68.19],[159.431,68.176],[159.347,68.212],[158.959,68.087],[158.59,68.096],[158.406,68.046],[158.324,67.962],[158.319,67.915],[158.17,67.842],[158.226,67.79],[158.361,67.745],[158.307,67.709],[158.169,67.686],[157.882,67.68],[157.83,67.544],[157.851,67.453],[157.968,67.371],[157.94,67.255],[157.97,67.227],[158.155,67.204],[158.347,67.103],[158.825,67.032],[158.859,66.97],[158.817,66.878],[158.997,66.764],[158.844,66.73],[158.778,66.677],[158.788,66.628],[158.613,66.524],[158.575,66.459],[158.456,66.426],[158.496,66.36],[158.575,66.318],[158.459,66.224],[158.617,66.1],[158.558,66.073],[158.356,66.072],[158.284,66.127],[158.146,66.141],[157.725,66.089],[157.609,66.012],[157.489,65.98],[157.464,65.963],[157.486,65.924],[157.441,65.899],[157.252,65.896],[156.949,65.966],[157.027,65.994],[157.015,66.036],[156.765,66.103],[156.731,66.183],[156.687,66.19],[156.548,66.126],[156.526,66.069],[156.423,66.041],[156.09,66.058],[155.958,66.101],[155.906,66.169],[155.734,66.124],[155.519,66.151],[155.296,66.137],[155.235,66.185],[154.92,66.108],[154.875,66.16],[154.618,66.203],[154.463,66.164],[154.458,66.117],[154.284,66.073],[154.312,66.028],[154.441,65.98],[154.41,65.948],[154.432,65.906],[154.251,65.794],[154.122,65.791],[154.142,65.847],[154.088,65.874],[153.775,65.868],[153.551,65.816],[153.521,65.729],[153.592,65.718],[153.602,65.697],[153.55,65.637],[153.587,65.602],[153.434,65.524],[153.406,65.469],[153.521,65.426],[153.502,65.378],[153.418,65.329],[153.303,65.329],[153.241,65.302],[153.24,65.265],[152.992,65.275],[152.716,65.215],[152.717,65.182],[152.634,65.136],[152.622,65.028],[152.494,64.997],[152.624,64.778],[152.778,64.743],[152.797,64.715],[152.751,64.668],[152.552,64.618],[152.454,64.538],[152.319,64.527],[152.289,64.501],[152.402,64.425],[152.356,64.376],[152.11,64.35],[152.041,64.368],[152.099,64.43],[151.909,64.466],[151.594,64.422],[151.538,64.394],[151.536,64.35],[151.485,64.317],[151.41,64.306],[151.299,64.368],[151.044,64.32],[150.664,64.335],[150.606,64.295],[150.619,64.157],[150.51,64.159],[150.358,64.201],[150.213,64.192],[150.176,64.243],[150.022,64.299],[150.038,64.355],[149.998,64.392],[150.097,64.43],[150.103,64.467],[149.944,64.505],[149.945,64.544],[149.805,64.553],[149.756,64.51],[149.409,64.398],[149.292,64.421],[149.315,64.376],[149.18,64.382],[149.07,64.433],[148.927,64.452],[148.882,64.406],[148.765,64.449],[148.65,64.415],[148.502,64.448],[148.484,64.504],[148.369,64.529],[148.049,64.403],[148.086,64.323],[148.301,64.204],[148.071,64.048],[148.029,63.997],[148.041,63.936],[147.767,63.935],[147.803,63.971],[147.635,64.029],[147.705,64.114],[147.645,64.141],[147.469,64.091],[147.366,64.104],[147.336,64.044],[147.225,64.047],[146.89,64.16],[146.583,64.139],[146.415,64.174],[146.357,64.154],[146.258,63.999],[146.137,63.925],[145.654,63.836],[145.626,63.793],[145.673,63.673],[145.615,63.627],[145.603,63.568],[145.453,63.477],[145.473,63.425],[145.388,63.339],[145.401,63.294],[145.271,63.218],[145.231,63.16],[145.321,63.104],[145.322,63.059],[145.255,63.022],[145.449,62.951],[145.467,62.829],[145.381,62.766],[145.392,62.726],[145.479,62.699],[145.423,62.653],[145.46,62.644],[145.414,62.593],[145.486,62.553],[145.338,62.511],[145.3,62.53],[145.189,62.48],[145.25,62.433],[145.171,62.359],[145.196,62.281],[145.154,62.226],[145.061,62.22],[145.038,62.175],[144.976,62.148],[144.921,62.16],[144.777,62.102],[144.789,62.041],[144.669,61.985],[144.595,61.84],[144.436,61.813],[144.33,61.745],[144.113,61.72],[144.005,61.748],[143.987,61.789],[144.049,61.837],[144.016,61.883],[144.06,61.945],[144.003,61.957],[143.849,61.919],[143.769,61.842],[143.649,61.944],[143.686,61.968],[143.64,62.019],[143.549,62.028],[143.429,61.994],[143.435,62.019],[143.34,62.05],[143.335,62.102],[143.206,62.077],[143.213,61.996],[143.102,61.934],[143.092,61.879],[143.003,61.864],[142.967,61.914],[142.717,61.947],[142.588,61.879],[142.482,61.872],[142.327,61.924],[142.264,62.047],[142.163,62.046],[142.104,62.007],[141.964,61.984],[141.891,62.053],[141.77,62.068],[141.751,62.101],[141.659,62.123],[141.593,62.168],[141.597,62.235],[141.478,62.27],[141.375,62.342],[141.351,62.398],[141.144,62.381],[141.15,62.446],[141.024,62.443],[140.964,62.494],[140.823,62.493],[140.724,62.405],[140.522,62.402],[140.431,62.369],[140.335,62.076],[140.394,62.034],[140.298,61.984],[140.285,61.949],[140.005,61.932],[140.054,61.857],[139.898,61.672],[139.883,61.616],[139.795,61.596],[139.653,61.477],[139.46,61.456],[139.327,61.41],[139.197,61.431],[139.132,61.398],[139.134,61.341],[139.082,61.311],[138.891,61.311],[138.823,61.286],[138.773,61.323],[138.713,61.272],[138.759,61.214],[138.715,61.177],[138.476,61.075],[138.384,61.086],[138.353,61.065],[138.389,61.015],[138.242,60.852],[138.548,60.675],[138.432,60.554],[138.418,60.489],[138.352,60.445],[138.415,60.369],[138.266,60.232],[138.265,60.14],[138.227,60.109],[138.271,60.05],[138.249,59.954],[138.328,59.904],[138.224,59.822],[138.249,59.738],[138.322,59.718],[138.325,59.695],[138.246,59.647],[138.132,59.645],[138.153,59.701],[138.112,59.747],[138.045,59.718],[137.68,59.721],[137.518,59.638],[137.538,59.573],[137.4,59.493],[137.219,59.409],[137.004,59.391],[136.823,59.304],[136.206,59.383],[135.915,59.485],[135.664,59.481],[135.349,59.262],[135.35,59.197],[135.251,59.143],[135.252,59.117],[135.161,59.091],[134.795,59.144],[134.734,59.203],[134.559,59.155],[134.45,59.156],[134.345,59.204],[134.254,59.189],[134.011,59.254],[133.666,59.215],[133.546,59.25],[133.277,59.193],[133.145,59.205],[133.055,59.182],[133.023,59.108],[132.861,59.1],[132.8,59.017],[132.895,58.966],[132.85,58.91],[132.625,58.886],[132.575,58.811],[132.576,58.761],[132.522,58.713],[132.574,58.642],[132.479,58.582],[132.444,58.512],[132.191,58.528],[132.255,58.285],[132.182,58.271],[132.131,58.214],[132.193,58.077],[132.048,58.072],[131.969,58.121],[131.801,58.158],[131.727,58.219],[131.542,58.196],[131.564,58.111],[131.662,58.099],[131.676,58.072],[131.637,58.036],[131.714,57.987],[131.871,57.952],[131.82,57.903],[132.13,57.727],[132.094,57.69],[132.036,57.684],[132.017,57.638],[131.938,57.634],[131.827,57.581],[131.813,57.54],[131.657,57.436],[131.653,57.357],[131.59,57.291],[131.536,57.272],[131.386,57.312],[131.387,57.341],[131.332,57.336],[131.302,57.266],[131.228,57.257],[131.264,57.185],[131.363,57.179],[131.514,57.102],[131.877,56.797],[131.857,56.755],[131.718,56.702],[131.731,56.63],[131.706,56.588],[131.783,56.514],[131.745,56.477],[131.664,56.464],[131.57,56.539],[131.49,56.47],[131.426,56.463],[131.344,56.513],[131.264,56.498],[131.182,56.429],[131.157,56.254],[130.975,56.075],[130.922,56.001],[130.939,55.958],[130.893,55.922],[130.902,55.862],[130.985,55.789],[130.962,55.742],[130.986,55.701],[130.724,55.773],[130.306,55.755],[130.225,55.712],[130.107,55.734],[130.01,55.71],[129.942,55.76],[129.877,55.766],[129.819,55.742],[129.464,55.761],[129.035,55.679],[129.116,55.633],[129.143,55.581],[128.986,55.501],[128.889,55.523],[128.792,55.507],[128.672,55.557],[128.536,55.559],[128.468,55.611],[128.241,55.69],[128.142,55.704],[128.081,55.676],[127.968,55.69],[127.863,55.663],[127.767,55.72],[127.685,55.713],[127.598,55.623],[127.417,55.6],[127.329,55.701],[127.074,55.705],[126.956,55.682],[126.887,55.613],[126.689,55.639],[126.656,55.669],[126.467,55.597],[126.165,55.611],[126.077,55.623],[126.059,55.728],[125.989,55.754],[125.773,55.795],[125.609,55.768],[125.394,55.878],[125.132,55.888],[124.989,55.848],[124.732,55.897],[124.726,55.927],[124.544,55.921],[124.471,55.95],[124.425,56.067],[124.272,56.123],[123.995,56.378],[123.865,56.423],[123.456,56.415],[123.29,56.441],[123.101,56.49],[122.906,56.605],[122.85,56.53],[122.677,56.506],[122.178,56.764],[121.879,56.746],[121.645,56.771],[121.64,56.858],[121.578,56.876],[121.542,56.964],[121.487,56.994],[120.674,57.056],[120.384,57.027],[120.096,56.921],[119.781,56.906],[119.637,56.981],[119.595,57.056],[119.602,57.12],[119.663,57.164],[119.524,57.267],[119.512,57.33],[119.391,57.418],[119.397,57.499],[119.446,57.579],[119.312,57.616],[119.245,57.601],[119.239,57.538],[119.183,57.513],[119.127,57.568],[119.146,57.649],[119.113,57.697],[119.007,57.727],[119.004,57.768],[119.044,57.792],[119.081,57.904],[119.078,57.984],[119.133,58.048],[119.107,58.096],[119.137,58.127],[119.089,58.224],[119.122,58.276],[119.034,58.393],[119.089,58.436],[119.075,58.487],[118.764,58.595],[118.818,58.701],[118.817,58.802],[118.761,58.856],[118.747,58.914],[118.81,58.983],[118.743,59.006],[118.689,59.198],[118.827,59.295],[118.739,59.413],[118.366,59.479],[118.327,59.55],[118.232,59.607],[118.091,59.588],[118.07,59.623],[118.021,59.553],[117.954,59.535],[117.923,59.441],[117.815,59.415],[117.762,59.439],[117.71,59.534],[117.563,59.475],[117.27,59.485],[117.148,59.532],[117.111,59.58],[117.143,59.632],[117.13,59.82],[117.039,59.863],[117.197,59.926],[117.275,60.039],[117.06,60.012],[117.01,60.039],[117.004,60.115],[116.955,60.155],[116.877,60.198],[116.731,60.222],[116.718,60.275],[116.598,60.288],[116.496,60.354],[116.299,60.345],[116.258,60.382],[116.145,60.383],[116.14,60.416],[116.034,60.443],[115.868,60.443],[115.875,60.481],[115.751,60.525],[115.403,60.445],[115.224,60.475],[115.082,60.373],[115.046,60.268],[114.969,60.2],[114.695,60.182],[114.519,60.056],[114.526,60.018],[114.567,60.002],[114.546,59.951],[114.438,59.941],[114.238,59.858],[114.154,59.8],[114.155,59.74],[114.013,59.744],[113.96,59.722],[113.97,59.679],[113.875,59.675],[113.826,59.639],[113.823,59.599],[113.714,59.593],[113.601,59.536],[113.561,59.457],[113.42,59.401],[113.422,59.351],[113.474,59.299],[113.453,59.246],[113.252,59.152],[113.141,59.158],[112.851,59.103],[112.72,58.991],[112.612,59.031],[112.61,59.086],[112.54,59.058],[112.54,58.869],[112.471,58.844],[112.4,58.845],[112.363,58.948],[112.406,59.034],[112.38,59.132],[112.607,59.221],[112.609,59.306],[112.271,59.275],[112.256,59.299],[112.315,59.409],[112.232,59.48],[111.964,59.289],[111.683,59.253],[111.584,59.199],[111.432,59.255],[111.242,59.231],[111.195,59.188],[111.112,59.192],[111.052,59.233],[110.928,59.213],[110.664,59.235],[110.599,59.193],[110.529,59.072],[110.445,59.025],[110.135,58.971],[109.848,58.992],[109.723,58.968],[109.729,59.014],[109.679,59.06],[109.57,59.035],[109.525,59.057],[109.537,59.133],[109.416,59.208],[109.387,59.271],[109.196,59.317],[109.214,59.369],[109.281,59.405],[109.223,59.429],[109.25,59.479],[109.422,59.583],[109.46,59.651],[109.416,59.712],[109.611,59.86],[109.612,59.928],[109.73,60.019],[109.658,60.096],[109.719,60.227],[109.801,60.28],[109.801,60.329],[109.837,60.359],[109.931,60.391],[109.917,60.463],[110.024,60.508],[110.038,60.552],[110.132,60.572],[110.137,60.602],[110.059,60.631],[110.072,60.659],[110.258,60.675],[110.319,60.745],[110.267,60.792],[110.501,60.95],[110.544,61.096],[110.434,61.135],[110.263,61.123],[110.144,61.164],[110.079,61.243],[110.013,61.266],[109.856,61.258],[109.81,61.303],[109.851,61.525],[109.623,61.696],[109.57,61.806],[109.594,61.863],[109.734,61.965],[109.928,62.011],[109.916,62.066],[109.999,62.145],[109.942,62.229],[109.985,62.262],[109.898,62.342],[109.927,62.37],[109.886,62.385],[109.59,62.382],[109.473,62.345],[109.322,62.447],[109.322,62.531],[109.397,62.562],[109.401,62.601],[109.475,62.625],[109.512,62.701],[109.683,62.776],[109.693,62.807],[109.503,62.933],[109.511,63.04],[109.432,63.336],[109.306,63.318],[109.1,63.502],[108.895,63.489],[108.635,63.547],[108.238,63.509],[108.198,63.552],[108.359,63.683],[108.36,63.75],[108.765,63.762],[108.853,63.801],[108.849,63.837],[108.793,63.854],[108.839,63.943],[108.772,63.985],[108.606,63.997],[108.564,64.036],[108.519,64.124],[108.562,64.14],[108.572,64.182],[108.499,64.209],[108.515,64.249],[108.491,64.277],[108.437,64.283],[108.32,64.232],[108.18,64.258],[108.07,64.231],[108.057,64.194],[107.933,64.194],[107.622,64.286],[107.306,64.265],[107.274,64.356],[107.011,64.366],[106.954,64.42],[106.776,64.414],[106.682,64.531],[106.597,64.51],[106.613,64.471],[106.568,64.449],[106.161,64.407],[106.098,64.441],[106.142,64.474],[106.126,64.521],[105.992,64.537],[105.864,64.48],[105.725,64.57],[105.769,64.594],[105.726,64.674],[105.868,64.672],[105.903,64.696],[105.864,64.744],[105.97,64.825],[105.935,64.865],[105.969,64.913],[106.022,64.918],[106.083,64.877],[106.191,64.893],[106.092,64.928],[106.091,64.972],[106.014,64.999],[106.005,65.049],[106.045,65.079],[106.166,65.083],[106.201,65.128],[106.312,65.144],[106.416,65.216],[106.527,65.216],[106.446,65.274],[106.531,65.356],[106.638,65.388],[106.837,65.38],[106.872,65.469],[107.044,65.521],[106.853,65.542],[106.694,65.641],[106.496,65.689],[106.476,65.737],[106.52,65.985],[106.503,66.054],[106.45,66.113],[106.186,66.181],[106.2,66.426],[106.291,66.47],[106.328,66.52],[106.32,66.592],[106.271,66.647],[106.312,66.72],[106.231,66.759],[106.211,66.81],[106.065,66.817],[106.142,66.867],[106.146,66.92],[105.951,66.906],[105.93,66.956],[105.709,66.943],[105.523,67.015],[105.547,67.046],[106.012,67.065],[106.08,67.196],[106.292,67.208],[106.473,67.276],[106.654,67.252],[106.752,67.291],[106.797,67.376],[106.813,67.638],[106.933,68.179],[106.96,68.648],[106.904,68.877],[106.541,69.151],[106.156,69.391],[106.192,69.458],[106.511,69.575],[106.687,69.536],[107.046,69.548],[107.505,69.659],[107.967,69.687],[108.027,69.702],[108.113,69.778],[108.337,69.843],[108.852,69.855],[108.935,69.848],[108.925,69.798],[108.975,69.773],[109.355,69.784],[109.474,69.891],[109.501,69.985],[109.576,70.013],[109.583,70.04],[109.448,70.064],[109.476,70.144],[109.405,70.172],[109.421,70.229],[109.613,70.255],[109.665,70.312],[109.626,70.359],[109.671,70.384],[110.345,70.421],[110.298,70.463],[110.117,70.51],[110.124,70.57],[110.195,70.588],[110.157,70.625],[110.211,70.66],[110.491,70.704],[110.612,70.753],[110.982,70.792],[111.276,70.864],[111.481,70.873],[111.581,70.933],[112.001,70.972],[112.175,71.052],[112.319,71.009],[112.375,71.018],[112.427,71.067],[112.572,71.073],[112.62,71.115],[112.582,71.147],[112.611,71.202],[112.755,71.213],[112.756,71.262],[112.511,71.289],[112.336,71.365],[112.126,71.398],[112.092,71.431],[112.121,71.529],[112.028,71.793],[112.058,71.928],[112.051,72.055],[112.015,72.121],[111.648,72.192],[111.692,72.237],[111.69,72.29],[111.581,72.332],[111.146,72.364],[111.062,72.407],[111.213,72.48],[111.216,72.539],[111.113,72.576],[110.914,72.59],[110.94,72.641],[110.78,72.651],[110.719,72.808],[110.758,72.843],[110.762,72.89],[110.881,72.986],[110.712,72.995],[110.785,73.035],[110.916,73.043],[110.927,73.085],[110.841,73.129],[110.905,73.165],[110.682,73.205],[110.467,73.181],[110.362,73.228],[110.569,73.293],[110.549,73.348],[110.135,73.408],[110.196,73.439],[110.683,73.441],[110.898,73.619],[111.166,73.612],[111.074,73.685],[110.899,73.696],[110.935,73.783],[111.277,73.871],[111.53,73.781],[111.874,73.726],[112.334,73.7],[112.795,73.715],[112.904,73.736],[112.992,73.796],[112.803,73.966],[112.831,73.992],[112.971,73.915],[113.167,73.862],[113.345,73.714]]],[[[120.485,74.091],[120.487,74.078],[120.472,74.081],[120.456,74.09],[120.46,74.093],[120.472,74.095],[120.485,74.091]]],[[[135.487,74.236],[135.637,74.222],[136.091,74.075],[136.163,74.024],[136.311,73.983],[136.294,73.964],[136.338,73.922],[136.218,73.88],[136.108,73.91],[136.112,73.938],[136.065,73.96],[135.779,74.04],[135.751,74.089],[135.631,74.129],[135.614,74.168],[135.568,74.161],[135.603,74.134],[135.497,74.146],[135.475,74.162],[135.501,74.206],[135.463,74.239],[135.487,74.236]]],[[[140.887,74.273],[141.068,74.244],[141.125,74.203],[141.114,74.154],[141.062,74.12],[141.105,74.07],[141.071,74.018],[140.592,73.921],[140.704,73.912],[140.591,73.9],[140.411,73.935],[140.245,74.029],[140.199,74.086],[140.219,74.192],[140.284,74.235],[140.887,74.273]]],[[[116.139,74.284],[116.108,74.283],[116.102,74.284],[116.104,74.287],[116.122,74.288],[116.139,74.292],[116.148,74.292],[116.149,74.289],[116.139,74.284]]],[[[116.192,74.298],[116.169,74.326],[116.208,74.307],[116.192,74.298]]],[[[116.112,74.367],[116.185,74.338],[116.098,74.362],[115.978,74.31],[116.096,74.275],[115.999,74.274],[115.947,74.305],[116.041,74.364],[116.112,74.367]]],[[[139.958,74.798],[139.929,74.797],[139.882,74.801],[139.865,74.806],[139.957,74.802],[139.961,74.802],[139.958,74.798]]],[[[141.679,74.941],[141.646,74.943],[141.787,74.95],[141.679,74.941]]],[[[141.984,74.932],[141.967,74.932],[141.926,74.945],[141.889,74.954],[141.889,74.957],[141.893,74.957],[141.898,74.957],[141.947,74.942],[141.978,74.938],[141.989,74.934],[141.984,74.932]]],[[[147.026,75.322],[147.319,75.353],[147.133,75.351],[147.371,75.414],[147.346,75.419],[147.631,75.443],[148.024,75.393],[148.4,75.404],[148.579,75.373],[148.595,75.353],[148.512,75.302],[148.558,75.263],[148.538,75.24],[148.623,75.199],[149.371,75.265],[149.76,75.213],[150.152,75.207],[150.318,75.152],[150.257,75.133],[150.54,75.096],[150.828,75.146],[150.984,75.126],[150.696,74.997],[150.734,74.958],[150.675,74.913],[150.667,74.867],[149.651,74.761],[149.001,74.728],[148.228,74.775],[147.706,74.95],[147.104,75.014],[146.174,75.22],[146.32,75.274],[146.242,75.389],[146.376,75.445],[146.428,75.496],[146.402,75.544],[146.488,75.592],[146.711,75.546],[146.761,75.51],[146.655,75.439],[146.761,75.366],[147.026,75.322]]],[[[152.514,75.719],[152.506,75.717],[152.49,75.718],[152.489,75.722],[152.499,75.727],[152.51,75.729],[152.514,75.719]]],[[[137.497,75.801],[137.491,75.799],[137.478,75.803],[137.471,75.809],[137.475,75.815],[137.477,75.818],[137.484,75.818],[137.487,75.816],[137.497,75.801]]],[[[143.357,75.824],[143.354,75.82],[143.348,75.821],[143.352,75.824],[143.357,75.824]]],[[[136.014,75.451],[136.069,75.441],[135.882,75.374],[135.542,75.373],[135.511,75.44],[135.56,75.45],[135.634,75.524],[135.659,75.604],[135.618,75.656],[135.63,75.7],[135.726,75.794],[135.733,75.822],[135.678,75.838],[135.752,75.872],[135.737,75.856],[135.952,75.69],[136.239,75.623],[135.995,75.5],[135.979,75.478],[136.014,75.451]]],[[[141.504,76.035],[141.475,76.035],[141.468,76.037],[141.475,76.041],[141.483,76.042],[141.487,76.041],[141.491,76.04],[141.508,76.04],[141.513,76.037],[141.504,76.035]]],[[[141.473,76.061],[141.46,76.058],[141.454,76.06],[141.456,76.062],[141.468,76.063],[141.471,76.062],[141.473,76.061]]],[[[141.05,76.072],[141.041,76.072],[141.033,76.074],[141.046,76.075],[141.05,76.072]]],[[[141.404,76.067],[141.389,76.065],[141.383,76.072],[141.392,76.077],[141.401,76.076],[141.397,76.072],[141.404,76.067]]],[[[140.955,76.084],[140.956,76.08],[140.946,76.08],[140.942,76.083],[140.949,76.084],[140.955,76.084]]],[[[141.112,76.091],[141.104,76.089],[141.097,76.091],[141.108,76.094],[141.112,76.091]]],[[[141.089,76.092],[141.077,76.089],[141.074,76.092],[141.075,76.092],[141.075,76.092],[141.085,76.094],[141.089,76.092]]],[[[141.093,76.081],[141.075,76.076],[141.021,76.08],[141.004,76.087],[140.959,76.089],[140.955,76.091],[140.962,76.095],[140.97,76.096],[140.989,76.096],[140.998,76.095],[141.045,76.092],[141.064,76.088],[141.098,76.087],[141.093,76.081]]],[[[139.096,76.128],[139.096,76.128],[139.094,76.131],[139.093,76.132],[139.096,76.132],[139.105,76.134],[139.107,76.131],[139.106,76.131],[139.1,76.129],[139.096,76.128]]],[[[152.845,76.189],[152.799,76.179],[152.862,76.172],[152.888,76.128],[152.856,76.098],[152.68,76.111],[152.575,76.152],[152.662,76.185],[152.845,76.189]]],[[[139.096,76.128],[139.154,76.116],[139.069,76.095],[139.155,76.108],[139.447,76.052],[139.635,75.983],[140.02,75.947],[139.832,75.885],[140.192,75.791],[140.315,75.81],[140.485,75.79],[140.559,75.75],[140.552,75.722],[140.492,75.706],[140.558,75.662],[140.626,75.676],[140.578,75.708],[140.729,75.704],[140.926,75.627],[141.074,75.636],[140.922,75.703],[140.925,75.757],[140.902,75.771],[140.926,75.77],[140.927,75.815],[140.975,75.86],[140.929,75.891],[140.943,75.945],[141.061,76.058],[141.312,76.054],[141.727,75.999],[141.581,76.053],[141.438,76.154],[141.35,76.161],[141.412,76.175],[141.811,76.112],[142.401,75.939],[142.456,75.896],[142.68,75.849],[143.132,75.8],[143.36,75.812],[143.533,75.854],[143.859,75.833],[144.087,75.801],[144.343,75.721],[144.683,75.699],[144.849,75.641],[145.233,75.58],[145.414,75.496],[145.184,75.502],[144.872,75.43],[144.792,75.374],[144.859,75.294],[144.988,75.274],[144.806,75.241],[144.742,75.15],[144.423,75.055],[144.051,75.008],[143.965,75.016],[143.947,75.052],[143.895,75.064],[143.523,75.059],[143.485,75.004],[143.581,75.007],[143.719,74.96],[143.557,74.902],[143.058,74.878],[142.993,74.896],[142.892,74.869],[142.753,74.897],[142.646,74.83],[142.74,74.84],[142.518,74.802],[141.97,74.924],[142.048,74.965],[142.151,74.974],[142.325,74.919],[142.389,74.924],[142.251,74.977],[142.269,75.012],[142.251,75.019],[141.884,75.005],[141.595,74.935],[139.979,74.798],[140.128,74.812],[140.044,74.894],[139.691,74.973],[139.576,74.921],[139.51,74.922],[139.56,74.91],[139.556,74.855],[139.72,74.857],[139.612,74.827],[139.474,74.706],[139.183,74.637],[138.628,74.728],[138.201,74.759],[138.016,74.838],[137.902,74.929],[137.977,74.943],[137.894,74.937],[137.718,74.992],[137.743,75.008],[137.714,75.014],[137.784,75.034],[137.649,75.008],[137.376,75.061],[137.023,75.235],[137.133,75.224],[136.964,75.262],[136.986,75.293],[136.951,75.344],[137.208,75.376],[137.219,75.403],[137.178,75.428],[137.304,75.464],[137.299,75.491],[137.229,75.519],[137.294,75.525],[137.201,75.549],[137.31,75.577],[137.26,75.6],[137.277,75.618],[137.039,75.59],[137.182,75.551],[137.15,75.536],[137.007,75.586],[137.237,75.651],[137.175,75.73],[137.266,75.764],[137.521,75.753],[137.624,75.793],[137.506,75.854],[137.476,75.833],[137.48,75.861],[137.44,75.89],[137.485,75.939],[137.755,76.001],[138.136,76.006],[138.216,76.062],[138.202,76.091],[138.264,76.115],[138.355,76.126],[138.427,76.074],[138.477,76.073],[138.531,76.156],[138.845,76.201],[138.921,76.182],[139.166,76.198],[139.061,76.188],[139.057,76.159],[139.096,76.128]]],[[[140.365,76.286],[140.361,76.285],[140.339,76.289],[140.326,76.294],[140.337,76.297],[140.342,76.293],[140.365,76.286]]],[[[158.106,76.706],[158.065,76.713],[158.15,76.721],[158.106,76.706]]],[[[149.405,76.744],[149.233,76.704],[149.219,76.669],[149.254,76.655],[149.197,76.633],[149.08,76.657],[148.476,76.64],[148.734,76.674],[148.701,76.682],[148.855,76.724],[149.473,76.756],[149.405,76.744]]],[[[156.685,76.956],[156.522,76.978],[156.64,77.006],[156.758,76.988],[156.685,76.956]]]]}},{"type":"Feature","properties":{"id":"62","name":"Sakhalin"},"geometry":{"type":"MultiPolygon","coordinates":[[[[146.016,43.378],[146.017,43.378],[146.018,43.378],[146.018,43.378],[146.018,43.378],[146.02,43.378],[146.02,43.378],[146.02,43.378],[146.021,43.378],[146.022,43.378],[146.023,43.377],[146.023,43.377],[146.022,43.377],[146.021,43.377],[146.021,43.376],[146.021,43.376],[146.021,43.375],[146.021,43.375],[146.021,43.375],[146.02,43.375],[146.019,43.375],[146.019,43.375],[146.019,43.375],[146.019,43.375],[146.018,43.375],[146.018,43.375],[146.016,43.373],[146.016,43.373],[146.015,43.373],[146.015,43.372],[146.015,43.372],[146.015,43.371],[146.014,43.371],[146.014,43.371],[146.014,43.37],[146.013,43.369],[146.013,43.367],[146.012,43.367],[146.012,43.367],[146.011,43.367],[146.011,43.366],[146.011,43.366],[146.011,43.366],[146.011,43.365],[146.01,43.365],[146.01,43.364],[146.009,43.364],[146.009,43.364],[146.009,43.364],[146.008,43.364],[146.008,43.363],[146.008,43.363],[146.008,43.362],[146.007,43.362],[146.007,43.362],[146.007,43.361],[146.007,43.361],[146.006,43.36],[146.005,43.36],[146.005,43.36],[146.004,43.361],[146.003,43.361],[146.003,43.362],[146.001,43.362],[146.001,43.361],[146,43.362],[146,43.362],[145.999,43.363],[145.998,43.363],[145.998,43.363],[145.998,43.364],[145.999,43.365],[145.998,43.365],[145.998,43.365],[145.997,43.365],[145.996,43.366],[145.996,43.366],[145.996,43.366],[145.995,43.367],[145.995,43.367],[145.995,43.367],[145.994,43.367],[145.993,43.366],[145.993,43.365],[145.992,43.365],[145.992,43.366],[145.989,43.366],[145.989,43.366],[145.989,43.367],[145.988,43.367],[145.987,43.368],[145.987,43.369],[145.987,43.37],[145.987,43.371],[145.988,43.371],[145.99,43.373],[145.991,43.373],[145.991,43.373],[145.992,43.373],[145.992,43.374],[145.992,43.375],[145.993,43.375],[145.993,43.375],[145.994,43.375],[145.995,43.375],[145.996,43.374],[145.996,43.373],[145.997,43.373],[145.998,43.373],[145.999,43.372],[145.999,43.372],[145.999,43.372],[146,43.372],[146,43.372],[146.001,43.372],[146.001,43.373],[146.001,43.373],[146.001,43.373],[146.002,43.373],[146.002,43.373],[146.002,43.373],[146.002,43.372],[146.003,43.371],[146.004,43.372],[146.005,43.371],[146.007,43.373],[146.007,43.373],[146.007,43.373],[146.008,43.373],[146.008,43.373],[146.008,43.374],[146.008,43.374],[146.009,43.374],[146.009,43.374],[146.01,43.375],[146.01,43.375],[146.011,43.374],[146.011,43.373],[146.012,43.374],[146.012,43.375],[146.013,43.375],[146.014,43.375],[146.014,43.375],[146.015,43.376],[146.015,43.377],[146.014,43.377],[146.015,43.378],[146.015,43.378],[146.016,43.378],[146.016,43.378],[146.016,43.379],[146.016,43.378]]],[[[145.894,43.381],[145.893,43.381],[145.892,43.382],[145.891,43.382],[145.891,43.383],[145.891,43.384],[145.891,43.385],[145.89,43.385],[145.891,43.386],[145.894,43.384],[145.895,43.384],[145.896,43.384],[145.896,43.383],[145.895,43.383],[145.895,43.383],[145.895,43.382],[145.894,43.382],[145.894,43.381]]],[[[146.154,43.412],[146.155,43.412],[146.155,43.412],[146.155,43.411],[146.156,43.411],[146.156,43.411],[146.156,43.41],[146.156,43.41],[146.157,43.41],[146.157,43.41],[146.157,43.41],[146.158,43.409],[146.159,43.409],[146.159,43.408],[146.158,43.409],[146.157,43.409],[146.156,43.408],[146.156,43.409],[146.155,43.409],[146.154,43.408],[146.154,43.408],[146.153,43.408],[146.152,43.408],[146.152,43.408],[146.152,43.408],[146.152,43.408],[146.152,43.407],[146.152,43.407],[146.151,43.407],[146.151,43.407],[146.15,43.407],[146.15,43.407],[146.15,43.408],[146.15,43.409],[146.151,43.409],[146.151,43.41],[146.151,43.41],[146.151,43.411],[146.152,43.411],[146.152,43.411],[146.152,43.411],[146.153,43.412],[146.154,43.412],[146.154,43.412],[146.154,43.412]]],[[[146.167,43.423],[146.168,43.423],[146.168,43.423],[146.168,43.422],[146.167,43.422],[146.167,43.421],[146.167,43.42],[146.168,43.42],[146.168,43.419],[146.167,43.418],[146.167,43.418],[146.166,43.417],[146.166,43.417],[146.166,43.417],[146.165,43.417],[146.165,43.417],[146.165,43.417],[146.164,43.418],[146.164,43.418],[146.163,43.417],[146.163,43.417],[146.163,43.417],[146.164,43.417],[146.164,43.416],[146.164,43.416],[146.164,43.416],[146.164,43.415],[146.164,43.415],[146.164,43.415],[146.164,43.414],[146.164,43.413],[146.164,43.412],[146.163,43.412],[146.163,43.412],[146.163,43.412],[146.163,43.411],[146.162,43.411],[146.162,43.412],[146.162,43.412],[146.162,43.413],[146.161,43.413],[146.161,43.413],[146.16,43.413],[146.16,43.413],[146.159,43.413],[146.159,43.413],[146.158,43.413],[146.157,43.414],[146.157,43.414],[146.157,43.414],[146.155,43.414],[146.155,43.414],[146.154,43.415],[146.154,43.415],[146.155,43.416],[146.155,43.416],[146.156,43.416],[146.156,43.416],[146.157,43.416],[146.157,43.417],[146.157,43.417],[146.158,43.417],[146.158,43.417],[146.159,43.417],[146.159,43.417],[146.159,43.418],[146.16,43.418],[146.16,43.418],[146.16,43.418],[146.16,43.418],[146.161,43.418],[146.161,43.418],[146.162,43.419],[146.162,43.421],[146.162,43.421],[146.162,43.421],[146.163,43.422],[146.163,43.422],[146.163,43.423],[146.164,43.423],[146.164,43.423],[146.165,43.423],[146.165,43.423],[146.166,43.423],[146.167,43.423],[146.167,43.423]]],[[[146.177,43.429],[146.178,43.429],[146.179,43.429],[146.18,43.429],[146.181,43.429],[146.181,43.429],[146.18,43.428],[146.179,43.428],[146.179,43.428],[146.178,43.428],[146.178,43.428],[146.177,43.428],[146.177,43.428],[146.176,43.429],[146.176,43.43],[146.177,43.43],[146.177,43.429]]],[[[146.101,43.442],[146.084,43.413],[146.024,43.407],[146.101,43.442]]],[[[145.892,43.456],[145.952,43.454],[145.954,43.424],[145.901,43.416],[145.9,43.444],[145.862,43.455],[145.892,43.456]]],[[[146.141,43.549],[146.206,43.533],[146.178,43.504],[146.192,43.487],[146.119,43.453],[146.06,43.524],[146.141,43.549]]],[[[146.403,43.567],[146.403,43.566],[146.404,43.566],[146.404,43.566],[146.405,43.566],[146.405,43.566],[146.405,43.565],[146.404,43.565],[146.403,43.565],[146.403,43.566],[146.403,43.566],[146.402,43.566],[146.402,43.566],[146.402,43.566],[146.401,43.566],[146.401,43.567],[146.402,43.567],[146.403,43.567],[146.403,43.567]]],[[[146.402,43.568],[146.401,43.567],[146.401,43.567],[146.401,43.568],[146.4,43.569],[146.401,43.569],[146.401,43.569],[146.401,43.57],[146.402,43.57],[146.402,43.569],[146.403,43.569],[146.402,43.568],[146.402,43.568],[146.402,43.568]]],[[[146.407,43.568],[146.406,43.568],[146.405,43.568],[146.404,43.568],[146.404,43.569],[146.405,43.569],[146.406,43.569],[146.407,43.57],[146.408,43.569],[146.408,43.569],[146.407,43.568],[146.407,43.568]]],[[[146.313,43.653],[146.358,43.619],[146.271,43.627],[146.313,43.653]]],[[[146.692,43.732],[146.693,43.731],[146.693,43.731],[146.694,43.731],[146.694,43.731],[146.695,43.73],[146.695,43.73],[146.695,43.729],[146.695,43.729],[146.696,43.729],[146.696,43.728],[146.697,43.728],[146.699,43.728],[146.7,43.728],[146.701,43.729],[146.702,43.729],[146.704,43.729],[146.704,43.729],[146.704,43.729],[146.704,43.729],[146.704,43.728],[146.703,43.728],[146.703,43.727],[146.703,43.727],[146.703,43.727],[146.701,43.725],[146.701,43.725],[146.701,43.724],[146.699,43.723],[146.699,43.723],[146.699,43.722],[146.699,43.722],[146.698,43.722],[146.698,43.722],[146.699,43.721],[146.699,43.721],[146.698,43.721],[146.697,43.721],[146.697,43.721],[146.697,43.721],[146.696,43.72],[146.696,43.72],[146.695,43.721],[146.695,43.721],[146.694,43.721],[146.694,43.721],[146.693,43.722],[146.693,43.723],[146.694,43.724],[146.694,43.724],[146.695,43.725],[146.693,43.727],[146.693,43.727],[146.693,43.728],[146.693,43.728],[146.692,43.728],[146.692,43.728],[146.692,43.727],[146.691,43.726],[146.69,43.726],[146.69,43.727],[146.689,43.727],[146.689,43.727],[146.689,43.727],[146.688,43.726],[146.688,43.726],[146.687,43.727],[146.687,43.727],[146.687,43.726],[146.686,43.726],[146.686,43.726],[146.685,43.727],[146.685,43.728],[146.685,43.728],[146.684,43.728],[146.684,43.729],[146.684,43.729],[146.684,43.729],[146.684,43.73],[146.684,43.73],[146.684,43.731],[146.685,43.731],[146.686,43.731],[146.687,43.732],[146.687,43.732],[146.688,43.732],[146.688,43.732],[146.69,43.732],[146.69,43.733],[146.691,43.733],[146.691,43.733],[146.692,43.733],[146.692,43.732],[146.692,43.732],[146.692,43.732]]],[[[146.712,43.736],[146.712,43.736],[146.712,43.736],[146.714,43.735],[146.714,43.735],[146.715,43.734],[146.715,43.734],[146.716,43.734],[146.716,43.733],[146.716,43.733],[146.715,43.733],[146.715,43.733],[146.713,43.733],[146.713,43.733],[146.712,43.732],[146.712,43.732],[146.712,43.732],[146.712,43.732],[146.711,43.732],[146.711,43.732],[146.711,43.732],[146.71,43.733],[146.71,43.733],[146.71,43.734],[146.711,43.734],[146.711,43.735],[146.711,43.736],[146.712,43.736],[146.712,43.736]]],[[[146.802,43.759],[146.802,43.759],[146.803,43.759],[146.802,43.758],[146.803,43.757],[146.804,43.757],[146.805,43.757],[146.805,43.757],[146.806,43.757],[146.806,43.757],[146.806,43.757],[146.806,43.756],[146.806,43.756],[146.806,43.755],[146.807,43.754],[146.807,43.753],[146.807,43.753],[146.806,43.752],[146.806,43.752],[146.806,43.752],[146.805,43.751],[146.805,43.751],[146.805,43.751],[146.804,43.75],[146.804,43.75],[146.804,43.749],[146.803,43.749],[146.803,43.749],[146.802,43.749],[146.801,43.748],[146.801,43.748],[146.801,43.748],[146.8,43.748],[146.8,43.747],[146.799,43.747],[146.799,43.747],[146.798,43.747],[146.798,43.746],[146.797,43.746],[146.797,43.746],[146.796,43.745],[146.794,43.745],[146.794,43.745],[146.793,43.744],[146.792,43.744],[146.791,43.744],[146.791,43.744],[146.791,43.744],[146.79,43.744],[146.79,43.744],[146.789,43.744],[146.789,43.744],[146.789,43.745],[146.788,43.745],[146.788,43.745],[146.788,43.746],[146.789,43.746],[146.789,43.747],[146.789,43.748],[146.791,43.749],[146.791,43.749],[146.793,43.75],[146.793,43.75],[146.794,43.751],[146.794,43.751],[146.795,43.751],[146.795,43.751],[146.795,43.751],[146.795,43.752],[146.794,43.752],[146.794,43.752],[146.793,43.752],[146.793,43.752],[146.793,43.752],[146.791,43.752],[146.791,43.753],[146.791,43.753],[146.791,43.753],[146.792,43.754],[146.792,43.754],[146.792,43.755],[146.793,43.755],[146.793,43.755],[146.793,43.755],[146.793,43.756],[146.793,43.756],[146.792,43.756],[146.792,43.756],[146.791,43.757],[146.791,43.757],[146.792,43.757],[146.792,43.758],[146.792,43.758],[146.793,43.758],[146.793,43.758],[146.795,43.76],[146.796,43.76],[146.796,43.76],[146.797,43.76],[146.798,43.759],[146.798,43.759],[146.799,43.759],[146.799,43.76],[146.8,43.76],[146.8,43.76],[146.801,43.76],[146.801,43.76],[146.801,43.761],[146.802,43.761],[146.803,43.761],[146.803,43.76],[146.802,43.759]]],[[[146.851,43.792],[146.851,43.792],[146.852,43.792],[146.853,43.792],[146.853,43.792],[146.854,43.792],[146.854,43.791],[146.854,43.791],[146.854,43.79],[146.854,43.79],[146.854,43.79],[146.853,43.79],[146.852,43.789],[146.852,43.789],[146.852,43.788],[146.851,43.788],[146.851,43.788],[146.851,43.788],[146.85,43.788],[146.849,43.789],[146.849,43.789],[146.849,43.79],[146.849,43.79],[146.849,43.79],[146.849,43.791],[146.849,43.791],[146.848,43.791],[146.848,43.791],[146.848,43.792],[146.848,43.792],[146.848,43.792],[146.849,43.792],[146.849,43.793],[146.85,43.793],[146.85,43.793],[146.851,43.792]]],[[[146.843,43.8],[146.843,43.799],[146.842,43.799],[146.841,43.799],[146.841,43.799],[146.84,43.8],[146.839,43.801],[146.839,43.802],[146.84,43.802],[146.841,43.801],[146.841,43.801],[146.841,43.8],[146.843,43.8]]],[[[146.913,43.817],[146.913,43.817],[146.912,43.817],[146.911,43.817],[146.911,43.817],[146.911,43.817],[146.911,43.817],[146.91,43.817],[146.91,43.817],[146.91,43.818],[146.91,43.818],[146.91,43.818],[146.911,43.818],[146.911,43.819],[146.911,43.819],[146.911,43.819],[146.911,43.82],[146.911,43.82],[146.911,43.82],[146.912,43.819],[146.912,43.819],[146.913,43.819],[146.913,43.818],[146.913,43.817]]],[[[146.829,43.887],[146.915,43.847],[146.906,43.811],[146.83,43.805],[146.849,43.785],[146.798,43.787],[146.73,43.735],[146.693,43.745],[146.677,43.706],[146.641,43.702],[146.619,43.736],[146.644,43.762],[146.585,43.744],[146.607,43.766],[146.588,43.808],[146.72,43.832],[146.749,43.813],[146.721,43.846],[146.771,43.876],[146.803,43.856],[146.787,43.877],[146.819,43.865],[146.829,43.887]]],[[[146.17,44.517],[146.26,44.444],[146.441,44.417],[146.451,44.39],[146.441,44.419],[146.571,44.451],[146.486,44.351],[146.429,44.376],[146.296,44.275],[146.113,44.264],[146.047,44.184],[145.921,44.136],[145.868,44.066],[145.878,44.02],[145.82,44.024],[145.78,43.932],[145.649,43.908],[145.583,43.859],[145.548,43.654],[145.557,43.728],[145.433,43.719],[145.407,43.843],[145.739,44.048],[145.745,44.105],[145.991,44.321],[146.081,44.475],[146.17,44.517]]],[[[146.977,44.65],[146.976,44.65],[146.976,44.65],[146.976,44.651],[146.976,44.651],[146.976,44.652],[146.975,44.652],[146.975,44.652],[146.975,44.653],[146.976,44.653],[146.977,44.653],[146.977,44.653],[146.977,44.653],[146.978,44.653],[146.979,44.653],[146.979,44.653],[146.979,44.653],[146.979,44.652],[146.978,44.652],[146.978,44.652],[146.978,44.652],[146.977,44.651],[146.978,44.651],[146.978,44.651],[146.977,44.651],[146.977,44.65]]],[[[148.789,45.555],[148.893,45.512],[148.825,45.445],[148.877,45.394],[148.842,45.337],[148.62,45.334],[148.497,45.257],[148.316,45.221],[148.103,45.116],[147.904,44.961],[147.784,44.947],[147.725,45.004],[147.667,45.001],[147.616,44.959],[147.652,44.919],[147.596,44.851],[147.336,44.715],[147.208,44.568],[147.074,44.556],[146.961,44.429],[146.861,44.446],[146.874,44.498],[146.954,44.552],[146.931,44.583],[146.946,44.629],[146.994,44.575],[147.034,44.617],[147.008,44.661],[147.097,44.638],[147.189,44.7],[147.196,44.76],[147.114,44.778],[147.108,44.823],[147.24,44.807],[147.265,44.868],[147.507,44.989],[147.534,45.073],[147.505,45.118],[147.657,45.078],[147.696,45.098],[147.691,45.138],[147.735,45.194],[147.871,45.224],[147.884,45.257],[147.848,45.366],[147.901,45.429],[147.966,45.419],[148.009,45.289],[148.054,45.258],[148.232,45.265],[148.407,45.331],[148.427,45.307],[148.417,45.337],[148.577,45.489],[148.628,45.498],[148.654,45.539],[148.789,45.555]]],[[[149.446,45.65],[149.446,45.65],[149.447,45.649],[149.447,45.649],[149.444,45.648],[149.444,45.648],[149.444,45.648],[149.442,45.648],[149.442,45.648],[149.442,45.648],[149.442,45.649],[149.441,45.649],[149.441,45.649],[149.443,45.65],[149.444,45.65],[149.444,45.65],[149.444,45.65],[149.444,45.651],[149.444,45.651],[149.445,45.651],[149.446,45.651],[149.446,45.65],[149.446,45.65]]],[[[150.3,46.058],[150.299,46.058],[150.299,46.058],[150.299,46.058],[150.299,46.059],[150.3,46.059],[150.301,46.059],[150.302,46.059],[150.301,46.058],[150.301,46.058],[150.3,46.058]]],[[[149.989,46.065],[149.99,46.065],[149.99,46.065],[149.991,46.065],[149.991,46.065],[149.992,46.064],[149.991,46.063],[149.991,46.063],[149.99,46.063],[149.99,46.063],[149.989,46.063],[149.989,46.062],[149.988,46.062],[149.988,46.062],[149.988,46.062],[149.987,46.062],[149.987,46.063],[149.986,46.063],[149.986,46.063],[149.986,46.063],[149.986,46.063],[149.986,46.063],[149.986,46.064],[149.986,46.064],[149.985,46.065],[149.985,46.065],[149.986,46.066],[149.987,46.066],[149.988,46.066],[149.989,46.066],[149.989,46.065],[149.989,46.065]]],[[[150.491,46.224],[150.492,46.224],[150.493,46.224],[150.493,46.224],[150.493,46.223],[150.493,46.223],[150.493,46.222],[150.493,46.221],[150.493,46.22],[150.492,46.22],[150.493,46.22],[150.493,46.219],[150.493,46.219],[150.492,46.219],[150.491,46.219],[150.491,46.22],[150.49,46.22],[150.49,46.22],[150.49,46.22],[150.488,46.22],[150.488,46.221],[150.489,46.221],[150.488,46.222],[150.487,46.222],[150.487,46.223],[150.488,46.223],[150.489,46.224],[150.49,46.224],[150.491,46.224]]],[[[150.497,46.225],[150.497,46.225],[150.498,46.225],[150.499,46.224],[150.499,46.224],[150.499,46.223],[150.498,46.223],[150.498,46.223],[150.498,46.222],[150.497,46.222],[150.497,46.222],[150.497,46.222],[150.496,46.222],[150.495,46.223],[150.495,46.223],[150.495,46.224],[150.495,46.225],[150.495,46.225],[150.496,46.225],[150.497,46.225]]],[[[150.579,46.227],[150.577,46.227],[150.577,46.227],[150.576,46.228],[150.575,46.228],[150.575,46.228],[150.575,46.228],[150.575,46.229],[150.576,46.229],[150.577,46.229],[150.577,46.229],[150.579,46.228],[150.579,46.228],[150.58,46.228],[150.58,46.228],[150.579,46.227],[150.579,46.227]]],[[[150.549,46.215],[150.22,46.018],[150.174,45.958],[150.193,45.938],[150.126,45.888],[150.022,45.824],[149.914,45.809],[149.668,45.624],[149.527,45.571],[149.397,45.577],[149.664,45.846],[149.788,45.859],[149.889,45.978],[150.027,46.077],[150.183,46.103],[150.173,46.16],[150.218,46.188],[150.337,46.226],[150.459,46.201],[150.572,46.228],[150.549,46.215]]],[[[150.586,46.23],[150.585,46.23],[150.585,46.231],[150.586,46.231],[150.587,46.231],[150.587,46.231],[150.587,46.231],[150.587,46.23],[150.586,46.23],[150.586,46.23]]],[[[141.259,46.233],[141.258,46.233],[141.257,46.234],[141.257,46.234],[141.257,46.234],[141.257,46.235],[141.257,46.235],[141.257,46.235],[141.258,46.235],[141.259,46.235],[141.26,46.235],[141.26,46.234],[141.259,46.233]]],[[[150.603,46.236],[150.604,46.234],[150.606,46.234],[150.605,46.234],[150.605,46.233],[150.604,46.233],[150.603,46.233],[150.602,46.233],[150.601,46.232],[150.6,46.232],[150.599,46.232],[150.598,46.233],[150.597,46.233],[150.597,46.233],[150.596,46.232],[150.596,46.232],[150.594,46.232],[150.594,46.232],[150.594,46.232],[150.595,46.233],[150.596,46.234],[150.597,46.234],[150.597,46.234],[150.598,46.234],[150.599,46.236],[150.599,46.236],[150.6,46.236],[150.601,46.236],[150.602,46.236],[150.603,46.236]]],[[[141.258,46.236],[141.257,46.236],[141.256,46.236],[141.257,46.236],[141.257,46.237],[141.257,46.237],[141.257,46.237],[141.258,46.238],[141.259,46.237],[141.259,46.236],[141.258,46.236]]],[[[141.26,46.266],[141.259,46.265],[141.259,46.265],[141.259,46.265],[141.258,46.265],[141.257,46.264],[141.257,46.263],[141.257,46.263],[141.256,46.264],[141.255,46.264],[141.255,46.264],[141.254,46.264],[141.254,46.264],[141.254,46.264],[141.253,46.265],[141.254,46.265],[141.254,46.265],[141.254,46.266],[141.255,46.266],[141.255,46.266],[141.256,46.266],[141.256,46.266],[141.257,46.266],[141.257,46.266],[141.258,46.266],[141.258,46.266],[141.258,46.266],[141.259,46.267],[141.259,46.267],[141.259,46.266],[141.259,46.266],[141.26,46.266],[141.26,46.266]]],[[[141.237,46.282],[141.263,46.247],[141.216,46.226],[141.213,46.284],[141.237,46.282]]],[[[150.832,46.476],[150.831,46.475],[150.83,46.475],[150.83,46.475],[150.829,46.476],[150.829,46.476],[150.828,46.476],[150.828,46.476],[150.828,46.477],[150.827,46.477],[150.827,46.478],[150.828,46.478],[150.829,46.479],[150.829,46.479],[150.829,46.479],[150.83,46.479],[150.83,46.479],[150.831,46.478],[150.831,46.478],[150.831,46.478],[150.832,46.478],[150.833,46.477],[150.832,46.477],[150.832,46.477],[150.832,46.476],[150.832,46.476]]],[[[150.808,46.485],[150.844,46.444],[150.78,46.459],[150.808,46.485]]],[[[150.885,46.546],[150.917,46.539],[150.891,46.534],[150.903,46.512],[150.831,46.506],[150.885,46.546]]],[[[142.758,46.621],[142.758,46.621],[142.761,46.621],[142.762,46.621],[142.763,46.621],[142.763,46.62],[142.763,46.62],[142.763,46.62],[142.763,46.62],[142.761,46.62],[142.76,46.62],[142.758,46.62],[142.758,46.62],[142.757,46.62],[142.757,46.62],[142.756,46.62],[142.756,46.62],[142.756,46.621],[142.756,46.621],[142.757,46.621],[142.758,46.621],[142.758,46.621]]],[[[150.721,46.739],[150.749,46.729],[150.743,46.703],[150.709,46.721],[150.721,46.739]]],[[[143.143,46.809],[143.144,46.809],[143.144,46.809],[143.145,46.809],[143.145,46.809],[143.145,46.808],[143.145,46.808],[143.145,46.808],[143.146,46.808],[143.146,46.807],[143.146,46.807],[143.147,46.807],[143.146,46.806],[143.146,46.806],[143.145,46.806],[143.145,46.806],[143.144,46.806],[143.143,46.806],[143.143,46.806],[143.143,46.806],[143.143,46.806],[143.142,46.807],[143.142,46.807],[143.142,46.807],[143.141,46.808],[143.141,46.808],[143.141,46.808],[143.142,46.809],[143.142,46.809],[143.143,46.809]]],[[[143.168,46.833],[143.168,46.833],[143.167,46.833],[143.167,46.833],[143.167,46.833],[143.166,46.833],[143.166,46.833],[143.165,46.833],[143.165,46.834],[143.164,46.834],[143.164,46.834],[143.164,46.834],[143.164,46.835],[143.163,46.835],[143.163,46.836],[143.163,46.836],[143.162,46.836],[143.162,46.836],[143.162,46.837],[143.163,46.837],[143.163,46.837],[143.163,46.837],[143.164,46.837],[143.164,46.836],[143.164,46.836],[143.165,46.836],[143.165,46.836],[143.166,46.835],[143.166,46.835],[143.167,46.835],[143.167,46.835],[143.167,46.834],[143.168,46.834],[143.168,46.834],[143.168,46.834],[143.169,46.833],[143.168,46.833],[143.168,46.833]]],[[[143.163,46.859],[143.162,46.859],[143.162,46.859],[143.161,46.86],[143.161,46.861],[143.161,46.861],[143.161,46.861],[143.161,46.862],[143.162,46.862],[143.162,46.862],[143.162,46.861],[143.163,46.86],[143.163,46.86],[143.163,46.859],[143.163,46.859]]],[[[152.229,47.167],[152.201,47.121],[152.223,47.11],[152.256,47.164],[152.292,47.152],[152.277,47.115],[152.17,47.06],[152.153,46.996],[152.09,46.975],[152.028,46.9],[151.898,46.848],[151.819,46.774],[151.734,46.793],[151.716,46.853],[151.868,46.856],[151.926,46.944],[152.056,46.997],[152.192,47.16],[152.229,47.167]]],[[[152.45,47.378],[152.517,47.37],[152.538,47.315],[152.432,47.297],[152.411,47.349],[152.45,47.378]]],[[[152.817,47.511],[152.816,47.511],[152.815,47.512],[152.815,47.512],[152.815,47.513],[152.815,47.514],[152.815,47.514],[152.815,47.514],[152.816,47.514],[152.817,47.514],[152.818,47.514],[152.819,47.514],[152.819,47.513],[152.819,47.513],[152.819,47.513],[152.818,47.512],[152.817,47.511]]],[[[152.793,47.52],[152.792,47.519],[152.791,47.519],[152.791,47.518],[152.79,47.518],[152.789,47.518],[152.788,47.519],[152.787,47.518],[152.786,47.518],[152.786,47.519],[152.786,47.519],[152.787,47.52],[152.788,47.52],[152.788,47.52],[152.789,47.52],[152.789,47.52],[152.79,47.52],[152.79,47.52],[152.791,47.521],[152.791,47.521],[152.791,47.521],[152.792,47.521],[152.793,47.52]]],[[[152.827,47.524],[152.827,47.523],[152.826,47.522],[152.827,47.522],[152.827,47.521],[152.827,47.52],[152.828,47.519],[152.828,47.518],[152.828,47.518],[152.827,47.517],[152.827,47.517],[152.826,47.516],[152.826,47.516],[152.825,47.515],[152.825,47.515],[152.825,47.514],[152.825,47.513],[152.825,47.513],[152.826,47.512],[152.826,47.512],[152.827,47.512],[152.826,47.511],[152.826,47.51],[152.825,47.509],[152.825,47.509],[152.824,47.509],[152.823,47.508],[152.823,47.507],[152.823,47.507],[152.823,47.507],[152.823,47.506],[152.823,47.506],[152.822,47.505],[152.822,47.505],[152.821,47.505],[152.821,47.504],[152.821,47.504],[152.82,47.503],[152.819,47.503],[152.819,47.504],[152.818,47.505],[152.818,47.505],[152.817,47.505],[152.817,47.505],[152.816,47.506],[152.816,47.506],[152.816,47.507],[152.816,47.507],[152.815,47.508],[152.815,47.508],[152.816,47.509],[152.815,47.509],[152.814,47.509],[152.813,47.509],[152.812,47.509],[152.812,47.51],[152.812,47.51],[152.813,47.51],[152.813,47.51],[152.815,47.511],[152.816,47.511],[152.817,47.51],[152.817,47.51],[152.817,47.51],[152.818,47.509],[152.818,47.509],[152.82,47.509],[152.82,47.509],[152.821,47.509],[152.822,47.509],[152.822,47.51],[152.822,47.51],[152.822,47.511],[152.822,47.511],[152.822,47.511],[152.822,47.511],[152.822,47.512],[152.82,47.512],[152.82,47.512],[152.82,47.513],[152.821,47.513],[152.821,47.513],[152.821,47.514],[152.821,47.514],[152.82,47.514],[152.819,47.515],[152.819,47.515],[152.818,47.515],[152.817,47.515],[152.817,47.516],[152.816,47.516],[152.815,47.516],[152.814,47.516],[152.814,47.517],[152.813,47.517],[152.813,47.517],[152.813,47.517],[152.813,47.517],[152.812,47.517],[152.81,47.517],[152.809,47.516],[152.809,47.516],[152.808,47.516],[152.808,47.515],[152.808,47.514],[152.808,47.513],[152.808,47.512],[152.808,47.511],[152.808,47.511],[152.808,47.511],[152.809,47.51],[152.81,47.509],[152.81,47.509],[152.811,47.508],[152.811,47.507],[152.811,47.507],[152.812,47.507],[152.812,47.507],[152.813,47.506],[152.814,47.506],[152.814,47.506],[152.815,47.505],[152.814,47.505],[152.814,47.505],[152.813,47.505],[152.812,47.505],[152.812,47.505],[152.811,47.505],[152.811,47.506],[152.809,47.506],[152.808,47.506],[152.807,47.506],[152.807,47.505],[152.806,47.505],[152.806,47.504],[152.805,47.503],[152.805,47.502],[152.804,47.502],[152.803,47.501],[152.802,47.502],[152.801,47.502],[152.801,47.503],[152.801,47.503],[152.802,47.504],[152.802,47.504],[152.803,47.504],[152.803,47.505],[152.802,47.505],[152.803,47.506],[152.803,47.506],[152.802,47.507],[152.802,47.508],[152.801,47.509],[152.801,47.509],[152.8,47.51],[152.799,47.511],[152.799,47.512],[152.798,47.512],[152.797,47.513],[152.797,47.513],[152.796,47.514],[152.796,47.514],[152.796,47.515],[152.796,47.516],[152.795,47.516],[152.795,47.517],[152.795,47.517],[152.795,47.518],[152.794,47.518],[152.794,47.519],[152.795,47.519],[152.795,47.519],[152.796,47.519],[152.797,47.519],[152.798,47.52],[152.798,47.52],[152.799,47.52],[152.8,47.521],[152.8,47.521],[152.802,47.522],[152.803,47.523],[152.803,47.523],[152.804,47.524],[152.805,47.524],[152.806,47.524],[152.807,47.524],[152.807,47.524],[152.807,47.524],[152.808,47.524],[152.808,47.524],[152.809,47.524],[152.81,47.523],[152.811,47.523],[152.811,47.523],[152.811,47.523],[152.812,47.523],[152.813,47.523],[152.813,47.523],[152.814,47.524],[152.815,47.524],[152.815,47.524],[152.816,47.524],[152.816,47.524],[152.817,47.524],[152.817,47.524],[152.818,47.524],[152.819,47.524],[152.82,47.524],[152.82,47.524],[152.82,47.524],[152.821,47.524],[152.823,47.524],[152.824,47.525],[152.825,47.526],[152.824,47.526],[152.825,47.527],[152.826,47.527],[152.827,47.527],[152.827,47.527],[152.827,47.526],[152.827,47.525],[152.827,47.524],[152.827,47.524]]],[[[152.851,47.545],[152.851,47.544],[152.85,47.543],[152.85,47.542],[152.85,47.542],[152.85,47.542],[152.85,47.541],[152.85,47.54],[152.849,47.54],[152.849,47.539],[152.849,47.539],[152.848,47.539],[152.848,47.538],[152.847,47.538],[152.847,47.537],[152.846,47.537],[152.846,47.536],[152.845,47.536],[152.845,47.536],[152.844,47.536],[152.844,47.536],[152.844,47.537],[152.844,47.537],[152.843,47.537],[152.842,47.537],[152.841,47.537],[152.84,47.537],[152.839,47.537],[152.839,47.536],[152.839,47.536],[152.838,47.536],[152.838,47.536],[152.837,47.536],[152.835,47.536],[152.835,47.536],[152.834,47.536],[152.834,47.535],[152.833,47.535],[152.833,47.535],[152.833,47.534],[152.833,47.534],[152.833,47.533],[152.833,47.533],[152.833,47.533],[152.833,47.533],[152.833,47.532],[152.831,47.532],[152.831,47.532],[152.831,47.532],[152.83,47.531],[152.83,47.531],[152.829,47.532],[152.828,47.532],[152.828,47.53],[152.828,47.529],[152.828,47.529],[152.827,47.528],[152.826,47.529],[152.826,47.529],[152.827,47.53],[152.826,47.53],[152.826,47.531],[152.826,47.532],[152.824,47.531],[152.824,47.531],[152.824,47.531],[152.823,47.532],[152.823,47.533],[152.823,47.533],[152.823,47.533],[152.823,47.534],[152.824,47.534],[152.825,47.534],[152.825,47.534],[152.826,47.535],[152.827,47.535],[152.827,47.536],[152.828,47.537],[152.829,47.537],[152.829,47.537],[152.829,47.538],[152.83,47.538],[152.831,47.539],[152.831,47.54],[152.832,47.54],[152.834,47.541],[152.834,47.542],[152.835,47.543],[152.835,47.544],[152.836,47.544],[152.836,47.545],[152.837,47.545],[152.837,47.545],[152.838,47.545],[152.838,47.544],[152.839,47.545],[152.84,47.545],[152.841,47.545],[152.842,47.546],[152.843,47.546],[152.844,47.547],[152.845,47.547],[152.846,47.548],[152.847,47.548],[152.848,47.548],[152.848,47.548],[152.849,47.549],[152.849,47.549],[152.85,47.549],[152.851,47.549],[152.85,47.547],[152.851,47.546],[152.851,47.545]]],[[[152.894,47.585],[152.893,47.585],[152.892,47.585],[152.891,47.585],[152.891,47.586],[152.891,47.586],[152.891,47.586],[152.892,47.587],[152.894,47.586],[152.894,47.586],[152.895,47.585],[152.894,47.585]]],[[[152.892,47.595],[152.892,47.595],[152.893,47.596],[152.894,47.595],[152.894,47.595],[152.894,47.595],[152.893,47.594],[152.892,47.594],[152.892,47.594],[152.892,47.594],[152.89,47.595],[152.889,47.595],[152.888,47.595],[152.888,47.594],[152.887,47.594],[152.887,47.595],[152.887,47.596],[152.887,47.597],[152.888,47.597],[152.889,47.597],[152.89,47.597],[152.891,47.596],[152.891,47.596],[152.891,47.596],[152.892,47.595]]],[[[153.047,47.802],[153.063,47.756],[153.043,47.713],[152.966,47.677],[152.969,47.752],[153.047,47.802]]],[[[153.285,48.078],[153.285,48.078],[153.286,48.078],[153.286,48.078],[153.288,48.077],[153.288,48.077],[153.288,48.077],[153.289,48.078],[153.289,48.078],[153.289,48.078],[153.289,48.078],[153.29,48.077],[153.291,48.076],[153.291,48.076],[153.292,48.076],[153.293,48.076],[153.293,48.076],[153.294,48.076],[153.294,48.076],[153.294,48.076],[153.296,48.075],[153.297,48.075],[153.297,48.075],[153.298,48.074],[153.298,48.074],[153.299,48.074],[153.3,48.074],[153.3,48.073],[153.3,48.073],[153.299,48.073],[153.298,48.072],[153.298,48.072],[153.296,48.071],[153.296,48.071],[153.296,48.071],[153.296,48.07],[153.296,48.069],[153.296,48.069],[153.296,48.069],[153.296,48.069],[153.296,48.069],[153.296,48.069],[153.295,48.069],[153.294,48.068],[153.294,48.068],[153.293,48.067],[153.293,48.067],[153.292,48.067],[153.292,48.067],[153.291,48.067],[153.29,48.067],[153.29,48.067],[153.289,48.067],[153.289,48.068],[153.289,48.068],[153.288,48.068],[153.288,48.068],[153.287,48.068],[153.287,48.069],[153.286,48.068],[153.286,48.068],[153.286,48.068],[153.285,48.069],[153.285,48.069],[153.285,48.069],[153.284,48.069],[153.283,48.07],[153.283,48.07],[153.283,48.071],[153.283,48.071],[153.283,48.072],[153.283,48.072],[153.283,48.072],[153.283,48.072],[153.282,48.073],[153.282,48.073],[153.282,48.073],[153.281,48.073],[153.281,48.074],[153.281,48.074],[153.281,48.075],[153.281,48.075],[153.281,48.076],[153.28,48.077],[153.28,48.077],[153.281,48.078],[153.282,48.078],[153.283,48.078],[153.285,48.078]]],[[[153.197,48.124],[153.273,48.085],[153.277,48.037],[153.163,48.073],[153.163,48.113],[153.197,48.124]]],[[[153.251,48.301],[153.27,48.291],[153.237,48.287],[153.251,48.301]]],[[[144.628,48.502],[144.628,48.502],[144.627,48.502],[144.627,48.502],[144.627,48.502],[144.627,48.503],[144.627,48.503],[144.63,48.506],[144.63,48.506],[144.63,48.506],[144.631,48.506],[144.631,48.506],[144.63,48.505],[144.63,48.504],[144.63,48.504],[144.63,48.504],[144.63,48.504],[144.63,48.503],[144.628,48.502]]],[[[154.185,48.904],[154.229,48.883],[154.199,48.838],[154.073,48.78],[154.038,48.729],[153.978,48.733],[153.996,48.777],[154.081,48.798],[154.103,48.889],[154.185,48.904]]],[[[153.946,48.973],[154.009,48.96],[154.011,48.931],[153.915,48.924],[153.904,48.964],[153.946,48.973]]],[[[153.488,48.994],[153.486,48.966],[153.467,48.978],[153.488,48.994]]],[[[144.398,49.03],[144.398,49.03],[144.398,49.03],[144.397,49.03],[144.396,49.03],[144.396,49.03],[144.395,49.031],[144.395,49.031],[144.395,49.031],[144.395,49.031],[144.394,49.032],[144.394,49.032],[144.394,49.033],[144.394,49.033],[144.395,49.033],[144.395,49.033],[144.396,49.032],[144.397,49.031],[144.397,49.031],[144.398,49.031],[144.398,49.03]]],[[[154.479,49.17],[154.605,49.109],[154.512,49.071],[154.451,49.152],[154.479,49.17]]],[[[143.183,49.258],[143.184,49.258],[143.185,49.258],[143.186,49.258],[143.187,49.258],[143.187,49.258],[143.188,49.257],[143.189,49.256],[143.189,49.256],[143.189,49.256],[143.189,49.255],[143.189,49.255],[143.189,49.255],[143.188,49.255],[143.188,49.254],[143.188,49.254],[143.188,49.254],[143.187,49.254],[143.187,49.254],[143.186,49.254],[143.186,49.253],[143.185,49.253],[143.185,49.253],[143.184,49.253],[143.184,49.252],[143.184,49.252],[143.183,49.252],[143.183,49.252],[143.182,49.252],[143.182,49.252],[143.182,49.252],[143.182,49.252],[143.181,49.251],[143.181,49.251],[143.181,49.251],[143.18,49.251],[143.18,49.251],[143.179,49.251],[143.179,49.251],[143.179,49.251],[143.178,49.251],[143.178,49.251],[143.178,49.251],[143.177,49.252],[143.177,49.252],[143.177,49.252],[143.177,49.253],[143.178,49.253],[143.177,49.254],[143.176,49.254],[143.176,49.254],[143.176,49.255],[143.175,49.256],[143.175,49.256],[143.176,49.257],[143.177,49.257],[143.178,49.258],[143.179,49.258],[143.179,49.258],[143.181,49.258],[143.181,49.258],[143.182,49.258],[143.182,49.258],[143.182,49.258],[143.183,49.258]]],[[[143.134,49.267],[143.134,49.267],[143.134,49.268],[143.133,49.268],[143.133,49.269],[143.132,49.269],[143.132,49.269],[143.132,49.271],[143.131,49.271],[143.132,49.271],[143.133,49.27],[143.133,49.27],[143.134,49.268],[143.134,49.267],[143.134,49.267]]],[[[143.421,49.308],[143.421,49.307],[143.419,49.307],[143.418,49.308],[143.417,49.308],[143.414,49.307],[143.411,49.307],[143.409,49.307],[143.408,49.306],[143.407,49.306],[143.406,49.306],[143.405,49.306],[143.404,49.306],[143.403,49.306],[143.401,49.306],[143.4,49.306],[143.398,49.305],[143.396,49.305],[143.394,49.305],[143.393,49.305],[143.392,49.304],[143.39,49.305],[143.389,49.304],[143.388,49.303],[143.387,49.303],[143.384,49.303],[143.382,49.303],[143.38,49.303],[143.378,49.302],[143.375,49.302],[143.374,49.302],[143.372,49.302],[143.369,49.301],[143.368,49.301],[143.366,49.301],[143.366,49.301],[143.364,49.3],[143.362,49.3],[143.361,49.3],[143.359,49.3],[143.357,49.299],[143.356,49.299],[143.355,49.299],[143.354,49.299],[143.352,49.299],[143.35,49.298],[143.347,49.298],[143.346,49.297],[143.343,49.297],[143.341,49.297],[143.339,49.296],[143.337,49.296],[143.336,49.295],[143.334,49.295],[143.332,49.294],[143.33,49.294],[143.328,49.294],[143.327,49.294],[143.326,49.293],[143.325,49.293],[143.323,49.293],[143.322,49.293],[143.321,49.292],[143.319,49.292],[143.316,49.292],[143.315,49.291],[143.312,49.291],[143.311,49.29],[143.309,49.29],[143.307,49.29],[143.306,49.29],[143.305,49.29],[143.305,49.29],[143.304,49.291],[143.304,49.291],[143.304,49.292],[143.304,49.292],[143.304,49.292],[143.304,49.293],[143.306,49.293],[143.307,49.293],[143.308,49.293],[143.309,49.294],[143.312,49.294],[143.315,49.295],[143.315,49.295],[143.316,49.295],[143.318,49.296],[143.319,49.296],[143.32,49.296],[143.322,49.296],[143.324,49.297],[143.325,49.297],[143.326,49.297],[143.327,49.297],[143.328,49.297],[143.329,49.297],[143.33,49.298],[143.331,49.298],[143.333,49.298],[143.333,49.298],[143.335,49.299],[143.336,49.299],[143.338,49.299],[143.339,49.299],[143.341,49.3],[143.343,49.3],[143.344,49.301],[143.346,49.301],[143.348,49.301],[143.349,49.301],[143.352,49.302],[143.354,49.302],[143.356,49.303],[143.357,49.303],[143.358,49.303],[143.36,49.303],[143.361,49.303],[143.362,49.303],[143.363,49.303],[143.364,49.303],[143.365,49.304],[143.366,49.304],[143.367,49.304],[143.368,49.304],[143.369,49.304],[143.371,49.304],[143.372,49.304],[143.372,49.304],[143.373,49.304],[143.375,49.305],[143.376,49.305],[143.376,49.305],[143.377,49.305],[143.378,49.305],[143.379,49.305],[143.38,49.306],[143.382,49.306],[143.383,49.306],[143.383,49.306],[143.384,49.306],[143.385,49.306],[143.386,49.306],[143.387,49.306],[143.388,49.307],[143.389,49.307],[143.39,49.307],[143.391,49.307],[143.392,49.307],[143.395,49.307],[143.396,49.307],[143.397,49.307],[143.398,49.307],[143.399,49.307],[143.401,49.307],[143.402,49.308],[143.403,49.308],[143.404,49.308],[143.405,49.307],[143.406,49.307],[143.406,49.307],[143.407,49.307],[143.408,49.307],[143.409,49.307],[143.411,49.308],[143.412,49.308],[143.413,49.308],[143.414,49.308],[143.415,49.308],[143.416,49.308],[143.418,49.308],[143.419,49.308],[143.42,49.309],[143.42,49.309],[143.421,49.309],[143.423,49.309],[143.426,49.309],[143.426,49.309],[143.423,49.308],[143.421,49.308]]],[[[143.698,49.313],[143.699,49.312],[143.7,49.311],[143.699,49.311],[143.699,49.311],[143.697,49.311],[143.697,49.311],[143.697,49.311],[143.695,49.311],[143.692,49.311],[143.692,49.311],[143.691,49.311],[143.691,49.311],[143.689,49.312],[143.689,49.312],[143.69,49.313],[143.692,49.313],[143.692,49.313],[143.694,49.313],[143.694,49.313],[143.694,49.313],[143.697,49.313],[143.698,49.313]]],[[[143.402,49.323],[143.401,49.323],[143.401,49.323],[143.401,49.324],[143.403,49.324],[143.405,49.324],[143.404,49.324],[143.402,49.323],[143.402,49.323]]],[[[143.426,49.324],[143.426,49.324],[143.427,49.324],[143.428,49.324],[143.427,49.323],[143.426,49.323],[143.426,49.322],[143.424,49.322],[143.424,49.323],[143.424,49.323],[143.423,49.323],[143.423,49.323],[143.423,49.324],[143.423,49.324],[143.424,49.324],[143.425,49.324],[143.426,49.324]]],[[[143.54,49.322],[143.541,49.322],[143.542,49.321],[143.542,49.321],[143.541,49.321],[143.54,49.32],[143.539,49.32],[143.54,49.321],[143.54,49.321],[143.539,49.322],[143.539,49.322],[143.538,49.322],[143.538,49.322],[143.538,49.322],[143.537,49.323],[143.537,49.323],[143.537,49.324],[143.537,49.324],[143.538,49.324],[143.539,49.324],[143.539,49.324],[143.539,49.323],[143.54,49.322]]],[[[143.622,49.324],[143.667,49.311],[143.427,49.308],[143.622,49.324]]],[[[143.419,49.326],[143.419,49.326],[143.42,49.326],[143.421,49.325],[143.421,49.324],[143.421,49.324],[143.42,49.324],[143.42,49.324],[143.42,49.324],[143.419,49.325],[143.418,49.325],[143.418,49.325],[143.417,49.326],[143.417,49.326],[143.417,49.326],[143.418,49.326],[143.418,49.326],[143.419,49.326]]],[[[143.381,49.334],[143.381,49.333],[143.379,49.333],[143.379,49.333],[143.379,49.334],[143.375,49.334],[143.375,49.333],[143.373,49.333],[143.373,49.332],[143.373,49.332],[143.372,49.331],[143.372,49.331],[143.372,49.331],[143.372,49.332],[143.371,49.332],[143.371,49.332],[143.371,49.333],[143.371,49.333],[143.371,49.334],[143.371,49.334],[143.371,49.334],[143.371,49.336],[143.376,49.336],[143.378,49.335],[143.379,49.335],[143.379,49.334],[143.381,49.334],[143.381,49.334]]],[[[154.846,49.635],[154.918,49.609],[154.892,49.534],[154.814,49.474],[154.844,49.324],[154.718,49.259],[154.627,49.277],[154.611,49.36],[154.702,49.456],[154.768,49.579],[154.846,49.635]]],[[[154.444,49.818],[154.494,49.785],[154.439,49.727],[154.386,49.754],[154.399,49.805],[154.444,49.818]]],[[[142.141,50.019],[142.141,50.018],[142.14,50.019],[142.139,50.019],[142.139,50.02],[142.138,50.02],[142.138,50.021],[142.139,50.022],[142.14,50.022],[142.141,50.022],[142.142,50.022],[142.142,50.021],[142.142,50.021],[142.143,50.021],[142.143,50.02],[142.144,50.02],[142.143,50.02],[142.143,50.019],[142.143,50.019],[142.142,50.019],[142.141,50.019]]],[[[143.911,50.125],[143.909,50.125],[143.909,50.126],[143.908,50.126],[143.909,50.126],[143.909,50.127],[143.908,50.127],[143.908,50.128],[143.909,50.128],[143.909,50.127],[143.91,50.127],[143.91,50.127],[143.911,50.126],[143.911,50.126],[143.911,50.126],[143.911,50.125]]],[[[155,50.208],[154.999,50.188],[154.958,50.191],[155,50.208]]],[[[156.278,50.509],[156.277,50.508],[156.276,50.509],[156.277,50.509],[156.277,50.51],[156.277,50.511],[156.276,50.511],[156.276,50.512],[156.278,50.511],[156.279,50.511],[156.28,50.51],[156.28,50.51],[156.28,50.51],[156.279,50.509],[156.278,50.509]]],[[[156.038,50.769],[156.157,50.742],[156.126,50.651],[156.172,50.599],[156.147,50.559],[156.17,50.507],[156.042,50.467],[156.026,50.4],[155.888,50.246],[155.821,50.233],[155.795,50.19],[155.612,50.184],[155.511,50.14],[155.392,49.999],[155.394,50.031],[155.348,50.055],[155.222,50.053],[155.262,50.208],[155.213,50.244],[155.213,50.295],[155.347,50.283],[155.409,50.351],[155.548,50.362],[155.58,50.388],[155.648,50.377],[155.768,50.468],[155.778,50.518],[155.833,50.555],[155.858,50.653],[156.038,50.769]]],[[[156.485,50.864],[156.514,50.765],[156.403,50.63],[156.277,50.634],[156.182,50.684],[156.2,50.769],[156.485,50.864]]],[[[155.543,50.919],[155.658,50.9],[155.673,50.817],[155.535,50.806],[155.485,50.833],[155.457,50.882],[155.473,50.914],[155.543,50.919]]],[[[143.505,51.222],[143.504,51.221],[143.503,51.221],[143.503,51.221],[143.503,51.221],[143.503,51.222],[143.503,51.223],[143.503,51.223],[143.503,51.223],[143.504,51.224],[143.505,51.224],[143.506,51.224],[143.506,51.224],[143.507,51.224],[143.508,51.225],[143.509,51.225],[143.509,51.225],[143.509,51.224],[143.509,51.224],[143.51,51.224],[143.51,51.224],[143.507,51.222],[143.507,51.222],[143.506,51.222],[143.506,51.222],[143.505,51.222]]],[[[143.494,51.255],[143.496,51.254],[143.498,51.254],[143.499,51.254],[143.499,51.253],[143.5,51.253],[143.5,51.253],[143.499,51.252],[143.499,51.252],[143.498,51.251],[143.498,51.251],[143.497,51.251],[143.496,51.251],[143.496,51.25],[143.496,51.25],[143.494,51.25],[143.494,51.25],[143.494,51.251],[143.494,51.254],[143.493,51.254],[143.493,51.255],[143.494,51.255]]],[[[143.348,51.645],[143.347,51.645],[143.347,51.647],[143.346,51.647],[143.347,51.647],[143.347,51.647],[143.346,51.648],[143.346,51.649],[143.346,51.649],[143.346,51.65],[143.347,51.651],[143.347,51.651],[143.348,51.652],[143.349,51.652],[143.35,51.651],[143.351,51.651],[143.351,51.651],[143.352,51.65],[143.352,51.65],[143.352,51.65],[143.352,51.649],[143.351,51.648],[143.351,51.648],[143.35,51.647],[143.35,51.647],[143.349,51.647],[143.349,51.647],[143.348,51.646],[143.348,51.646],[143.348,51.646],[143.348,51.646],[143.348,51.645]]],[[[143.342,51.645],[143.34,51.645],[143.34,51.646],[143.339,51.646],[143.339,51.646],[143.338,51.647],[143.338,51.647],[143.338,51.647],[143.338,51.649],[143.337,51.65],[143.337,51.65],[143.336,51.65],[143.336,51.651],[143.335,51.651],[143.335,51.651],[143.336,51.652],[143.337,51.652],[143.338,51.652],[143.338,51.652],[143.34,51.651],[143.341,51.651],[143.342,51.651],[143.342,51.65],[143.343,51.65],[143.343,51.648],[143.343,51.648],[143.343,51.646],[143.342,51.646],[143.342,51.646],[143.342,51.645]]],[[[143.323,51.656],[143.324,51.655],[143.324,51.654],[143.325,51.654],[143.325,51.653],[143.324,51.653],[143.324,51.652],[143.324,51.652],[143.324,51.651],[143.326,51.651],[143.326,51.65],[143.325,51.65],[143.325,51.647],[143.324,51.647],[143.324,51.647],[143.323,51.646],[143.323,51.646],[143.323,51.646],[143.323,51.644],[143.322,51.644],[143.322,51.643],[143.322,51.643],[143.319,51.643],[143.319,51.643],[143.318,51.644],[143.318,51.645],[143.318,51.645],[143.318,51.645],[143.317,51.646],[143.317,51.646],[143.317,51.647],[143.317,51.647],[143.316,51.648],[143.316,51.648],[143.316,51.648],[143.316,51.65],[143.316,51.651],[143.315,51.651],[143.315,51.651],[143.314,51.652],[143.314,51.653],[143.313,51.654],[143.313,51.654],[143.313,51.654],[143.313,51.655],[143.313,51.656],[143.314,51.656],[143.314,51.656],[143.314,51.655],[143.315,51.655],[143.315,51.656],[143.316,51.656],[143.32,51.656],[143.322,51.656],[143.323,51.656],[143.323,51.656]]],[[[143.341,51.659],[143.341,51.659],[143.339,51.659],[143.339,51.659],[143.338,51.659],[143.338,51.659],[143.337,51.658],[143.337,51.658],[143.338,51.658],[143.338,51.657],[143.338,51.656],[143.338,51.656],[143.339,51.656],[143.339,51.656],[143.34,51.655],[143.34,51.655],[143.341,51.654],[143.341,51.653],[143.342,51.653],[143.342,51.653],[143.341,51.652],[143.341,51.652],[143.34,51.652],[143.34,51.653],[143.339,51.653],[143.339,51.652],[143.338,51.652],[143.338,51.653],[143.336,51.653],[143.336,51.653],[143.337,51.654],[143.339,51.654],[143.338,51.654],[143.338,51.655],[143.338,51.655],[143.338,51.654],[143.337,51.654],[143.337,51.655],[143.336,51.655],[143.334,51.655],[143.334,51.651],[143.334,51.65],[143.333,51.65],[143.333,51.651],[143.332,51.651],[143.332,51.653],[143.332,51.654],[143.332,51.654],[143.331,51.655],[143.331,51.656],[143.331,51.657],[143.331,51.657],[143.332,51.657],[143.331,51.657],[143.331,51.657],[143.331,51.659],[143.332,51.659],[143.332,51.66],[143.332,51.661],[143.333,51.661],[143.334,51.661],[143.334,51.661],[143.336,51.662],[143.336,51.662],[143.337,51.662],[143.339,51.663],[143.339,51.664],[143.341,51.664],[143.341,51.662],[143.342,51.662],[143.342,51.661],[143.342,51.66],[143.342,51.66],[143.341,51.659]]],[[[143.293,51.665],[143.292,51.665],[143.292,51.666],[143.292,51.667],[143.292,51.667],[143.294,51.667],[143.294,51.667],[143.295,51.666],[143.295,51.666],[143.293,51.665],[143.293,51.665]]],[[[143.282,51.661],[143.282,51.659],[143.282,51.659],[143.282,51.659],[143.282,51.658],[143.282,51.658],[143.282,51.658],[143.282,51.657],[143.282,51.657],[143.281,51.656],[143.281,51.656],[143.281,51.656],[143.28,51.656],[143.28,51.657],[143.279,51.657],[143.279,51.658],[143.278,51.658],[143.276,51.658],[143.273,51.659],[143.273,51.659],[143.273,51.659],[143.272,51.659],[143.271,51.659],[143.271,51.659],[143.271,51.659],[143.271,51.659],[143.27,51.66],[143.27,51.66],[143.271,51.661],[143.271,51.663],[143.271,51.663],[143.271,51.664],[143.271,51.664],[143.27,51.665],[143.27,51.665],[143.269,51.666],[143.271,51.666],[143.269,51.666],[143.269,51.669],[143.269,51.669],[143.269,51.669],[143.269,51.67],[143.269,51.67],[143.269,51.67],[143.269,51.67],[143.269,51.67],[143.269,51.673],[143.269,51.673],[143.269,51.674],[143.271,51.674],[143.271,51.674],[143.271,51.675],[143.271,51.675],[143.273,51.676],[143.273,51.676],[143.274,51.675],[143.274,51.675],[143.276,51.674],[143.276,51.673],[143.277,51.673],[143.277,51.672],[143.277,51.672],[143.277,51.671],[143.277,51.67],[143.277,51.67],[143.277,51.668],[143.277,51.668],[143.277,51.667],[143.278,51.667],[143.278,51.666],[143.278,51.666],[143.278,51.665],[143.279,51.664],[143.278,51.664],[143.279,51.664],[143.279,51.663],[143.28,51.663],[143.28,51.663],[143.281,51.662],[143.281,51.662],[143.282,51.661],[143.282,51.661],[143.281,51.661],[143.282,51.661]]],[[[143.335,51.679],[143.335,51.679],[143.336,51.679],[143.336,51.678],[143.337,51.678],[143.337,51.677],[143.337,51.677],[143.337,51.677],[143.337,51.676],[143.336,51.676],[143.336,51.676],[143.336,51.677],[143.334,51.677],[143.334,51.678],[143.334,51.678],[143.334,51.678],[143.332,51.678],[143.332,51.679],[143.331,51.679],[143.331,51.678],[143.33,51.678],[143.33,51.679],[143.329,51.679],[143.328,51.679],[143.328,51.679],[143.327,51.679],[143.327,51.679],[143.327,51.679],[143.327,51.679],[143.328,51.679],[143.328,51.679],[143.328,51.678],[143.331,51.678],[143.331,51.678],[143.331,51.677],[143.332,51.677],[143.333,51.676],[143.334,51.676],[143.335,51.676],[143.335,51.676],[143.336,51.675],[143.336,51.675],[143.337,51.675],[143.337,51.675],[143.337,51.674],[143.338,51.674],[143.339,51.674],[143.339,51.673],[143.341,51.673],[143.341,51.673],[143.341,51.672],[143.341,51.672],[143.342,51.671],[143.342,51.671],[143.341,51.671],[143.341,51.67],[143.341,51.67],[143.341,51.67],[143.339,51.669],[143.339,51.669],[143.339,51.669],[143.339,51.669],[143.339,51.67],[143.338,51.67],[143.338,51.671],[143.338,51.672],[143.338,51.672],[143.338,51.673],[143.338,51.673],[143.338,51.673],[143.337,51.674],[143.337,51.674],[143.336,51.674],[143.336,51.674],[143.336,51.674],[143.333,51.674],[143.333,51.674],[143.332,51.675],[143.332,51.676],[143.331,51.676],[143.331,51.676],[143.33,51.676],[143.329,51.676],[143.329,51.677],[143.329,51.677],[143.328,51.677],[143.328,51.678],[143.327,51.678],[143.326,51.678],[143.325,51.678],[143.325,51.677],[143.324,51.677],[143.324,51.678],[143.323,51.678],[143.323,51.679],[143.323,51.679],[143.323,51.679],[143.323,51.679],[143.323,51.68],[143.323,51.681],[143.323,51.681],[143.325,51.681],[143.326,51.681],[143.326,51.682],[143.329,51.682],[143.331,51.682],[143.332,51.683],[143.332,51.683],[143.333,51.683],[143.333,51.681],[143.334,51.681],[143.334,51.68],[143.335,51.679]]],[[[143.325,51.687],[143.324,51.687],[143.324,51.687],[143.322,51.688],[143.322,51.688],[143.323,51.688],[143.326,51.689],[143.327,51.689],[143.327,51.688],[143.327,51.688],[143.325,51.687],[143.325,51.687]]],[[[143.294,51.692],[143.294,51.691],[143.295,51.691],[143.295,51.691],[143.294,51.691],[143.295,51.69],[143.295,51.69],[143.296,51.69],[143.296,51.689],[143.297,51.689],[143.298,51.689],[143.299,51.688],[143.299,51.686],[143.298,51.686],[143.298,51.685],[143.298,51.685],[143.298,51.682],[143.297,51.682],[143.297,51.682],[143.297,51.681],[143.297,51.681],[143.297,51.681],[143.298,51.68],[143.298,51.68],[143.297,51.679],[143.297,51.675],[143.298,51.675],[143.298,51.671],[143.298,51.671],[143.298,51.671],[143.298,51.671],[143.298,51.67],[143.298,51.669],[143.298,51.669],[143.298,51.668],[143.297,51.667],[143.297,51.667],[143.297,51.667],[143.297,51.667],[143.295,51.667],[143.295,51.667],[143.294,51.668],[143.294,51.668],[143.293,51.669],[143.293,51.669],[143.292,51.669],[143.292,51.67],[143.293,51.67],[143.293,51.671],[143.293,51.672],[143.293,51.672],[143.294,51.673],[143.294,51.673],[143.295,51.674],[143.295,51.674],[143.296,51.675],[143.295,51.675],[143.295,51.677],[143.296,51.677],[143.296,51.678],[143.295,51.678],[143.295,51.678],[143.296,51.678],[143.295,51.679],[143.295,51.683],[143.294,51.683],[143.294,51.684],[143.294,51.684],[143.294,51.685],[143.293,51.686],[143.292,51.686],[143.292,51.686],[143.291,51.687],[143.291,51.688],[143.289,51.688],[143.289,51.688],[143.288,51.689],[143.288,51.691],[143.288,51.691],[143.288,51.692],[143.287,51.692],[143.287,51.691],[143.285,51.691],[143.285,51.692],[143.284,51.692],[143.284,51.694],[143.284,51.694],[143.284,51.695],[143.284,51.696],[143.284,51.696],[143.286,51.696],[143.286,51.696],[143.287,51.696],[143.289,51.695],[143.289,51.695],[143.292,51.695],[143.292,51.694],[143.294,51.694],[143.294,51.692],[143.294,51.692]]],[[[143.373,51.637],[143.401,51.569],[143.307,51.737],[143.373,51.637]]],[[[143.184,51.861],[143.183,51.861],[143.183,51.862],[143.184,51.862],[143.184,51.862],[143.184,51.863],[143.184,51.863],[143.185,51.863],[143.185,51.864],[143.187,51.864],[143.188,51.864],[143.188,51.864],[143.188,51.864],[143.188,51.864],[143.188,51.864],[143.187,51.863],[143.187,51.863],[143.187,51.863],[143.184,51.862],[143.184,51.861]]],[[[143.183,51.87],[143.183,51.87],[143.182,51.869],[143.182,51.869],[143.182,51.869],[143.182,51.869],[143.181,51.868],[143.181,51.868],[143.181,51.868],[143.179,51.868],[143.179,51.87],[143.179,51.87],[143.179,51.87],[143.18,51.87],[143.181,51.87],[143.181,51.87],[143.181,51.871],[143.182,51.872],[143.182,51.873],[143.182,51.873],[143.183,51.873],[143.183,51.873],[143.184,51.873],[143.184,51.873],[143.184,51.872],[143.183,51.872],[143.183,51.872],[143.183,51.871],[143.183,51.871],[143.182,51.871],[143.183,51.87]]],[[[143.174,51.954],[143.174,51.954],[143.174,51.953],[143.175,51.953],[143.175,51.952],[143.175,51.952],[143.175,51.952],[143.175,51.952],[143.174,51.952],[143.174,51.952],[143.173,51.953],[143.173,51.953],[143.173,51.953],[143.173,51.954],[143.173,51.954],[143.172,51.954],[143.172,51.954],[143.172,51.955],[143.172,51.955],[143.172,51.955],[143.174,51.955],[143.174,51.954]]],[[[143.174,51.969],[143.173,51.969],[143.173,51.969],[143.174,51.969],[143.174,51.97],[143.173,51.97],[143.173,51.971],[143.174,51.971],[143.174,51.973],[143.174,51.974],[143.172,51.974],[143.171,51.975],[143.171,51.976],[143.173,51.976],[143.174,51.976],[143.176,51.976],[143.176,51.975],[143.177,51.975],[143.177,51.975],[143.178,51.974],[143.178,51.974],[143.179,51.974],[143.179,51.972],[143.178,51.971],[143.178,51.971],[143.176,51.97],[143.176,51.97],[143.176,51.97],[143.176,51.969],[143.174,51.969],[143.174,51.969]]],[[[143.12,52.056],[143.121,52.056],[143.121,52.056],[143.122,52.055],[143.122,52.056],[143.123,52.056],[143.123,52.056],[143.125,52.055],[143.125,52.055],[143.125,52.054],[143.125,52.054],[143.125,52.053],[143.125,52.052],[143.124,52.052],[143.124,52.052],[143.123,52.052],[143.122,52.052],[143.122,52.052],[143.121,52.052],[143.121,52.052],[143.12,52.052],[143.119,52.053],[143.118,52.053],[143.118,52.053],[143.118,52.054],[143.118,52.054],[143.118,52.054],[143.118,52.055],[143.118,52.055],[143.119,52.056],[143.12,52.056]]],[[[143.121,52.067],[143.12,52.066],[143.12,52.067],[143.119,52.067],[143.118,52.068],[143.118,52.069],[143.118,52.069],[143.118,52.071],[143.118,52.071],[143.119,52.071],[143.12,52.07],[143.121,52.069],[143.121,52.069],[143.121,52.068],[143.121,52.068],[143.121,52.068],[143.121,52.067]]],[[[143.173,51.997],[143.163,51.982],[143.145,52.025],[143.146,52.081],[143.173,51.997]]],[[[143.131,52.084],[143.13,52.084],[143.128,52.084],[143.128,52.084],[143.128,52.085],[143.127,52.085],[143.127,52.086],[143.127,52.086],[143.129,52.087],[143.129,52.087],[143.13,52.088],[143.129,52.088],[143.129,52.088],[143.129,52.088],[143.129,52.089],[143.128,52.089],[143.128,52.089],[143.128,52.089],[143.128,52.091],[143.129,52.092],[143.13,52.092],[143.131,52.092],[143.132,52.092],[143.132,52.091],[143.131,52.091],[143.131,52.09],[143.131,52.089],[143.131,52.089],[143.131,52.089],[143.131,52.088],[143.131,52.088],[143.131,52.087],[143.132,52.087],[143.131,52.086],[143.131,52.086],[143.132,52.086],[143.132,52.085],[143.131,52.084]]],[[[143.125,52.111],[143.125,52.111],[143.126,52.111],[143.127,52.11],[143.127,52.109],[143.127,52.109],[143.127,52.109],[143.128,52.109],[143.128,52.106],[143.129,52.106],[143.129,52.103],[143.128,52.103],[143.128,52.102],[143.127,52.102],[143.128,52.101],[143.128,52.101],[143.128,52.1],[143.128,52.098],[143.127,52.098],[143.127,52.097],[143.127,52.097],[143.127,52.096],[143.126,52.096],[143.126,52.095],[143.125,52.095],[143.125,52.091],[143.124,52.091],[143.124,52.091],[143.124,52.091],[143.124,52.09],[143.122,52.089],[143.122,52.088],[143.123,52.088],[143.123,52.087],[143.123,52.087],[143.123,52.087],[143.123,52.086],[143.124,52.086],[143.124,52.086],[143.125,52.085],[143.125,52.084],[143.126,52.084],[143.126,52.082],[143.126,52.082],[143.127,52.081],[143.127,52.079],[143.128,52.079],[143.128,52.078],[143.127,52.078],[143.128,52.078],[143.128,52.077],[143.128,52.077],[143.128,52.076],[143.13,52.075],[143.13,52.074],[143.131,52.073],[143.131,52.072],[143.131,52.072],[143.131,52.07],[143.132,52.07],[143.132,52.069],[143.131,52.069],[143.131,52.069],[143.129,52.069],[143.129,52.07],[143.129,52.07],[143.129,52.072],[143.128,52.072],[143.128,52.073],[143.127,52.074],[143.127,52.074],[143.125,52.075],[143.125,52.076],[143.124,52.077],[143.124,52.077],[143.125,52.077],[143.124,52.077],[143.124,52.079],[143.125,52.079],[143.125,52.081],[143.124,52.081],[143.124,52.082],[143.123,52.083],[143.123,52.083],[143.122,52.083],[143.122,52.084],[143.122,52.084],[143.121,52.084],[143.121,52.084],[143.121,52.084],[143.119,52.085],[143.119,52.087],[143.118,52.088],[143.118,52.089],[143.119,52.089],[143.119,52.09],[143.119,52.09],[143.119,52.091],[143.119,52.091],[143.118,52.091],[143.118,52.094],[143.118,52.094],[143.118,52.095],[143.117,52.095],[143.117,52.096],[143.117,52.097],[143.116,52.097],[143.116,52.097],[143.115,52.097],[143.115,52.099],[143.114,52.099],[143.114,52.102],[143.114,52.102],[143.114,52.102],[143.114,52.103],[143.114,52.103],[143.114,52.103],[143.114,52.104],[143.114,52.104],[143.114,52.105],[143.115,52.105],[143.115,52.106],[143.116,52.106],[143.116,52.107],[143.116,52.107],[143.116,52.109],[143.117,52.109],[143.117,52.109],[143.116,52.109],[143.116,52.111],[143.117,52.111],[143.117,52.111],[143.117,52.111],[143.117,52.111],[143.119,52.111],[143.119,52.111],[143.12,52.111],[143.12,52.111],[143.124,52.111],[143.125,52.111]]],[[[143.122,52.137],[143.122,52.136],[143.122,52.136],[143.122,52.136],[143.123,52.135],[143.123,52.135],[143.123,52.134],[143.123,52.134],[143.123,52.133],[143.123,52.133],[143.124,52.133],[143.125,52.133],[143.126,52.133],[143.126,52.133],[143.126,52.132],[143.127,52.132],[143.127,52.131],[143.128,52.131],[143.126,52.129],[143.126,52.129],[143.126,52.129],[143.126,52.129],[143.125,52.128],[143.125,52.128],[143.124,52.127],[143.124,52.127],[143.123,52.126],[143.122,52.126],[143.121,52.127],[143.121,52.127],[143.119,52.127],[143.119,52.127],[143.119,52.127],[143.118,52.128],[143.117,52.128],[143.116,52.128],[143.115,52.128],[143.115,52.129],[143.114,52.129],[143.113,52.129],[143.112,52.13],[143.109,52.13],[143.108,52.129],[143.108,52.129],[143.104,52.131],[143.104,52.131],[143.104,52.131],[143.103,52.131],[143.103,52.132],[143.103,52.132],[143.103,52.132],[143.102,52.133],[143.102,52.134],[143.103,52.134],[143.103,52.135],[143.104,52.136],[143.105,52.136],[143.106,52.136],[143.107,52.136],[143.107,52.136],[143.108,52.136],[143.108,52.137],[143.109,52.137],[143.109,52.138],[143.108,52.138],[143.108,52.138],[143.108,52.139],[143.109,52.139],[143.109,52.139],[143.111,52.14],[143.111,52.141],[143.112,52.141],[143.113,52.141],[143.116,52.141],[143.116,52.141],[143.117,52.141],[143.117,52.14],[143.119,52.14],[143.121,52.14],[143.121,52.139],[143.121,52.139],[143.121,52.139],[143.122,52.138],[143.122,52.137],[143.122,52.137]]],[[[143.131,52.194],[143.13,52.194],[143.13,52.194],[143.13,52.195],[143.129,52.195],[143.13,52.197],[143.129,52.197],[143.13,52.197],[143.131,52.198],[143.132,52.198],[143.132,52.198],[143.132,52.197],[143.131,52.196],[143.131,52.195],[143.131,52.195],[143.131,52.194]]],[[[143.171,52.423],[143.172,52.423],[143.172,52.423],[143.173,52.422],[143.174,52.422],[143.175,52.421],[143.176,52.421],[143.177,52.421],[143.177,52.42],[143.178,52.42],[143.178,52.42],[143.177,52.419],[143.177,52.419],[143.177,52.418],[143.177,52.418],[143.176,52.417],[143.176,52.417],[143.177,52.417],[143.177,52.417],[143.176,52.416],[143.176,52.416],[143.174,52.415],[143.174,52.415],[143.173,52.415],[143.173,52.415],[143.17,52.417],[143.17,52.417],[143.169,52.417],[143.169,52.418],[143.167,52.419],[143.167,52.419],[143.166,52.419],[143.166,52.42],[143.166,52.42],[143.168,52.421],[143.168,52.421],[143.171,52.423],[143.171,52.423]]],[[[143.255,52.465],[143.195,52.41],[143.206,52.449],[143.255,52.465]]],[[[143.264,52.542],[143.263,52.541],[143.262,52.541],[143.262,52.541],[143.261,52.542],[143.261,52.542],[143.261,52.543],[143.263,52.544],[143.264,52.544],[143.264,52.544],[143.266,52.545],[143.266,52.545],[143.268,52.546],[143.268,52.546],[143.269,52.546],[143.269,52.546],[143.269,52.545],[143.27,52.544],[143.27,52.544],[143.271,52.544],[143.271,52.543],[143.27,52.543],[143.27,52.543],[143.269,52.543],[143.269,52.542],[143.267,52.542],[143.266,52.542],[143.265,52.542],[143.264,52.542]]],[[[143.279,52.581],[143.279,52.579],[143.278,52.579],[143.277,52.579],[143.277,52.578],[143.276,52.578],[143.276,52.578],[143.275,52.578],[143.275,52.577],[143.274,52.577],[143.274,52.577],[143.274,52.576],[143.274,52.576],[143.273,52.576],[143.273,52.574],[143.273,52.574],[143.273,52.574],[143.272,52.574],[143.272,52.573],[143.272,52.573],[143.272,52.573],[143.271,52.572],[143.271,52.572],[143.271,52.571],[143.271,52.571],[143.271,52.571],[143.27,52.571],[143.27,52.569],[143.269,52.569],[143.269,52.569],[143.269,52.568],[143.269,52.568],[143.268,52.568],[143.268,52.567],[143.268,52.567],[143.268,52.566],[143.267,52.566],[143.267,52.565],[143.267,52.565],[143.267,52.565],[143.266,52.564],[143.266,52.564],[143.265,52.564],[143.265,52.563],[143.264,52.563],[143.265,52.563],[143.265,52.563],[143.264,52.562],[143.264,52.562],[143.263,52.561],[143.263,52.561],[143.263,52.561],[143.263,52.56],[143.262,52.56],[143.262,52.56],[143.261,52.559],[143.261,52.559],[143.26,52.559],[143.26,52.558],[143.258,52.557],[143.258,52.557],[143.257,52.556],[143.257,52.556],[143.257,52.556],[143.256,52.556],[143.256,52.555],[143.256,52.554],[143.255,52.553],[143.256,52.553],[143.256,52.553],[143.257,52.552],[143.257,52.553],[143.257,52.552],[143.258,52.552],[143.258,52.551],[143.258,52.551],[143.258,52.551],[143.257,52.55],[143.257,52.55],[143.257,52.549],[143.256,52.549],[143.255,52.549],[143.255,52.549],[143.254,52.548],[143.252,52.548],[143.252,52.548],[143.251,52.548],[143.25,52.547],[143.25,52.547],[143.249,52.547],[143.249,52.547],[143.247,52.548],[143.246,52.548],[143.246,52.549],[143.247,52.549],[143.247,52.549],[143.248,52.55],[143.248,52.552],[143.249,52.553],[143.249,52.553],[143.251,52.554],[143.251,52.554],[143.251,52.554],[143.251,52.556],[143.252,52.556],[143.252,52.556],[143.252,52.556],[143.252,52.557],[143.252,52.557],[143.252,52.557],[143.252,52.559],[143.253,52.56],[143.253,52.56],[143.253,52.561],[143.253,52.562],[143.254,52.562],[143.254,52.563],[143.254,52.563],[143.254,52.563],[143.254,52.564],[143.255,52.565],[143.255,52.566],[143.256,52.566],[143.256,52.566],[143.257,52.567],[143.257,52.567],[143.257,52.568],[143.257,52.569],[143.258,52.569],[143.258,52.57],[143.256,52.571],[143.256,52.572],[143.255,52.573],[143.255,52.573],[143.256,52.574],[143.257,52.574],[143.257,52.575],[143.258,52.575],[143.258,52.576],[143.258,52.576],[143.258,52.577],[143.259,52.577],[143.259,52.577],[143.259,52.577],[143.259,52.579],[143.26,52.579],[143.259,52.579],[143.259,52.58],[143.261,52.58],[143.261,52.579],[143.261,52.579],[143.261,52.58],[143.262,52.58],[143.263,52.58],[143.263,52.581],[143.263,52.581],[143.265,52.581],[143.265,52.581],[143.267,52.582],[143.268,52.582],[143.268,52.582],[143.268,52.583],[143.269,52.583],[143.269,52.583],[143.27,52.583],[143.271,52.583],[143.271,52.584],[143.272,52.584],[143.274,52.585],[143.274,52.585],[143.276,52.586],[143.277,52.586],[143.278,52.586],[143.278,52.586],[143.278,52.587],[143.278,52.587],[143.279,52.588],[143.279,52.588],[143.282,52.589],[143.283,52.589],[143.284,52.59],[143.284,52.589],[143.285,52.589],[143.285,52.588],[143.285,52.588],[143.284,52.588],[143.284,52.587],[143.284,52.587],[143.284,52.586],[143.283,52.585],[143.283,52.585],[143.282,52.584],[143.282,52.584],[143.281,52.584],[143.281,52.583],[143.281,52.583],[143.281,52.583],[143.28,52.582],[143.28,52.581],[143.279,52.581],[143.279,52.581],[143.279,52.581]]],[[[143.314,52.845],[143.312,52.845],[143.312,52.847],[143.313,52.847],[143.313,52.847],[143.313,52.848],[143.314,52.848],[143.315,52.848],[143.315,52.849],[143.317,52.849],[143.317,52.847],[143.316,52.847],[143.315,52.847],[143.315,52.846],[143.314,52.846],[143.314,52.846],[143.314,52.846],[143.314,52.845]]],[[[143.226,52.88],[143.227,52.879],[143.227,52.878],[143.228,52.878],[143.228,52.877],[143.227,52.877],[143.226,52.878],[143.226,52.878],[143.225,52.878],[143.225,52.878],[143.225,52.879],[143.224,52.879],[143.223,52.879],[143.222,52.88],[143.222,52.88],[143.221,52.88],[143.22,52.881],[143.22,52.882],[143.219,52.882],[143.219,52.882],[143.219,52.882],[143.219,52.883],[143.219,52.883],[143.219,52.883],[143.22,52.884],[143.22,52.884],[143.22,52.884],[143.22,52.884],[143.22,52.885],[143.22,52.885],[143.221,52.885],[143.222,52.885],[143.223,52.885],[143.223,52.884],[143.223,52.884],[143.223,52.884],[143.223,52.884],[143.223,52.883],[143.223,52.883],[143.223,52.882],[143.224,52.882],[143.224,52.882],[143.224,52.882],[143.224,52.881],[143.226,52.88],[143.226,52.88]]],[[[143.226,52.892],[143.224,52.892],[143.224,52.893],[143.224,52.893],[143.224,52.893],[143.224,52.893],[143.224,52.894],[143.224,52.894],[143.224,52.894],[143.223,52.895],[143.223,52.897],[143.224,52.897],[143.224,52.899],[143.225,52.899],[143.226,52.899],[143.226,52.899],[143.226,52.898],[143.226,52.898],[143.225,52.897],[143.225,52.897],[143.226,52.897],[143.226,52.897],[143.227,52.896],[143.227,52.896],[143.228,52.895],[143.228,52.895],[143.227,52.894],[143.227,52.894],[143.227,52.893],[143.227,52.893],[143.226,52.892],[143.226,52.892]]],[[[143.287,52.958],[143.287,52.958],[143.287,52.958],[143.287,52.957],[143.286,52.957],[143.286,52.956],[143.286,52.956],[143.285,52.956],[143.285,52.956],[143.284,52.956],[143.284,52.957],[143.284,52.957],[143.284,52.958],[143.282,52.958],[143.282,52.958],[143.281,52.958],[143.28,52.958],[143.28,52.958],[143.278,52.957],[143.278,52.957],[143.277,52.957],[143.277,52.956],[143.278,52.956],[143.278,52.955],[143.277,52.954],[143.274,52.954],[143.274,52.954],[143.274,52.955],[143.274,52.956],[143.275,52.957],[143.276,52.957],[143.276,52.958],[143.277,52.958],[143.277,52.958],[143.279,52.959],[143.281,52.959],[143.282,52.959],[143.286,52.959],[143.286,52.959],[143.287,52.959],[143.287,52.958]]],[[[143.233,53.106],[143.233,53.106],[143.232,53.106],[143.232,53.106],[143.231,53.106],[143.231,53.107],[143.23,53.107],[143.23,53.108],[143.23,53.108],[143.23,53.109],[143.231,53.109],[143.231,53.11],[143.231,53.11],[143.232,53.111],[143.232,53.111],[143.233,53.112],[143.233,53.112],[143.234,53.113],[143.234,53.113],[143.234,53.113],[143.235,53.114],[143.236,53.114],[143.236,53.115],[143.236,53.115],[143.237,53.116],[143.237,53.116],[143.238,53.116],[143.239,53.116],[143.24,53.116],[143.241,53.116],[143.241,53.115],[143.241,53.115],[143.241,53.115],[143.24,53.114],[143.24,53.114],[143.239,53.114],[143.239,53.114],[143.238,53.113],[143.238,53.113],[143.238,53.113],[143.238,53.112],[143.237,53.112],[143.237,53.112],[143.237,53.111],[143.236,53.111],[143.236,53.111],[143.235,53.11],[143.234,53.11],[143.234,53.109],[143.234,53.109],[143.233,53.108],[143.233,53.108],[143.233,53.107],[143.233,53.107],[143.234,53.107],[143.234,53.106],[143.233,53.106]]],[[[141.817,53.425],[141.833,53.413],[141.692,53.391],[141.817,53.425]]],[[[142.421,53.598],[142.474,53.576],[142.306,53.552],[142.294,53.52],[142.301,53.565],[142.421,53.598]]],[[[143.002,53.653],[143.002,53.652],[143.001,53.652],[143.001,53.653],[143,53.653],[142.999,53.653],[142.999,53.654],[143,53.654],[143.001,53.654],[143.001,53.654],[143.002,53.653]]],[[[142.708,54.425],[142.799,54.293],[142.988,54.115],[142.981,54.037],[142.882,53.948],[142.893,53.872],[142.854,53.908],[142.852,53.882],[142.808,53.882],[142.894,53.869],[142.913,53.808],[142.858,53.804],[142.874,53.769],[142.928,53.765],[142.914,53.806],[142.982,53.687],[142.943,53.688],[142.95,53.646],[142.993,53.663],[142.982,53.684],[143.013,53.636],[142.939,53.619],[143.021,53.605],[143.014,53.634],[143.06,53.563],[143.024,53.589],[142.963,53.559],[143.001,53.532],[143.063,53.558],[143.147,53.426],[143.081,53.391],[143.151,53.389],[143.121,53.403],[143.149,53.423],[143.213,53.304],[143.324,52.844],[143.245,53.106],[143.256,53.145],[143.136,53.21],[143.129,53.278],[143.169,53.287],[143.188,53.336],[143.156,53.366],[143.102,53.354],[143.071,53.284],[143.031,53.262],[143.065,53.247],[143.061,53.213],[143.084,53.228],[143.082,53.12],[143.126,53.065],[143.099,53.037],[143.168,52.996],[143.187,52.956],[143.161,52.939],[143.227,52.902],[143.211,52.883],[143.233,52.848],[143.265,52.861],[143.286,52.907],[143.267,52.934],[143.293,52.951],[143.313,52.713],[143.314,52.829],[143.336,52.833],[143.283,52.451],[143.183,52.331],[143.202,52.403],[143.274,52.451],[143.272,52.479],[143.229,52.48],[143.301,52.586],[143.267,52.59],[143.287,52.643],[143.266,52.601],[143.227,52.596],[143.257,52.586],[143.211,52.55],[143.232,52.533],[143.193,52.529],[143.24,52.524],[143.235,52.505],[143.158,52.469],[143.191,52.449],[143.149,52.426],[143.169,52.424],[143.108,52.346],[143.117,52.284],[143.152,52.283],[143.17,52.36],[143.183,52.314],[143.143,52.223],[143.145,52.089],[143.125,52.157],[143.145,52.26],[143.121,52.16],[143.076,52.171],[143.099,52.131],[143.075,52.109],[143.12,52.063],[143.088,52.048],[143.151,51.977],[143.108,51.982],[143.131,51.955],[143.105,51.929],[143.154,51.91],[143.149,51.871],[143.212,51.849],[143.23,51.869],[143.187,51.962],[143.329,51.693],[143.287,51.718],[143.256,51.688],[143.243,51.615],[143.214,51.614],[143.243,51.577],[143.204,51.508],[143.342,51.504],[143.335,51.612],[143.357,51.633],[143.437,51.441],[143.411,51.554],[143.482,51.32],[143.441,51.371],[143.373,51.333],[143.424,51.326],[143.408,51.296],[143.471,51.291],[143.489,51.262],[143.471,51.249],[143.501,51.238],[143.465,51.214],[143.523,51.225],[143.477,51.286],[143.523,51.234],[143.67,50.804],[143.699,50.578],[143.759,50.381],[143.832,50.237],[143.998,50.018],[143.998,49.953],[144.127,49.743],[144.133,49.617],[144.238,49.507],[144.219,49.428],[144.262,49.32],[144.241,49.336],[144.223,49.307],[144.266,49.313],[144.28,49.245],[144.396,49.059],[144.363,49.054],[144.383,49.025],[144.389,49.043],[144.692,48.861],[144.673,48.824],[144.705,48.777],[144.673,48.725],[144.749,48.645],[144.672,48.642],[144.654,48.775],[144.565,48.89],[144.445,48.99],[144.338,49.033],[144.328,49.079],[144.277,49.084],[144.122,49.226],[143.681,49.311],[143.754,49.314],[143.711,49.335],[143.496,49.341],[143.405,49.406],[143.32,49.405],[143.319,49.428],[143.238,49.367],[143.342,49.336],[143.296,49.318],[143.443,49.319],[143.2,49.259],[143.213,49.28],[143.123,49.227],[143.155,49.259],[143.129,49.286],[143.147,49.257],[143.121,49.225],[142.966,49.108],[142.944,49.029],[142.98,48.972],[142.98,48.898],[142.814,48.68],[142.578,48.168],[142.51,47.898],[142.524,47.785],[142.581,47.642],[142.671,47.518],[142.733,47.457],[142.937,47.357],[143.019,47.251],[143.043,47.147],[143.019,47.076],[143.102,46.938],[143.093,46.912],[143.134,46.88],[143.09,46.874],[143.131,46.857],[143.155,46.877],[143.162,46.856],[143.158,46.838],[143.089,46.861],[143.067,46.816],[143.131,46.795],[143.153,46.719],[143.281,46.714],[143.337,46.683],[143.384,46.715],[143.344,46.756],[143.162,46.798],[143.162,46.859],[143.332,46.793],[143.425,46.804],[143.431,46.849],[143.477,46.826],[143.509,46.598],[143.57,46.434],[143.533,46.391],[143.57,46.39],[143.567,46.413],[143.617,46.372],[143.564,46.346],[143.569,46.297],[143.521,46.284],[143.506,46.222],[143.462,46.186],[143.467,46.101],[143.414,46.02],[143.397,46.099],[143.421,46.217],[143.333,46.4],[143.339,46.467],[143.303,46.504],[143.361,46.502],[143.364,46.557],[143.262,46.567],[143.302,46.51],[143.142,46.608],[143.056,46.596],[142.893,46.633],[142.775,46.606],[142.732,46.74],[142.669,46.763],[142.684,46.73],[142.545,46.708],[142.42,46.609],[142.251,46.279],[142.247,46.194],[142.181,46.028],[142.095,45.981],[142.079,45.894],[141.916,46.046],[141.932,46.101],[141.81,46.6],[141.851,46.628],[141.856,46.691],[141.989,46.899],[142.062,47.106],[142.043,47.212],[141.964,47.299],[141.999,47.37],[141.964,47.447],[141.961,47.619],[142.064,47.771],[142.088,47.863],[142.204,47.983],[142.143,48.326],[142.071,48.446],[142.088,48.411],[141.89,48.644],[141.847,48.769],[141.98,48.878],[141.958,48.923],[142.005,48.946],[142.031,49.148],[142.086,49.135],[142.054,49.16],[142.094,49.223],[142.069,49.34],[142.144,49.516],[142.167,49.806],[142.132,49.95],[142.175,50.05],[142.158,50.259],[142.128,50.294],[142.157,50.318],[142.153,50.369],[142.044,50.552],[142.094,50.723],[142.086,50.821],[142.116,50.893],[142.233,51],[142.256,51.114],[142.171,51.255],[142.172,51.32],[142.083,51.396],[142.084,51.466],[141.919,51.573],[141.954,51.603],[141.934,51.634],[141.889,51.602],[141.809,51.678],[141.671,51.746],[141.756,51.712],[141.851,51.718],[141.813,51.725],[141.828,51.783],[141.761,51.842],[141.626,51.886],[141.686,51.949],[141.634,52.101],[141.695,52.158],[141.644,52.223],[141.669,52.269],[141.629,52.322],[141.653,52.392],[141.764,52.458],[141.833,52.564],[141.804,52.591],[141.845,52.702],[141.819,52.719],[141.921,53.033],[141.921,53.066],[141.829,53.161],[141.789,53.263],[141.801,53.33],[141.765,53.378],[141.89,53.441],[142.248,53.539],[142.271,53.532],[142.215,53.525],[142.245,53.5],[142.224,53.48],[142.24,53.386],[142.272,53.364],[142.442,53.38],[142.587,53.522],[142.672,53.508],[142.658,53.554],[142.635,53.543],[142.564,53.6],[142.515,53.546],[142.478,53.661],[142.639,53.689],[142.674,53.614],[142.732,53.635],[142.79,53.707],[142.757,53.814],[142.698,53.848],[142.671,53.725],[142.59,53.691],[142.689,53.854],[142.696,53.943],[142.443,54.126],[142.374,54.237],[142.259,54.301],[142.446,54.274],[142.602,54.324],[142.576,54.313],[142.591,54.292],[142.478,54.287],[142.515,54.281],[142.505,54.255],[142.535,54.231],[142.572,54.25],[142.546,54.288],[142.572,54.285],[142.603,54.235],[142.591,54.256],[142.641,54.303],[142.604,54.321],[142.675,54.366],[142.662,54.41],[142.708,54.425]]]]}},{"type":"Feature","properties":{"id":"63","name":"Samara"},"geometry":{"type":"Polygon","coordinates":[[[51.413,54.674],[51.358,54.628],[51.375,54.593],[51.418,54.581],[51.531,54.661],[51.598,54.599],[51.959,54.502],[51.954,54.438],[52.057,54.394],[52.075,54.342],[52.313,54.453],[52.401,54.425],[52.515,54.452],[52.514,54.419],[52.559,54.387],[52.402,54.333],[52.373,54.194],[52.323,54.184],[52.333,54.137],[52.451,54.066],[52.446,54.013],[52.386,53.879],[52.25,53.754],[52.212,53.612],[52.133,53.567],[52.099,53.512],[52.163,53.422],[52.303,53.395],[52.157,53.358],[52.172,53.313],[52.087,53.189],[52.151,53.137],[52.103,53.092],[52.088,53.013],[51.949,52.983],[51.741,52.864],[51.728,52.828],[51.757,52.796],[51.685,52.68],[51.616,52.696],[51.544,52.653],[51.48,52.565],[51.571,52.483],[51.57,52.445],[51.387,52.315],[51.451,52.131],[51.321,52.019],[50.863,51.795],[50.765,51.859],[50.722,51.949],[50.655,51.985],[50.375,52.044],[50.304,52.028],[50.193,52.104],[50.22,52.129],[50.084,52.146],[50.016,52.187],[49.863,52.189],[49.685,52.266],[49.671,52.368],[49.611,52.408],[49.561,52.404],[49.541,52.353],[49.47,52.362],[49.382,52.416],[49.421,52.444],[49.401,52.462],[49.299,52.498],[48.963,52.48],[48.771,52.574],[48.69,52.647],[48.623,52.643],[48.566,52.686],[48.47,52.7],[48.328,52.633],[48.299,52.651],[48.314,52.7],[48.401,52.776],[48.385,52.807],[48.462,52.826],[48.556,52.94],[48.47,53.001],[48.33,53.011],[48.349,53.046],[48.298,53.062],[48.204,53.033],[48.179,53.059],[48.217,53.146],[48.147,53.226],[48.17,53.27],[48.094,53.291],[47.986,53.39],[48.052,53.433],[48.053,53.474],[48.192,53.513],[48.38,53.475],[48.417,53.536],[48.394,53.603],[48.326,53.635],[48.336,53.666],[48.397,53.69],[48.586,53.662],[48.626,53.679],[48.61,53.705],[48.494,53.725],[48.46,53.746],[48.474,53.764],[48.544,53.783],[48.872,53.713],[49.027,53.858],[49.223,53.843],[49.173,53.889],[49.263,53.87],[49.438,53.892],[49.585,53.829],[49.799,53.901],[49.969,53.86],[50.014,53.89],[49.929,53.951],[50.174,54.073],[50.201,54.121],[50.189,54.183],[50.266,54.252],[50.211,54.321],[50.241,54.361],[50.223,54.4],[50.08,54.534],[50.227,54.503],[50.313,54.43],[50.353,54.432],[50.393,54.476],[50.44,54.462],[50.512,54.392],[50.489,54.347],[50.541,54.335],[50.576,54.333],[50.608,54.384],[50.716,54.449],[50.761,54.452],[50.956,54.349],[51.016,54.442],[50.986,54.489],[51.005,54.537],[51.171,54.625],[51.168,54.667],[51.297,54.635],[51.413,54.674]]]}},{"type":"Feature","properties":{"id":"64","name":"Saratov"},"geometry":{"type":"Polygon","coordinates":[[[48.402,52.796],[48.3,52.677],[48.328,52.633],[48.47,52.7],[48.566,52.686],[48.623,52.643],[48.69,52.647],[48.771,52.574],[48.963,52.48],[49.299,52.498],[49.401,52.462],[49.421,52.444],[49.382,52.416],[49.47,52.362],[49.541,52.353],[49.561,52.404],[49.611,52.408],[49.671,52.368],[49.685,52.266],[49.863,52.189],[50.016,52.187],[50.084,52.146],[50.22,52.129],[50.193,52.104],[50.304,52.028],[50.375,52.044],[50.655,51.985],[50.722,51.949],[50.765,51.859],[50.863,51.795],[50.837,51.747],[50.735,51.751],[50.738,51.687],[50.793,51.661],[50.755,51.578],[50.666,51.571],[50.717,51.628],[50.623,51.642],[50.568,51.642],[50.547,51.602],[50.514,51.601],[50.491,51.532],[50.512,51.475],[50.464,51.475],[50.461,51.439],[50.35,51.433],[50.372,51.409],[50.334,51.384],[50.368,51.34],[49.952,51.241],[49.736,51.115],[49.42,51.13],[49.371,51.097],[49.379,51.056],[49.323,50.998],[49.412,50.896],[49.411,50.858],[49.093,50.783],[48.825,50.6],[48.633,50.663],[48.558,50.648],[48.65,50.573],[48.636,50.542],[48.7,50.29],[48.779,50.181],[48.755,50.111],[48.852,50.086],[48.878,50.023],[48.735,49.927],[48.433,49.838],[48.425,49.807],[48.312,49.869],[48.218,49.873],[48.085,50.102],[47.991,50.148],[47.817,50.331],[47.589,50.453],[47.509,50.456],[47.434,50.397],[47.293,50.388],[47.225,50.446],[47.22,50.482],[47.08,50.461],[46.934,50.544],[46.914,50.605],[46.858,50.641],[46.674,50.692],[46.621,50.674],[46.595,50.594],[46.494,50.54],[46.355,50.567],[46.169,50.511],[46.128,50.542],[46.141,50.651],[45.893,50.765],[45.811,50.77],[45.719,50.726],[45.712,50.695],[45.792,50.61],[45.756,50.576],[45.451,50.593],[45.294,50.554],[45.248,50.592],[45.228,50.685],[45.336,50.745],[45.36,50.891],[45.269,50.947],[45.238,51.032],[45.109,51.12],[44.991,51.126],[44.895,51.184],[44.716,51.186],[44.645,51.144],[44.557,51.201],[44.444,51.199],[44.311,51.184],[44.196,51.107],[44.08,51.086],[44.051,51.109],[44.084,51.168],[44.051,51.183],[43.912,51.126],[43.823,51.139],[43.543,51.026],[43.454,51.023],[42.952,51.253],[42.927,51.304],[42.938,51.391],[42.89,51.446],[42.844,51.482],[42.65,51.519],[42.545,51.629],[42.564,51.686],[42.734,51.843],[42.736,51.91],[42.856,52.062],[42.852,52.122],[42.979,52.254],[43.013,52.349],[43.159,52.4],[43.217,52.45],[43.284,52.452],[43.467,52.355],[43.559,52.402],[43.815,52.445],[43.966,52.375],[44.171,52.357],[44.308,52.294],[44.543,52.406],[44.588,52.51],[44.63,52.511],[44.728,52.469],[44.891,52.464],[45.075,52.337],[45.144,52.407],[45.21,52.423],[45.531,52.415],[45.679,52.519],[46.02,52.406],[46.053,52.437],[46.002,52.524],[46.123,52.558],[46.193,52.617],[46.307,52.615],[46.395,52.695],[46.504,52.685],[46.588,52.727],[46.647,52.732],[46.689,52.665],[46.865,52.614],[46.971,52.652],[47.05,52.629],[47.079,52.58],[47.193,52.608],[47.243,52.576],[47.427,52.56],[47.597,52.631],[47.776,52.58],[47.827,52.605],[47.775,52.686],[47.848,52.754],[47.944,52.71],[48.024,52.722],[48.086,52.798],[48.178,52.786],[48.294,52.834],[48.402,52.796]]]}},{"type":"Feature","properties":{"id":"65","name":"Sevastopol’"},"geometry":{"type":"Polygon","coordinates":[[[33.663,44.753],[33.613,44.742],[33.619,44.701],[33.774,44.68],[33.744,44.59],[33.669,44.586],[33.679,44.545],[33.798,44.492],[33.87,44.53],[33.927,44.429],[33.737,44.383],[33.642,44.426],[33.607,44.488],[33.474,44.495],[33.364,44.587],[33.421,44.569],[33.423,44.61],[33.531,44.619],[33.499,44.638],[33.534,44.655],[33.527,44.792],[33.555,44.844],[33.681,44.77],[33.663,44.753]]]}},{"type":"Feature","properties":{"id":"66","name":"Smolensk"},"geometry":{"type":"Polygon","coordinates":[[[34.017,56.04],[34.069,56.009],[34.284,56.03],[34.328,56.012],[34.368,55.928],[34.435,55.985],[34.569,55.918],[34.741,55.883],[34.818,55.944],[35.157,55.93],[35.298,55.764],[35.346,55.758],[35.36,55.707],[35.323,55.701],[35.356,55.661],[35.34,55.631],[35.406,55.589],[35.412,55.556],[35.318,55.538],[35.35,55.491],[35.315,55.434],[35.341,55.394],[35.286,55.287],[35.377,55.229],[35.381,55.161],[35.29,55.07],[35.256,55.071],[35.176,54.979],[35.188,54.962],[35.165,54.951],[35.121,54.998],[34.956,54.922],[34.935,54.874],[34.889,54.861],[34.901,54.813],[34.979,54.772],[34.952,54.75],[34.675,54.659],[34.461,54.691],[34.559,54.612],[34.514,54.577],[34.527,54.538],[34.492,54.496],[34.331,54.509],[34.265,54.484],[34.216,54.509],[34.22,54.533],[34.142,54.523],[34.017,54.558],[33.902,54.529],[33.874,54.556],[33.763,54.494],[33.702,54.5],[33.659,54.444],[33.712,54.423],[33.659,54.35],[33.749,54.31],[33.654,54.229],[33.691,54.189],[33.619,54.169],[33.585,54.073],[33.484,54.064],[33.544,54.008],[33.457,53.983],[33.484,53.956],[33.437,53.927],[33.358,53.969],[33.284,53.871],[33.357,53.816],[33.31,53.784],[33.253,53.806],[33.233,53.715],[33.172,53.724],[33.105,53.683],[33.099,53.647],[32.947,53.572],[32.968,53.534],[32.919,53.495],[32.915,53.423],[32.858,53.445],[32.761,53.412],[32.768,53.464],[32.668,53.462],[32.643,53.498],[32.618,53.468],[32.598,53.508],[32.463,53.574],[32.441,53.598],[32.46,53.639],[32.416,53.65],[32.509,53.696],[32.465,53.738],[32.371,53.726],[32.342,53.754],[32.265,53.758],[32.295,53.773],[32.223,53.764],[32.215,53.79],[32.114,53.81],[31.933,53.78],[31.766,53.797],[31.755,53.829],[31.853,53.899],[31.832,53.938],[31.875,53.953],[31.837,53.999],[31.883,54.014],[31.884,54.05],[31.78,54.064],[31.784,54.107],[31.693,54.104],[31.664,54.141],[31.517,54.166],[31.408,54.227],[31.433,54.237],[31.397,54.259],[31.33,54.261],[31.329,54.325],[31.301,54.333],[31.326,54.357],[31.242,54.464],[31.085,54.511],[31.21,54.656],[30.997,54.676],[31.004,54.716],[30.76,54.803],[30.83,54.887],[30.838,54.95],[30.944,54.96],[30.961,54.999],[30.931,55.028],[31.021,55.037],[30.994,55.088],[31.023,55.133],[30.903,55.264],[30.833,55.294],[30.828,55.333],[30.939,55.405],[30.906,55.48],[30.959,55.502],[30.915,55.537],[30.958,55.566],[30.947,55.62],[30.916,55.632],[31.07,55.732],[31.232,55.718],[31.457,55.751],[31.583,55.716],[31.72,55.72],[31.908,55.644],[31.918,55.705],[32.096,55.723],[32.127,55.713],[32.123,55.667],[32.224,55.664],[32.132,55.637],[32.196,55.611],[32.29,55.649],[32.394,55.63],[32.444,55.659],[32.493,55.658],[32.552,55.609],[32.59,55.676],[32.663,55.655],[32.607,55.618],[32.605,55.594],[32.651,55.586],[32.677,55.628],[33.012,55.587],[33.068,55.642],[33.126,55.606],[33.18,55.643],[33.231,55.6],[33.299,55.678],[33.403,55.708],[33.53,55.702],[33.622,55.739],[33.614,55.794],[33.727,55.804],[33.725,55.834],[33.757,55.846],[33.714,55.894],[33.753,55.937],[33.774,55.909],[33.858,55.906],[33.861,55.869],[33.898,55.874],[33.898,55.922],[33.941,55.951],[33.864,55.981],[33.933,56.033],[34.017,56.04]]]}},{"type":"Feature","properties":{"id":"67","name":"Stavropol’"},"geometry":{"type":"Polygon","coordinates":[[[43.494,45.979],[43.73,45.962],[44.047,45.877],[44.115,45.824],[44.215,45.66],[44.432,45.498],[44.872,45.413],[44.95,45.353],[45.459,45.187],[45.575,45.128],[45.709,44.99],[45.59,44.883],[45.645,44.775],[45.598,44.701],[45.504,44.598],[45.309,44.525],[45.331,44.463],[45.297,44.431],[45.472,44.404],[45.503,44.343],[45.483,44.303],[45.441,44.255],[45.227,44.208],[45.199,44.168],[45.358,44.114],[45.488,44.153],[45.565,44.132],[45.569,43.975],[45.507,43.921],[45.521,43.848],[45.447,43.811],[45.328,43.808],[45.281,43.826],[45.282,43.889],[45.158,43.883],[45.154,43.754],[45.12,43.684],[44.988,43.626],[44.849,43.744],[44.712,43.76],[44.444,43.714],[44.427,43.802],[44.526,43.896],[44.521,43.949],[44.395,43.836],[44.073,43.924],[43.969,43.868],[43.884,43.74],[43.673,43.785],[43.476,43.742],[43.434,43.784],[43.419,43.853],[43.374,43.88],[43.298,43.832],[43.066,43.806],[42.88,43.75],[42.825,43.775],[42.809,43.877],[42.733,43.97],[42.66,43.983],[42.673,43.929],[42.623,43.91],[42.457,43.979],[42.457,44.047],[42.498,44.084],[42.829,44.216],[42.724,44.331],[42.681,44.324],[42.696,44.277],[42.672,44.263],[42.572,44.268],[42.567,44.218],[42.506,44.239],[42.457,44.301],[42.132,44.345],[42.056,44.4],[42.031,44.466],[41.922,44.474],[41.87,44.441],[41.731,44.491],[41.585,44.585],[41.51,44.678],[41.619,44.708],[41.748,44.821],[41.736,44.92],[41.542,44.995],[41.418,45.116],[41.42,45.204],[41.363,45.227],[41.217,45.208],[41.077,45.233],[41.038,45.416],[40.971,45.456],[40.943,45.519],[40.845,45.564],[40.84,45.644],[40.876,45.688],[41.032,45.71],[41.138,45.676],[41.193,45.709],[41.206,45.766],[41.283,45.766],[41.302,45.797],[41.256,45.862],[41.161,45.913],[41.183,45.985],[41.402,45.952],[41.467,46.018],[41.895,46.007],[42.146,45.935],[42.185,45.947],[42.165,46.022],[42.226,46.062],[42.186,46.097],[42.198,46.134],[42.348,46.118],[42.312,45.99],[42.328,45.972],[42.482,45.982],[42.564,45.994],[42.694,46.074],[42.813,46.092],[42.86,46.173],[42.945,46.226],[43.043,46.158],[43.366,46.067],[43.494,45.979]]]}},{"type":"Feature","properties":{"id":"68","name":"Sverdlovsk"},"geometry":{"type":"Polygon","coordinates":[[[59.987,61.758],[60.069,61.714],[60.425,61.749],[61.178,61.685],[62.719,61.203],[62.896,61.073],[62.916,61.016],[62.834,60.887],[62.94,60.707],[63.291,60.397],[63.327,60.32],[63.26,60.241],[63.705,60.15],[63.773,60.086],[63.853,59.854],[63.832,59.743],[63.878,59.54],[64.089,59.423],[64.473,59.406],[64.735,59.349],[65.104,59.344],[65.147,59.253],[65.249,59.257],[65.54,58.808],[65.729,58.697],[65.939,58.658],[65.979,58.62],[65.976,58.492],[66.017,58.438],[66.038,58.271],[66.203,58.063],[65.886,57.968],[65.577,57.803],[65.482,57.804],[65.412,57.842],[64.892,57.687],[65.011,57.61],[64.876,57.487],[65.093,56.971],[65.122,56.943],[65.255,56.954],[65.278,56.932],[65.209,56.82],[65.047,56.791],[64.968,56.797],[64.847,56.863],[64.585,56.866],[64.446,56.786],[64.377,56.794],[64.312,56.753],[64.345,56.684],[64.198,56.613],[64.231,56.544],[64.16,56.51],[63.787,56.525],[63.496,56.65],[63.387,56.623],[63.336,56.577],[63.3,56.603],[63.124,56.597],[62.946,56.648],[62.747,56.583],[62.65,56.517],[62.559,56.601],[62.511,56.602],[62.399,56.556],[62.161,56.346],[62.042,56.301],[62.031,56.179],[61.885,56.214],[61.83,56.285],[61.721,56.307],[61.709,56.345],[61.537,56.341],[61.439,56.4],[61.325,56.378],[61.205,56.409],[61.071,56.349],[61.14,56.254],[60.778,56.234],[60.694,56.259],[60.577,56.239],[60.411,56.295],[60.126,56.253],[59.964,56.284],[59.722,56.252],[59.627,56.338],[59.383,56.351],[59.27,56.387],[59.159,56.354],[59.18,56.259],[59.108,56.227],[59.051,56.236],[59.031,56.155],[58.925,56.081],[58.817,56.092],[58.561,56.185],[58.368,56.111],[58.134,56.147],[58.013,56.104],[57.95,56.11],[57.803,56.171],[57.711,56.174],[57.56,56.136],[57.498,56.173],[57.537,56.223],[57.437,56.289],[57.389,56.4],[57.382,56.591],[57.441,56.676],[57.26,56.839],[57.286,56.925],[57.362,56.959],[57.594,56.909],[57.692,56.934],[57.953,57.097],[58.055,57.057],[58.093,57.072],[58.054,57.114],[58.09,57.137],[57.998,57.207],[57.997,57.264],[58.044,57.304],[57.909,57.363],[57.897,57.402],[58,57.526],[57.972,57.59],[58.066,57.657],[58.068,57.706],[58.158,57.758],[58.299,57.727],[58.472,57.735],[58.507,57.638],[58.54,57.619],[58.684,57.712],[58.876,57.788],[58.899,57.827],[58.885,57.883],[58.848,57.918],[58.688,57.938],[58.61,57.997],[58.599,58.094],[58.756,58.191],[58.811,58.264],[58.998,58.345],[59.133,58.332],[59.19,58.353],[59.239,58.432],[59.428,58.499],[59.476,58.546],[59.414,58.677],[59.456,58.736],[59.28,58.74],[59.21,58.767],[59.175,58.825],[59.108,58.837],[59.11,58.925],[59.212,58.983],[59.135,59.079],[59.157,59.171],[58.988,59.283],[58.74,59.324],[58.601,59.443],[58.489,59.492],[58.631,59.736],[58.776,59.853],[59.07,59.985],[59.227,60.254],[59.246,60.304],[59.215,60.351],[59.406,60.572],[59.433,60.673],[59.501,60.766],[59.503,60.924],[59.376,61.044],[59.319,61.192],[59.307,61.346],[59.418,61.447],[59.497,61.578],[59.395,61.698],[59.357,61.813],[59.368,61.856],[59.412,61.922],[59.522,61.974],[59.951,61.886],[59.99,61.858],[59.987,61.758]]]}},{"type":"Feature","properties":{"id":"69","name":"Tambov"},"geometry":{"type":"Polygon","coordinates":[[[41.624,53.755],[41.93,53.787],[42.15,53.762],[42.122,53.692],[42.14,53.626],[42.108,53.553],[42.121,53.507],[42.309,53.435],[42.286,53.34],[42.442,53.312],[42.599,53.182],[42.591,53.112],[42.982,52.903],[43.29,52.652],[43.25,52.577],[43.119,52.498],[43.139,52.469],[43.115,52.395],[43.013,52.349],[42.979,52.254],[42.852,52.122],[42.856,52.062],[42.736,51.91],[42.734,51.843],[42.564,51.686],[42.545,51.629],[42.58,51.574],[42.485,51.603],[42.404,51.571],[42.347,51.608],[42.36,51.66],[42.325,51.669],[42.229,51.674],[42.199,51.606],[42.125,51.637],[42.006,51.637],[41.911,51.706],[41.816,51.686],[41.672,51.743],[41.413,51.77],[41.328,51.708],[41.032,51.703],[41.008,51.722],[41.034,51.825],[40.999,51.867],[40.607,51.936],[40.699,52.134],[40.799,52.164],[40.804,52.22],[40.6,52.327],[40.381,52.374],[40.368,52.396],[40.399,52.444],[40.158,52.515],[40.038,52.638],[40.011,52.746],[40.057,52.78],[40.146,52.773],[40.182,52.801],[40.115,52.891],[40.212,52.965],[40.149,52.988],[40.174,53.032],[40.142,53.071],[40.127,53.192],[40.196,53.317],[40.296,53.306],[40.33,53.382],[40.385,53.346],[40.517,53.391],[40.519,53.435],[40.484,53.458],[40.55,53.484],[40.579,53.438],[40.628,53.425],[40.623,53.477],[40.7,53.486],[40.726,53.54],[40.806,53.538],[40.861,53.465],[40.894,53.456],[40.954,53.497],[41.101,53.459],[41.144,53.401],[41.207,53.396],[41.237,53.469],[41.34,53.47],[41.317,53.511],[41.383,53.52],[41.431,53.737],[41.569,53.74],[41.604,53.791],[41.624,53.755]]]}},{"type":"Feature","properties":{"id":"70","name":"Tatarstan"},"geometry":{"type":"Polygon","coordinates":[[[50.424,56.671],[50.579,56.543],[50.562,56.5],[50.655,56.398],[50.821,56.371],[50.792,56.436],[50.864,56.458],[50.927,56.42],[50.963,56.357],[50.925,56.266],[51.112,56.14],[51.21,56.149],[51.324,56.099],[51.394,56.101],[51.427,56.146],[51.641,56.18],[51.69,56.165],[51.537,56.097],[51.438,56.011],[51.43,55.983],[51.477,55.952],[51.67,55.982],[51.86,55.952],[51.974,55.972],[52.043,55.966],[52.157,55.896],[52.258,55.924],[52.225,56.037],[52.235,56.075],[52.295,56.103],[52.366,56.112],[52.484,56.034],[52.621,56.083],[52.699,56.019],[52.772,56.052],[52.705,56.148],[52.736,56.167],[52.85,56.135],[52.876,56.175],[52.797,56.228],[52.571,56.293],[52.739,56.379],[52.881,56.398],[52.954,56.468],[52.919,56.509],[53.065,56.571],[53.11,56.535],[53,56.422],[53.026,56.386],[53.029,56.241],[53.232,56.148],[53.323,56.138],[53.377,56.176],[53.306,56.276],[53.34,56.305],[53.569,56.257],[53.585,56.17],[53.562,56.146],[53.427,56.095],[53.423,56.028],[53.279,55.972],[53.259,55.94],[53.319,55.892],[53.385,55.875],[53.798,55.98],[53.946,55.941],[54.018,55.85],[54.092,55.823],[54.07,55.805],[54.195,55.768],[54.2,55.688],[54.01,55.59],[54.019,55.525],[53.957,55.488],[53.903,55.392],[53.682,55.322],[53.533,55.213],[53.426,55.215],[53.185,55.16],[53.144,55.108],[53.265,55.086],[53.415,55.014],[53.513,54.927],[53.642,54.931],[53.684,54.895],[53.599,54.805],[53.632,54.705],[53.467,54.546],[53.427,54.454],[53.372,54.268],[53.426,54.097],[53.382,54.046],[53.238,54.136],[53.047,54.085],[53.064,54.152],[52.958,54.188],[52.974,54.228],[53.14,54.258],[53.153,54.283],[53.088,54.335],[52.996,54.292],[52.797,54.354],[52.608,54.352],[52.514,54.419],[52.515,54.452],[52.473,54.46],[52.401,54.425],[52.276,54.444],[52.075,54.342],[52.057,54.394],[51.954,54.438],[51.959,54.502],[51.598,54.599],[51.531,54.661],[51.418,54.581],[51.375,54.593],[51.358,54.628],[51.413,54.674],[51.392,54.683],[51.297,54.635],[51.168,54.667],[51.171,54.625],[51.005,54.537],[50.986,54.489],[51.016,54.442],[50.956,54.349],[50.761,54.452],[50.716,54.449],[50.608,54.384],[50.576,54.333],[50.541,54.335],[50.489,54.347],[50.512,54.392],[50.393,54.476],[50.353,54.432],[50.313,54.43],[50.184,54.515],[50.041,54.543],[49.876,54.53],[49.771,54.598],[49.58,54.596],[49.601,54.636],[49.432,54.824],[49.272,54.903],[49.216,54.869],[49.195,54.892],[49.158,54.878],[49.115,54.835],[49.008,54.828],[49.131,54.794],[48.999,54.789],[48.825,54.647],[48.511,54.625],[48.42,54.681],[48.283,54.702],[48.302,54.748],[48.28,54.761],[48.191,54.747],[48.111,54.779],[48.047,54.719],[47.945,54.728],[47.911,54.628],[47.849,54.65],[47.838,54.735],[47.776,54.761],[47.704,54.747],[47.717,54.703],[47.581,54.612],[47.602,54.552],[47.443,54.575],[47.402,54.526],[47.359,54.62],[47.395,54.645],[47.28,54.723],[47.454,54.765],[47.379,54.83],[47.447,54.863],[47.434,54.897],[47.572,54.836],[47.733,54.824],[47.751,54.844],[47.716,54.881],[47.855,54.876],[47.805,54.98],[48.119,55.011],[48.12,55.042],[47.989,55.01],[47.931,55.055],[47.951,55.112],[48.083,55.153],[47.96,55.294],[47.974,55.312],[47.897,55.326],[47.905,55.269],[47.846,55.273],[47.772,55.222],[47.711,55.235],[47.745,55.347],[47.854,55.365],[48.02,55.505],[48.171,55.574],[48.061,55.606],[48.036,55.64],[48.055,55.659],[48.222,55.695],[48.296,55.762],[48.439,55.778],[48.418,55.9],[48.601,55.971],[48.664,56.035],[48.651,56.074],[48.69,56.099],[48.814,56.078],[48.893,56.165],[48.993,56.164],[49.073,56.227],[49.084,56.257],[48.93,56.259],[48.904,56.301],[48.948,56.354],[49.121,56.422],[49.375,56.389],[49.442,56.465],[49.556,56.456],[49.614,56.526],[49.761,56.556],[49.841,56.531],[49.793,56.49],[49.836,56.455],[49.96,56.502],[50.021,56.467],[50.067,56.485],[50.092,56.536],[50.207,56.56],[50.213,56.583],[50.175,56.618],[50.091,56.624],[50.073,56.669],[50.161,56.649],[50.221,56.68],[50.298,56.658],[50.355,56.708],[50.424,56.671]]]}},{"type":"Feature","properties":{"id":"71","name":"Tomsk"},"geometry":{"type":"Polygon","coordinates":[[[83.946,60.835],[84.253,60.844],[84.28,60.788],[84.398,60.746],[84.826,60.335],[84.747,60.242],[84.655,60.201],[84.656,60.056],[84.577,59.982],[84.644,59.873],[85.543,59.885],[85.872,59.93],[86.329,59.946],[86.964,59.884],[87.078,59.86],[87.125,59.814],[87.145,59.671],[87.482,59.665],[87.693,59.387],[87.866,59.243],[88.549,59.287],[88.591,59.18],[88.782,59.075],[88.801,59.014],[88.521,58.938],[88.305,58.766],[87.919,58.532],[87.903,58.502],[87.954,58.271],[88.062,58.178],[88.075,58.109],[88.632,58.047],[88.738,57.977],[88.877,57.935],[89.161,57.942],[89.313,57.901],[89.379,57.831],[89.354,57.733],[89.38,57.632],[89.304,57.595],[89.049,57.556],[89.091,57.474],[88.88,57.419],[88.693,57.188],[88.535,57.105],[88.515,57.064],[88.682,57.074],[88.728,57.019],[88.544,56.784],[88.411,56.807],[87.852,56.583],[87.626,56.529],[87.609,56.624],[87.578,56.645],[87.356,56.574],[87.366,56.641],[87.176,56.641],[87.144,56.564],[86.812,56.531],[86.782,56.55],[86.813,56.613],[86.609,56.614],[86.428,56.55],[86.233,56.633],[86.193,56.616],[86.158,56.509],[86.08,56.504],[85.998,56.451],[85.805,56.395],[85.755,56.32],[85.542,56.282],[85.534,56.26],[85.574,56.229],[85.63,56.217],[85.259,56.2],[84.957,56.127],[84.742,56.122],[84.36,55.971],[84.276,55.965],[84.144,56.023],[83.969,55.99],[83.798,55.872],[83.779,55.825],[83.646,55.739],[83.604,55.672],[83.408,55.666],[83.384,55.688],[83.279,55.674],[83.209,55.728],[83.276,55.743],[83.354,55.842],[83.262,55.996],[83.272,56.077],[83.169,56.113],[83.183,56.19],[83.077,56.24],[83.139,56.276],[83.134,56.317],[83.234,56.42],[83.11,56.524],[82.837,56.484],[82.84,56.431],[82.78,56.391],[82.384,56.369],[81.617,56.248],[81.544,56.26],[81.206,56.511],[81.145,56.524],[80.265,56.419],[79.734,56.835],[79.292,56.982],[78.487,57.078],[78.362,57.154],[76.892,57.156],[76.681,57.202],[76.185,57.207],[76.104,57.23],[75.956,57.387],[75.846,57.37],[75.822,57.472],[75.662,57.633],[75.546,57.638],[75.589,57.714],[75.518,57.942],[75.281,58.003],[75.093,58.087],[75.087,58.128],[75.234,58.207],[75.036,58.307],[75.116,58.364],[75.34,58.439],[75.161,58.572],[75.206,58.607],[75.142,58.649],[75.179,58.699],[75.677,58.946],[75.702,59.01],[75.615,59.182],[75.777,59.249],[75.874,59.365],[75.938,59.408],[76.05,59.419],[76.172,59.52],[76.67,59.564],[76.675,59.684],[76.729,59.723],[76.746,59.781],[76.732,59.832],[76.765,59.974],[76.721,60.076],[76.834,60.162],[76.867,60.223],[76.831,60.34],[76.859,60.452],[77.073,60.539],[77.002,60.635],[77.066,60.712],[77.056,60.79],[77.091,60.827],[77.772,60.794],[78.028,60.748],[78.112,60.79],[78.533,60.769],[78.68,60.825],[78.726,60.779],[78.875,60.742],[79.012,60.811],[79.1,60.807],[79.247,60.79],[79.28,60.764],[79.268,60.697],[79.303,60.658],[79.452,60.641],[80.161,60.67],[80.317,60.723],[80.82,60.785],[81.047,60.733],[81.082,60.624],[81.476,60.604],[81.591,60.629],[81.864,60.625],[82.153,60.507],[82.247,60.513],[82.402,60.595],[82.418,60.696],[82.53,60.754],[83.196,61.002],[83.518,61.013],[83.946,60.835]]]}},{"type":"Feature","properties":{"id":"72","name":"Tula"},"geometry":{"type":"Polygon","coordinates":[[[38.076,54.714],[38.061,54.702],[38.137,54.69],[38.265,54.616],[38.314,54.644],[38.493,54.624],[38.516,54.594],[38.479,54.528],[38.387,54.518],[38.429,54.474],[38.416,54.441],[38.455,54.418],[38.443,54.397],[38.526,54.346],[38.477,54.316],[38.496,54.276],[38.71,54.224],[38.709,54.168],[38.814,54.143],[38.778,54.094],[38.698,54.095],[38.696,54.041],[38.777,54.021],[38.748,54],[38.804,53.985],[38.797,53.941],[38.835,53.922],[38.932,53.933],[38.843,53.895],[38.86,53.842],[38.812,53.821],[38.896,53.816],[38.862,53.78],[38.889,53.748],[39.007,53.75],[38.943,53.705],[38.908,53.523],[38.849,53.547],[38.727,53.493],[38.795,53.47],[38.758,53.459],[38.823,53.37],[38.537,53.32],[38.633,53.253],[38.663,53.194],[38.589,53.181],[38.665,53.16],[38.712,53.111],[38.663,53.085],[38.667,53.056],[38.629,53.062],[38.633,53.02],[38.562,53.015],[38.549,53.071],[38.508,53.068],[38.506,53.023],[38.46,52.992],[38.412,53.004],[38.41,52.972],[38.325,52.953],[38.278,53.054],[38.014,53.042],[38,53.066],[37.908,53.067],[37.918,53.019],[37.858,53.017],[37.72,53.141],[37.664,53.107],[37.581,53.142],[37.58,53.278],[37.299,53.305],[37.292,53.259],[37.199,53.239],[36.977,53.299],[36.933,53.274],[36.75,53.305],[36.702,53.383],[36.664,53.392],[36.685,53.41],[36.501,53.391],[36.341,53.461],[36.285,53.532],[36.097,53.583],[36.04,53.573],[35.998,53.638],[36.073,53.688],[35.927,53.759],[35.976,53.796],[35.926,53.836],[36.02,53.869],[35.985,53.901],[36.064,53.94],[36.146,53.93],[36.145,54.018],[36.244,54.08],[36.048,54.094],[36.156,54.123],[36.043,54.162],[36.208,54.147],[36.307,54.226],[36.42,54.211],[36.507,54.271],[36.65,54.296],[36.708,54.268],[36.98,54.281],[36.943,54.312],[36.973,54.421],[36.873,54.43],[36.844,54.489],[36.931,54.524],[36.896,54.57],[37.01,54.587],[37.111,54.534],[37.185,54.614],[37.238,54.828],[37.326,54.803],[37.48,54.81],[37.548,54.765],[37.54,54.719],[37.57,54.702],[37.719,54.693],[37.797,54.725],[37.815,54.788],[37.797,54.812],[37.966,54.831],[38.008,54.819],[38.012,54.774],[38.076,54.714]]]}},{"type":"Feature","properties":{"id":"73","name":"Tuva"},"geometry":{"type":"Polygon","coordinates":[[[97.001,53.652],[97.048,53.611],[97.208,53.612],[97.3,53.558],[97.333,53.497],[97.48,53.448],[97.513,53.382],[97.698,53.399],[97.923,53.36],[97.925,53.29],[97.994,53.236],[98.192,53.217],[98.208,53.105],[98.528,53.122],[98.613,53.163],[98.71,53.127],[98.796,53.158],[98.864,53.149],[98.951,53.112],[98.877,53.059],[99.209,52.937],[99.221,52.897],[99.197,52.878],[99.097,52.893],[99.007,52.944],[98.929,52.927],[98.863,52.82],[98.889,52.798],[98.964,52.806],[98.933,52.686],[98.831,52.624],[98.815,52.541],[98.647,52.435],[98.656,52.352],[98.629,52.313],[98.648,52.279],[98.818,52.293],[98.8,52.228],[98.971,52.216],[98.989,52.123],[98.943,52.152],[98.88,52.14],[98.853,52.041],[98.696,51.82],[98.315,51.718],[98.241,51.567],[98.263,51.521],[98.234,51.462],[98.048,51.438],[97.945,51.323],[97.953,51.232],[97.868,51.045],[97.828,51.012],[97.867,50.95],[98.02,50.867],[97.955,50.782],[98.049,50.653],[98.133,50.596],[98.323,50.547],[98.257,50.411],[98.278,50.312],[98.254,50.255],[98.172,50.204],[98.074,50.066],[97.973,50.03],[97.884,49.957],[97.836,49.948],[97.794,49.988],[97.583,49.948],[97.603,49.882],[97.316,49.757],[97.181,49.779],[97.003,49.915],[96.803,49.946],[96.68,49.904],[96.681,49.96],[96.634,49.982],[96.427,49.898],[96.293,49.991],[96.074,50.02],[95.974,49.98],[95.834,50.041],[95.759,50.012],[95.738,49.965],[95.497,49.921],[95.094,49.956],[94.964,50.062],[94.619,50.034],[94.511,50.169],[94.407,50.214],[94.349,50.465],[94.276,50.575],[93.51,50.582],[93.47,50.602],[93.104,50.567],[92.983,50.63],[93.033,50.763],[93.009,50.784],[92.819,50.79],[92.747,50.752],[92.748,50.709],[92.616,50.705],[92.615,50.758],[92.447,50.79],[92.372,50.895],[92.321,50.879],[92.287,50.809],[92.305,50.744],[92.276,50.716],[92.144,50.681],[92.023,50.684],[91.854,50.736],[91.755,50.72],[91.656,50.66],[91.646,50.576],[91.441,50.547],[91.438,50.46],[91.257,50.484],[91.143,50.458],[90.798,50.464],[90.738,50.488],[90.698,50.445],[90.668,50.337],[90.744,50.322],[90.775,50.288],[90.763,50.247],[90.683,50.213],[90.663,50.164],[90.542,50.178],[90.357,50.139],[90.274,50.018],[90.087,50.038],[89.931,49.985],[89.765,50],[89.639,49.979],[89.605,49.947],[89.576,49.991],[89.608,50.058],[89.584,50.095],[89.49,50.178],[89.332,50.199],[89.327,50.236],[89.402,50.311],[89.527,50.358],[89.485,50.459],[89.541,50.451],[89.591,50.373],[89.71,50.35],[89.797,50.374],[89.866,50.459],[89.843,50.502],[89.559,50.647],[89.542,50.723],[89.427,50.786],[89.366,50.865],[89.291,50.861],[89.201,50.917],[89.188,50.981],[89.037,51.058],[89.045,51.142],[88.936,51.286],[88.994,51.392],[88.788,51.541],[88.918,51.55],[89.023,51.601],[89.2,51.629],[89.215,51.602],[89.17,51.54],[89.233,51.523],[89.442,51.575],[89.623,51.52],[89.726,51.56],[89.881,51.695],[90.02,51.713],[90.061,51.743],[89.958,51.892],[89.985,51.969],[90.073,52.022],[90.049,52.125],[90.084,52.143],[90.175,52.114],[90.257,52.132],[90.293,52.172],[90.452,52.163],[90.546,52.093],[90.651,52.06],[90.794,51.879],[90.982,51.929],[91.061,51.917],[91.12,51.867],[91.383,51.892],[91.609,51.835],[91.748,51.857],[91.82,51.825],[91.848,51.776],[91.95,51.759],[92.255,51.815],[92.388,51.796],[92.645,51.858],[92.826,51.852],[93.324,52.145],[93.415,52.184],[93.595,52.206],[93.636,52.335],[93.743,52.383],[93.746,52.488],[93.9,52.579],[93.907,52.654],[93.987,52.681],[94.043,52.791],[94.135,52.883],[94.249,52.92],[94.467,52.937],[94.518,53.009],[94.571,53.218],[94.648,53.253],[94.648,53.288],[94.566,53.334],[94.667,53.387],[94.968,53.408],[94.977,53.39],[95.128,53.462],[95.317,53.399],[95.657,53.511],[95.692,53.48],[95.798,53.503],[95.996,53.471],[96.056,53.523],[96.15,53.536],[96.174,53.589],[96.356,53.537],[96.477,53.555],[96.626,53.595],[96.671,53.747],[96.815,53.753],[96.922,53.665],[97.001,53.652]]]}},{"type":"Feature","properties":{"id":"74","name":"Tver’"},"geometry":{"type":"Polygon","coordinates":[[[37.092,58.843],[37.619,58.499],[37.666,58.429],[37.55,58.374],[37.493,58.383],[37.428,58.334],[37.491,58.296],[37.361,58.227],[37.438,58.217],[37.476,58.167],[37.601,58.165],[37.729,58.061],[37.614,58.053],[37.575,57.987],[37.385,57.95],[37.375,57.913],[37.508,57.92],[37.569,57.891],[37.426,57.89],[37.428,57.857],[37.488,57.856],[37.41,57.799],[37.604,57.762],[37.681,57.715],[37.741,57.632],[37.871,57.579],[37.894,57.435],[38.073,57.326],[38.144,57.314],[38.226,57.328],[38.255,57.361],[38.335,57.361],[38.375,57.28],[38.301,57.223],[38.226,57.23],[38.223,57.173],[38.258,57.16],[38.253,57.137],[38.314,57.126],[38.31,57.098],[38.267,57.089],[38.327,57.017],[38.151,56.963],[38.237,56.94],[38.187,56.867],[38.225,56.847],[38.224,56.799],[38.272,56.802],[38.323,56.759],[38.094,56.744],[38.02,56.849],[37.928,56.859],[37.741,56.939],[37.58,56.893],[37.586,56.819],[37.512,56.764],[37.457,56.779],[37.366,56.743],[37.221,56.774],[37.095,56.734],[37.148,56.705],[37.158,56.657],[37.121,56.627],[37.125,56.522],[36.827,56.575],[36.833,56.554],[36.563,56.479],[36.542,56.452],[36.448,56.464],[36.253,56.382],[36.158,56.392],[36.113,56.362],[36.104,56.314],[36.065,56.35],[35.835,56.382],[35.778,56.364],[35.749,56.377],[35.763,56.433],[35.68,56.46],[35.632,56.425],[35.622,56.447],[35.565,56.424],[35.54,56.44],[35.508,56.399],[35.432,56.426],[35.454,56.397],[35.421,56.351],[35.522,56.355],[35.487,56.338],[35.5,56.284],[35.472,56.277],[35.509,56.227],[35.32,56.195],[35.365,56.143],[35.289,56.084],[35.347,56.06],[35.157,55.93],[34.818,55.944],[34.741,55.883],[34.569,55.918],[34.435,55.985],[34.368,55.928],[34.328,56.012],[34.284,56.03],[34.069,56.009],[33.981,56.04],[33.864,55.981],[33.941,55.951],[33.898,55.922],[33.898,55.874],[33.861,55.869],[33.858,55.906],[33.774,55.909],[33.753,55.937],[33.714,55.894],[33.757,55.846],[33.725,55.834],[33.727,55.804],[33.614,55.794],[33.622,55.739],[33.53,55.702],[33.403,55.708],[33.299,55.678],[33.231,55.6],[33.18,55.643],[33.126,55.606],[33.068,55.642],[33.012,55.587],[32.677,55.628],[32.651,55.586],[32.605,55.594],[32.607,55.618],[32.663,55.655],[32.59,55.676],[32.552,55.609],[32.493,55.658],[32.444,55.659],[32.394,55.63],[32.29,55.649],[32.196,55.611],[32.132,55.637],[32.224,55.664],[32.123,55.667],[32.127,55.713],[32.096,55.723],[31.918,55.705],[31.908,55.644],[31.72,55.72],[31.583,55.716],[31.457,55.751],[31.461,55.785],[31.393,55.872],[31.425,55.916],[31.39,55.938],[31.396,55.979],[31.516,56.023],[31.539,56.06],[31.482,56.109],[31.474,56.16],[31.548,56.2],[31.479,56.234],[31.485,56.284],[31.561,56.291],[31.507,56.318],[31.335,56.318],[31.241,56.355],[31.287,56.386],[31.25,56.437],[31.042,56.465],[31.071,56.615],[30.894,56.665],[30.831,56.713],[30.896,56.747],[30.818,56.751],[30.908,56.8],[30.975,56.935],[31.085,56.934],[31.246,56.883],[31.31,56.92],[31.656,56.89],[31.712,56.961],[31.779,56.97],[31.736,56.998],[31.814,57.059],[31.869,57.043],[31.904,57.076],[31.976,57.084],[32.017,57.03],[32.059,57.039],[32.035,57.075],[32.085,57.079],[32.079,57.113],[32.189,57.13],[32.217,57.159],[32.312,57.148],[32.334,57.169],[32.305,57.208],[32.325,57.229],[32.45,57.22],[32.457,57.249],[32.548,57.247],[32.607,57.295],[32.715,57.293],[32.759,57.36],[32.856,57.42],[32.972,57.409],[33.018,57.439],[33.094,57.401],[33.219,57.448],[33.323,57.38],[33.352,57.431],[33.274,57.461],[33.277,57.499],[33.304,57.537],[33.388,57.551],[33.357,57.593],[33.396,57.638],[33.356,57.665],[33.483,57.69],[33.57,57.671],[33.637,57.706],[33.592,57.757],[33.619,57.81],[33.733,57.853],[33.75,57.888],[33.728,57.908],[33.758,57.941],[33.6,58.011],[33.764,58.128],[33.948,58.113],[34.11,58.206],[34.12,58.181],[34.238,58.191],[34.332,58.144],[34.416,58.145],[34.46,58.11],[34.533,58.122],[34.742,58.056],[34.806,58.092],[34.763,58.131],[34.769,58.185],[34.851,58.229],[34.954,58.199],[34.999,58.213],[35.095,58.172],[35.238,58.209],[35.376,58.299],[35.332,58.346],[35.37,58.371],[35.612,58.434],[35.98,58.398],[36.005,58.462],[36.095,58.443],[36.167,58.487],[36.219,58.471],[36.283,58.505],[36.404,58.489],[36.472,58.522],[36.553,58.516],[36.578,58.536],[36.568,58.569],[36.639,58.626],[36.694,58.628],[36.696,58.687],[36.725,58.706],[36.915,58.73],[36.842,58.798],[36.957,58.839],[37.054,58.814],[37.092,58.843]]]}},{"type":"Feature","properties":{"id":"75","name":"Tyumen’"},"geometry":{"type":"Polygon","coordinates":[[[69.688,59.896],[69.702,59.854],[69.806,59.861],[70.14,59.933],[70.317,59.863],[70.589,59.805],[70.888,59.845],[70.982,59.792],[71.191,59.842],[71.373,59.74],[71.735,59.614],[71.876,59.534],[72.08,59.521],[72.439,59.3],[72.43,59.224],[72.457,59.194],[72.654,59.099],[72.828,59.152],[72.962,59.131],[72.985,59.091],[72.897,59.052],[72.899,59.031],[73.099,58.935],[72.965,58.855],[73.341,58.787],[73.683,58.842],[73.807,58.785],[73.947,58.804],[74.128,58.702],[75.043,58.693],[75.206,58.607],[74.946,58.465],[74.915,58.394],[74.735,58.363],[74.579,58.267],[74.445,58.248],[74.232,58.136],[74.15,58.114],[73.147,58.134],[72.961,58.031],[72.999,58.007],[72.825,57.959],[72.625,57.997],[72.171,57.991],[71.998,58.085],[71.303,58.023],[71.248,58.089],[71.24,58.214],[71.291,58.366],[71.11,58.4],[71.101,58.461],[70.975,58.472],[70.873,58.521],[70.791,58.355],[70.548,58.042],[70.5,57.796],[70.495,57.742],[70.585,57.699],[70.687,57.549],[70.737,57.54],[70.732,57.517],[70.425,57.369],[70.421,57.344],[70.488,57.288],[70.608,57.263],[70.659,57.204],[70.789,57.208],[70.817,57.311],[70.862,57.329],[71.049,57.323],[71.146,57.172],[71.546,56.928],[71.598,56.87],[71.619,56.784],[71.608,56.741],[71.55,56.723],[71.563,56.692],[71.44,56.674],[71.374,56.618],[71.169,56.62],[71.068,56.653],[71.144,56.542],[71.137,56.506],[70.969,56.425],[70.892,56.437],[70.821,56.403],[70.845,56.377],[70.945,56.368],[71.016,56.281],[70.787,56.213],[70.88,56.169],[70.873,56.127],[70.922,56.031],[70.818,55.885],[70.582,55.872],[70.543,55.841],[70.575,55.807],[70.843,55.806],[70.635,55.76],[70.574,55.696],[70.642,55.602],[70.768,55.587],[70.772,55.563],[70.71,55.474],[70.632,55.443],[70.561,55.451],[70.484,55.371],[70.522,55.276],[70.46,55.276],[70.396,55.199],[70.218,55.133],[69.942,55.203],[69.862,55.291],[69.668,55.343],[69.373,55.366],[69.198,55.335],[69.14,55.389],[68.987,55.431],[68.925,55.419],[68.917,55.375],[68.999,55.341],[68.995,55.288],[68.766,55.359],[68.657,55.26],[68.673,55.332],[68.651,55.374],[68.21,55.62],[68.161,55.674],[68.187,55.694],[68.158,55.734],[67.875,55.694],[67.77,55.761],[67.603,55.729],[67.394,55.758],[67.323,55.826],[67.253,55.972],[67.023,55.975],[66.963,56.031],[66.853,55.991],[66.757,55.999],[66.717,56.065],[66.679,56.074],[66.478,55.982],[66.257,56.113],[66,56.048],[65.682,56.245],[65.634,56.317],[65.196,56.337],[65.113,56.382],[65.151,56.426],[64.996,56.573],[64.981,56.619],[65.019,56.701],[64.951,56.775],[64.968,56.797],[65.209,56.82],[65.278,56.932],[65.255,56.954],[65.122,56.943],[65.093,56.971],[64.876,57.487],[65.011,57.61],[64.892,57.687],[65.412,57.842],[65.482,57.804],[65.577,57.803],[65.886,57.968],[66.203,58.063],[66.038,58.271],[66.017,58.438],[65.976,58.492],[65.997,58.593],[66.307,58.573],[66.829,58.659],[66.822,58.885],[67.033,58.975],[67.123,58.961],[67.166,58.915],[67.635,59.047],[67.767,59.156],[68.088,59.181],[68.424,59.247],[68.554,59.373],[68.612,59.544],[68.874,59.543],[69.403,59.762],[69.261,59.866],[69.246,59.894],[69.289,59.929],[69.558,59.956],[69.697,59.923],[69.688,59.896]]]}},{"type":"Feature","properties":{"id":"76","name":"Udmurt"},"geometry":{"type":"Polygon","coordinates":[[[53.232,58.424],[53.384,58.419],[53.396,58.457],[53.438,58.465],[53.473,58.442],[53.552,58.466],[53.619,58.452],[53.669,58.483],[53.775,58.49],[53.888,58.336],[53.88,58.296],[53.817,58.25],[53.946,58.108],[54.118,57.99],[54.131,57.911],[54.193,57.83],[54.126,57.741],[54.128,57.659],[54.063,57.598],[54.256,57.504],[54.28,57.459],[54.198,57.415],[54.17,57.347],[54.198,57.322],[54.305,57.325],[54.304,57.256],[54.344,57.194],[54.307,57.155],[54.332,57.115],[54.416,57.11],[54.435,57.085],[54.203,56.999],[54.065,56.838],[53.865,56.824],[53.848,56.766],[53.893,56.73],[53.883,56.656],[53.945,56.613],[53.961,56.672],[54.061,56.702],[54.119,56.685],[54.093,56.628],[54.256,56.515],[54.346,56.499],[54.419,56.342],[54.388,56.306],[54.2,56.251],[54.101,56.134],[53.851,56.036],[53.798,55.98],[53.385,55.875],[53.259,55.94],[53.279,55.972],[53.423,56.028],[53.427,56.095],[53.562,56.146],[53.585,56.17],[53.569,56.257],[53.34,56.305],[53.306,56.276],[53.377,56.176],[53.323,56.138],[53.232,56.148],[53.029,56.241],[53.026,56.386],[53,56.422],[53.11,56.535],[53.065,56.571],[52.919,56.509],[52.954,56.468],[52.881,56.398],[52.739,56.379],[52.571,56.293],[52.797,56.228],[52.876,56.175],[52.85,56.135],[52.736,56.167],[52.705,56.148],[52.772,56.052],[52.738,56.032],[52.699,56.019],[52.621,56.083],[52.484,56.034],[52.366,56.112],[52.295,56.103],[52.235,56.075],[52.225,56.037],[52.258,55.924],[52.157,55.896],[52.043,55.966],[51.86,55.952],[51.67,55.982],[51.522,55.945],[51.43,55.983],[51.537,56.097],[51.69,56.165],[51.641,56.18],[51.427,56.146],[51.499,56.203],[51.399,56.245],[51.497,56.309],[51.331,56.372],[51.305,56.428],[51.153,56.511],[51.189,56.557],[51.159,56.624],[51.194,56.677],[51.363,56.673],[51.411,56.765],[51.517,56.815],[51.531,56.864],[51.407,56.935],[51.113,57.295],[51.135,57.355],[51.216,57.43],[51.297,57.461],[51.612,57.469],[51.608,57.51],[51.743,57.554],[51.759,57.599],[51.869,57.659],[51.887,57.725],[51.924,57.747],[51.918,57.84],[51.874,57.873],[51.886,57.931],[51.949,57.998],[51.836,58.029],[51.83,58.093],[51.67,58.174],[51.677,58.192],[51.748,58.248],[51.796,58.347],[51.931,58.431],[52.101,58.473],[52.434,58.42],[52.842,58.403],[52.891,58.429],[52.914,58.505],[53.114,58.544],[53.232,58.424]]]}},{"type":"Feature","properties":{"id":"77","name":"Ul’yanovsk"},"geometry":{"type":"Polygon","coordinates":[[[49.303,54.9],[49.432,54.824],[49.601,54.636],[49.58,54.596],[49.771,54.598],[49.876,54.53],[50.08,54.534],[50.241,54.361],[50.211,54.321],[50.266,54.252],[50.189,54.183],[50.194,54.093],[49.929,53.951],[50.014,53.89],[49.969,53.86],[49.799,53.901],[49.585,53.829],[49.438,53.892],[49.263,53.87],[49.173,53.889],[49.223,53.843],[49.027,53.858],[48.872,53.713],[48.544,53.783],[48.474,53.764],[48.46,53.746],[48.494,53.725],[48.61,53.705],[48.626,53.679],[48.586,53.662],[48.397,53.69],[48.336,53.666],[48.326,53.635],[48.394,53.603],[48.417,53.536],[48.38,53.475],[48.192,53.513],[48.053,53.474],[48.052,53.433],[47.986,53.39],[48.094,53.291],[48.17,53.27],[48.147,53.226],[48.217,53.146],[48.179,53.059],[48.204,53.033],[48.298,53.062],[48.349,53.046],[48.33,53.011],[48.52,52.985],[48.556,52.94],[48.528,52.889],[48.436,52.811],[48.294,52.834],[48.178,52.786],[48.086,52.798],[48.024,52.722],[47.944,52.71],[47.848,52.754],[47.775,52.686],[47.827,52.605],[47.776,52.58],[47.597,52.631],[47.427,52.56],[47.243,52.576],[47.193,52.608],[47.079,52.58],[47.021,52.647],[46.865,52.614],[46.802,52.642],[46.828,52.698],[46.967,52.767],[46.985,52.814],[46.914,52.924],[46.966,53.16],[46.907,53.232],[46.954,53.312],[46.92,53.368],[46.736,53.448],[46.723,53.486],[46.543,53.471],[46.491,53.496],[46.499,53.625],[46.254,53.803],[46.218,53.85],[46.226,53.901],[46.16,53.95],[46.045,53.995],[45.849,53.978],[46.007,54.137],[46.37,54.2],[46.601,54.305],[46.692,54.319],[46.713,54.362],[46.696,54.399],[46.565,54.421],[46.646,54.495],[46.494,54.491],[46.576,54.54],[46.533,54.574],[46.454,54.576],[46.554,54.624],[46.482,54.719],[46.48,54.764],[46.69,54.679],[46.799,54.682],[46.872,54.633],[46.992,54.704],[47.084,54.71],[47.168,54.668],[47.28,54.723],[47.395,54.645],[47.359,54.62],[47.402,54.526],[47.443,54.575],[47.602,54.552],[47.581,54.612],[47.717,54.703],[47.704,54.747],[47.776,54.761],[47.838,54.735],[47.849,54.65],[47.911,54.628],[47.945,54.728],[48.047,54.719],[48.111,54.779],[48.191,54.747],[48.28,54.761],[48.302,54.748],[48.283,54.702],[48.42,54.681],[48.511,54.625],[48.715,54.626],[48.854,54.66],[48.999,54.789],[49.131,54.794],[49.008,54.828],[49.115,54.835],[49.195,54.892],[49.216,54.869],[49.303,54.9]]]}},{"type":"Feature","properties":{"id":"78","name":"Vladimir"},"geometry":{"type":"Polygon","coordinates":[[[39.885,56.765],[39.894,56.699],[39.822,56.611],[39.912,56.607],[39.984,56.534],[39.97,56.49],[40.007,56.464],[40.224,56.409],[40.314,56.51],[40.364,56.502],[40.383,56.531],[40.481,56.534],[40.504,56.563],[40.723,56.595],[40.815,56.579],[40.85,56.504],[41.033,56.478],[41.099,56.443],[41.125,56.475],[41.227,56.498],[41.26,56.471],[41.47,56.465],[41.532,56.416],[41.9,56.497],[41.934,56.369],[42.06,56.34],[42.182,56.399],[42.188,56.442],[42.282,56.456],[42.426,56.439],[42.45,56.398],[42.679,56.386],[42.715,56.354],[42.744,56.243],[42.934,56.201],[42.927,56.16],[42.835,56.101],[42.718,56.086],[42.667,56.052],[42.704,56.027],[42.691,55.977],[42.584,55.92],[42.471,55.91],[42.425,55.793],[42.262,55.743],[42.089,55.608],[42.082,55.498],[42.136,55.409],[42.029,55.335],[41.98,55.335],[41.962,55.252],[41.922,55.222],[41.937,55.201],[41.875,55.132],[41.679,55.103],[41.624,55.144],[41.453,55.109],[41.366,55.166],[41.207,55.211],[41.128,55.166],[41.129,55.117],[41.082,55.122],[40.997,55.241],[40.902,55.248],[40.877,55.187],[40.785,55.211],[40.755,55.181],[40.605,55.178],[40.547,55.241],[40.563,55.299],[40.505,55.31],[40.439,55.259],[40.358,55.257],[40.328,55.289],[40.396,55.302],[40.375,55.326],[40.22,55.328],[40.168,55.402],[40.182,55.444],[40.219,55.443],[40.222,55.479],[40.189,55.509],[40.079,55.508],[40.076,55.561],[40.118,55.586],[40.085,55.625],[40.115,55.642],[39.946,55.72],[39.926,55.816],[39.775,55.826],[39.689,55.778],[39.56,55.774],[39.556,55.74],[39.519,55.73],[39.502,55.761],[39.363,55.758],[39.33,55.82],[39.367,55.849],[39.298,55.826],[39.144,55.837],[39.074,55.895],[39.101,55.923],[39.053,55.916],[39.08,55.933],[38.865,55.913],[38.76,55.97],[38.63,55.971],[38.613,55.987],[38.656,56.002],[38.588,56.054],[38.539,56.166],[38.565,56.198],[38.514,56.192],[38.44,56.252],[38.479,56.298],[38.453,56.307],[38.453,56.357],[38.49,56.375],[38.441,56.385],[38.44,56.444],[38.385,56.441],[38.347,56.481],[38.382,56.5],[38.321,56.516],[38.409,56.561],[38.373,56.59],[38.385,56.636],[38.351,56.678],[38.433,56.689],[38.543,56.633],[38.557,56.559],[38.622,56.547],[38.783,56.607],[38.863,56.6],[38.945,56.549],[39.089,56.55],[39.141,56.586],[39.278,56.53],[39.348,56.543],[39.333,56.576],[39.371,56.582],[39.399,56.632],[39.366,56.633],[39.357,56.688],[39.438,56.761],[39.635,56.808],[39.885,56.765]]]}},{"type":"Feature","properties":{"id":"79","name":"Volgograd"},"geometry":{"type":"Polygon","coordinates":[[[43.14,51.171],[43.393,51.044],[43.507,51.017],[43.823,51.139],[43.912,51.126],[44.051,51.183],[44.084,51.168],[44.051,51.109],[44.08,51.086],[44.196,51.107],[44.335,51.189],[44.557,51.201],[44.645,51.144],[44.716,51.186],[44.895,51.184],[44.991,51.126],[45.109,51.12],[45.238,51.032],[45.269,50.947],[45.36,50.891],[45.336,50.745],[45.228,50.685],[45.248,50.592],[45.294,50.554],[45.451,50.593],[45.756,50.576],[45.792,50.61],[45.712,50.695],[45.719,50.726],[45.811,50.77],[45.893,50.765],[46.141,50.651],[46.128,50.542],[46.169,50.511],[46.355,50.567],[46.494,50.54],[46.595,50.594],[46.621,50.674],[46.674,50.692],[46.858,50.641],[46.914,50.605],[46.934,50.544],[47.08,50.461],[47.22,50.482],[47.225,50.446],[47.293,50.388],[47.434,50.397],[47.408,50.34],[47.302,50.311],[47.327,50.243],[47.261,50.199],[47.339,50.105],[47.266,50.008],[47.162,49.926],[46.918,49.869],[46.893,49.839],[46.86,49.608],[46.82,49.557],[46.78,49.346],[47.021,49.209],[47.053,49.165],[47.039,49.119],[46.938,49.004],[46.778,48.939],[46.607,48.656],[46.621,48.683],[46.58,48.713],[46.382,48.804],[46.256,48.849],[46.066,48.854],[45.868,48.692],[45.588,48.569],[45.265,48.548],[45.246,48.535],[45.265,48.512],[45.381,48.494],[45.4,48.466],[45.356,48.439],[45.187,48.478],[45.053,48.365],[45.023,48.304],[45.077,48.245],[45.205,48.217],[45.331,48.131],[45.294,48.11],[44.969,48.166],[44.943,48.133],[44.981,48.083],[44.918,48.06],[44.838,48.056],[44.788,48.093],[44.641,48.048],[44.607,48.076],[44.636,48.176],[44.495,48.211],[44.404,48.19],[44.349,48.072],[44.548,48.005],[44.514,47.956],[44.402,47.87],[44.307,47.867],[44.158,47.917],[44.056,47.884],[44.058,47.805],[43.753,47.683],[43.715,47.595],[43.731,47.47],[43.315,47.401],[43.223,47.447],[43.215,47.482],[43.253,47.512],[43.235,47.53],[43.119,47.538],[43.085,47.493],[43.012,47.484],[42.764,47.762],[42.733,47.864],[42.47,48],[42.019,48.045],[42.015,48.112],[42.083,48.175],[42.033,48.249],[42.143,48.283],[42.085,48.419],[42.285,48.513],[42.663,48.589],[42.704,48.623],[42.682,48.699],[42.782,48.796],[42.805,48.856],[42.757,48.934],[42.666,49.003],[42.582,49.033],[42.43,49.036],[42.458,49.098],[42.376,49.161],[42.098,49.16],[42.089,49.248],[42.132,49.296],[42.084,49.402],[42.227,49.695],[42.202,49.738],[41.914,49.902],[41.833,49.892],[41.669,49.938],[41.66,49.972],[41.699,50.028],[41.546,50.078],[41.52,50.16],[41.442,50.187],[41.563,50.324],[41.56,50.406],[41.523,50.456],[41.541,50.517],[41.63,50.546],[41.418,50.707],[41.283,50.756],[41.312,50.784],[41.495,50.811],[41.509,50.875],[41.585,50.92],[41.662,50.914],[41.82,50.977],[41.856,51.059],[41.927,51.137],[41.979,51.153],[42.396,51.129],[42.501,51.16],[42.691,51.163],[42.753,51.222],[42.952,51.253],[43.14,51.171]]]}},{"type":"Feature","properties":{"id":"80","name":"Vologda"},"geometry":{"type":"Polygon","coordinates":[[[37.116,61.616],[37.248,61.593],[37.306,61.545],[37.394,61.524],[37.788,61.55],[37.804,61.507],[37.768,61.433],[37.996,61.239],[37.974,61.196],[38.149,61.152],[38.203,61.089],[38.147,60.975],[38.294,60.937],[38.381,60.996],[38.414,60.964],[38.378,60.89],[38.394,60.865],[38.575,60.835],[38.679,60.742],[38.841,60.748],[38.948,60.709],[39.168,60.686],[39.222,60.73],[39.504,60.709],[39.623,60.774],[39.755,60.772],[39.855,60.712],[39.99,60.689],[40.161,60.732],[40.315,60.72],[40.372,60.753],[40.381,60.792],[40.438,60.797],[40.613,60.757],[40.729,60.784],[40.991,60.682],[41.185,60.676],[41.346,60.722],[41.433,60.782],[41.386,60.816],[41.387,60.85],[41.598,60.924],[41.635,60.878],[41.766,60.846],[41.824,60.928],[42.023,60.85],[42.097,60.891],[42.141,60.877],[42.128,60.848],[42.156,60.836],[42.394,60.769],[42.553,60.812],[42.62,60.87],[42.714,60.882],[42.85,60.836],[43.006,60.736],[43.134,60.827],[43.337,60.784],[43.473,60.802],[43.49,60.854],[43.616,60.925],[43.726,60.94],[43.743,60.997],[44.01,61.05],[44.148,61.046],[44.181,61.021],[44.155,61.003],[44.232,60.957],[45.204,60.909],[45.222,61.068],[45.283,61.202],[45.805,61.168],[45.8,61.119],[45.737,61.037],[45.875,60.991],[46.007,60.963],[46.314,60.973],[46.458,61.036],[46.61,60.966],[46.795,60.958],[46.741,60.897],[46.814,60.865],[47.071,60.86],[47.002,60.76],[47.003,60.7],[47.069,60.593],[46.888,60.499],[46.8,60.275],[46.33,60.238],[46.418,60.118],[46.728,60.041],[46.844,60.057],[47.043,60.154],[47.003,59.965],[46.886,59.795],[47.107,59.75],[47.139,59.713],[47.137,59.664],[47.123,59.609],[46.799,59.615],[46.743,59.578],[46.659,59.57],[46.64,59.601],[46.428,59.592],[46.382,59.497],[46.425,59.468],[46.393,59.37],[46.058,59.329],[45.936,59.185],[45.774,59.193],[45.703,59.223],[45.677,59.194],[45.326,59.222],[45.28,59.186],[45.066,59.189],[44.998,59.12],[44.509,59.159],[44.316,59.136],[44.31,59.165],[44.193,59.18],[44.171,59.223],[44.014,59.197],[43.802,59.222],[43.821,59.264],[43.799,59.28],[43.616,59.233],[43.629,59.203],[43.551,59.183],[43.519,59.203],[43.55,59.227],[43.507,59.261],[43.515,59.304],[43.356,59.27],[43.362,59.217],[43.259,59.223],[43.162,59.267],[43.076,59.235],[43.081,59.211],[42.936,59.189],[42.895,59.208],[42.89,59.156],[42.838,59.146],[42.739,59.237],[42.689,59.237],[42.681,59.281],[42.619,59.326],[42.382,59.3],[42.321,59.264],[42.245,59.315],[42.208,59.365],[42.216,59.405],[42.075,59.425],[41.972,59.283],[42.111,59.235],[42.095,59.11],[42.007,59.12],[41.959,59.077],[41.659,59.062],[41.434,58.985],[41.381,58.941],[41.34,58.999],[41.29,58.983],[41.293,58.956],[41.212,58.916],[41.28,58.892],[41.283,58.837],[41.24,58.849],[41.179,58.786],[41.287,58.72],[41.21,58.644],[41.037,58.584],[41.078,58.552],[41.062,58.541],[40.84,58.514],[40.84,58.547],[40.789,58.558],[40.564,58.538],[40.52,58.56],[40.463,58.521],[40.358,58.553],[40.322,58.528],[40.119,58.589],[40.089,58.624],[40.149,58.633],[40.137,58.663],[39.882,58.768],[39.841,58.83],[39.727,58.815],[39.661,58.889],[39.528,58.872],[39.155,58.955],[39.1,58.925],[39.018,58.96],[38.966,58.928],[39.022,58.872],[39.013,58.839],[38.955,58.784],[38.973,58.754],[38.918,58.73],[38.833,58.754],[38.706,58.741],[38.712,58.761],[38.666,58.767],[38.587,58.765],[38.581,58.729],[38.466,58.709],[38.047,58.735],[38.003,58.702],[37.969,58.724],[37.973,58.686],[38.038,58.651],[37.956,58.64],[37.984,58.622],[37.95,58.582],[37.898,58.6],[37.911,58.62],[37.746,58.643],[37.712,58.601],[37.705,58.492],[37.664,58.511],[37.626,58.49],[37.541,58.537],[37.092,58.843],[37.054,58.814],[36.957,58.839],[36.842,58.798],[36.915,58.73],[36.725,58.706],[36.696,58.687],[36.694,58.628],[36.639,58.626],[36.568,58.569],[36.578,58.536],[36.553,58.516],[36.397,58.523],[36.288,58.556],[36.28,58.6],[36.213,58.626],[36.203,58.674],[36.135,58.719],[35.832,58.78],[35.762,58.829],[35.707,58.814],[35.444,58.868],[35.311,58.77],[35.284,58.789],[35.291,58.844],[35.2,58.815],[35.2,58.891],[35.238,58.958],[34.988,58.996],[34.946,59.016],[35.004,59.039],[34.792,59.094],[34.772,59.124],[34.809,59.132],[34.805,59.174],[34.955,59.271],[35.037,59.223],[35.084,59.264],[35.17,59.251],[35.27,59.304],[35.382,59.303],[35.414,59.376],[35.501,59.438],[35.418,59.487],[35.559,59.574],[35.553,59.671],[35.67,59.628],[35.652,59.715],[35.459,59.736],[35.434,59.768],[35.443,59.944],[35.512,59.987],[35.174,60.05],[35.232,60.079],[35.234,60.118],[35.144,60.155],[35.172,60.212],[35.163,60.269],[35.24,60.322],[35.342,60.569],[35.297,60.693],[35.203,60.797],[35.318,60.869],[35.494,60.852],[35.557,60.888],[35.6,60.942],[35.525,60.972],[35.52,61.005],[35.657,61.06],[35.709,61.132],[35.713,61.171],[35.672,61.201],[36.464,61.414],[36.625,61.56],[36.688,61.584],[36.884,61.548],[37.006,61.623],[37.116,61.616]]]}},{"type":"Feature","properties":{"id":"81","name":"Voronezh"},"geometry":{"type":"Polygon","coordinates":[[[38.778,52.086],[38.946,52.083],[39.006,52.011],[39.104,51.974],[39.168,51.992],[39.193,52.082],[39.442,52.082],[39.569,52.046],[39.57,51.971],[39.594,51.952],[39.792,51.905],[39.945,51.906],[40.007,51.954],[40.171,51.953],[40.607,51.936],[40.968,51.881],[41.029,51.847],[41.008,51.722],[41.073,51.692],[41.328,51.708],[41.413,51.77],[41.672,51.743],[41.816,51.686],[41.911,51.706],[42.006,51.637],[42.125,51.637],[42.199,51.606],[42.229,51.674],[42.325,51.669],[42.36,51.66],[42.347,51.608],[42.404,51.571],[42.485,51.603],[42.65,51.519],[42.844,51.482],[42.938,51.391],[42.927,51.304],[42.952,51.253],[42.753,51.222],[42.691,51.163],[42.501,51.16],[42.396,51.129],[41.979,51.153],[41.927,51.137],[41.856,51.059],[41.82,50.977],[41.662,50.914],[41.585,50.92],[41.509,50.875],[41.495,50.811],[41.312,50.784],[41.283,50.756],[41.418,50.707],[41.63,50.546],[41.541,50.517],[41.523,50.456],[41.573,50.358],[41.517,50.255],[41.413,50.166],[41.419,50.088],[41.371,50.036],[41.211,49.969],[41.129,49.903],[40.981,49.68],[40.72,49.633],[40.589,49.581],[40.282,49.624],[40.207,49.563],[40.151,49.614],[40.176,49.614],[40.132,49.62],[39.957,49.598],[39.913,49.561],[39.795,49.57],[39.649,49.633],[39.597,49.708],[39.612,49.742],[39.453,49.765],[39.368,49.74],[39.257,49.776],[39.228,49.823],[39.292,49.85],[39.316,49.931],[39.374,49.994],[39.365,50.045],[39.248,50.116],[39.186,50.289],[39.218,50.337],[39.138,50.427],[39.212,50.488],[39.17,50.55],[39.264,50.547],[39.282,50.579],[39.13,50.615],[39.064,50.677],[38.992,50.674],[38.91,50.741],[38.925,50.787],[38.821,50.824],[38.849,50.906],[38.951,50.884],[38.986,50.912],[38.912,50.961],[38.946,51.01],[38.866,51.075],[38.804,51.073],[38.712,51.012],[38.492,51.059],[38.479,51.128],[38.568,51.162],[38.574,51.211],[38.546,51.249],[38.37,51.279],[38.406,51.356],[38.36,51.438],[38.367,51.478],[38.319,51.562],[38.213,51.635],[38.466,51.693],[38.546,51.659],[38.627,51.699],[38.646,51.719],[38.627,51.735],[38.509,51.763],[38.531,51.834],[38.489,51.899],[38.34,51.959],[38.554,52.041],[38.67,52.019],[38.71,52.04],[38.73,52.101],[38.778,52.086]]]}},{"type":"Feature","properties":{"id":"82","name":"Yamal-Nenets"},"geometry":{"type":"MultiPolygon","coordinates":[[[[72.235,66.269],[72.238,66.266],[72.251,66.267],[72.234,66.251],[72.225,66.256],[72.214,66.257],[72.235,66.269]]],[[[72.319,66.32],[72.313,66.317],[72.293,66.312],[72.285,66.312],[72.296,66.32],[72.307,66.32],[72.313,66.321],[72.316,66.321],[72.319,66.32]]],[[[72.327,66.344],[72.324,66.335],[72.319,66.331],[72.301,66.325],[72.292,66.325],[72.277,66.326],[72.27,66.323],[72.267,66.322],[72.258,66.321],[72.241,66.312],[72.237,66.312],[72.238,66.317],[72.296,66.344],[72.303,66.344],[72.311,66.34],[72.321,66.348],[72.327,66.344]]],[[[72.391,66.345],[72.386,66.336],[72.381,66.335],[72.374,66.337],[72.365,66.337],[72.355,66.334],[72.341,66.316],[72.346,66.311],[72.339,66.308],[72.325,66.308],[72.31,66.305],[72.302,66.306],[72.31,66.311],[72.311,66.311],[72.321,66.312],[72.334,66.32],[72.34,66.332],[72.351,66.342],[72.36,66.347],[72.376,66.351],[72.383,66.35],[72.385,66.35],[72.391,66.345]]],[[[70.391,66.345],[70.386,66.345],[70.362,66.348],[70.354,66.356],[70.357,66.359],[70.369,66.361],[70.38,66.358],[70.387,66.353],[70.392,66.352],[70.395,66.35],[70.391,66.345]]],[[[72.247,66.359],[72.227,66.345],[72.246,66.337],[72.191,66.344],[72.247,66.359]]],[[[70.986,66.365],[70.98,66.361],[70.959,66.362],[70.963,66.366],[70.968,66.367],[70.973,66.368],[70.98,66.368],[70.986,66.365]]],[[[70.758,66.374],[70.772,66.369],[70.74,66.369],[70.741,66.371],[70.758,66.374]]],[[[71.035,66.369],[71.018,66.368],[71.014,66.372],[71.014,66.373],[71.003,66.377],[71.002,66.381],[71.015,66.389],[71.018,66.387],[71.013,66.381],[71.035,66.369]]],[[[70.094,66.411],[70.111,66.412],[70.111,66.412],[70.118,66.409],[70.11,66.408],[70.094,66.411]]],[[[70.918,66.437],[70.9,66.434],[70.884,66.437],[70.892,66.441],[70.907,66.442],[70.925,66.44],[70.918,66.437]]],[[[70.094,66.411],[70.022,66.419],[70.075,66.443],[70.123,66.425],[70.094,66.411]]],[[[71.145,66.513],[71.149,66.503],[71.133,66.505],[71.123,66.509],[71.116,66.519],[71.122,66.52],[71.136,66.514],[71.145,66.513]]],[[[71.191,66.528],[71.168,66.53],[71.211,66.531],[71.191,66.528]]],[[[71.083,66.532],[71.032,66.54],[71.105,66.553],[71.083,66.532]]],[[[71.179,66.575],[71.147,66.574],[71.147,66.579],[71.151,66.581],[71.175,66.58],[71.182,66.576],[71.179,66.575]]],[[[71.107,66.572],[71.018,66.58],[71.136,66.574],[71.107,66.572]]],[[[71.358,66.579],[71.319,66.578],[71.314,66.58],[71.318,66.583],[71.33,66.587],[71.345,66.588],[71.364,66.581],[71.358,66.579]]],[[[70.112,66.56],[70.108,66.559],[70.098,66.559],[70.08,66.564],[70.06,66.576],[70.036,66.582],[70.03,66.586],[70.033,66.596],[70.042,66.597],[70.051,66.596],[70.084,66.584],[70.114,66.564],[70.112,66.56]]],[[[69.68,66.56],[69.739,66.582],[69.963,66.532],[70.01,66.483],[69.882,66.464],[69.59,66.598],[69.68,66.56]]],[[[70.313,66.581],[70.278,66.579],[70.274,66.605],[70.313,66.581]]],[[[69.357,66.608],[69.36,66.601],[69.351,66.602],[69.342,66.605],[69.331,66.61],[69.334,66.613],[69.346,66.608],[69.357,66.608]]],[[[70.689,66.665],[71.002,66.582],[71.024,66.568],[70.959,66.56],[71.021,66.55],[70.704,66.488],[70.337,66.566],[70.303,66.605],[70.31,66.633],[70.439,66.637],[70.465,66.665],[70.689,66.665]]],[[[69.39,66.706],[69.445,66.694],[69.395,66.688],[69.405,66.639],[69.314,66.676],[69.412,66.629],[69.336,66.629],[69.295,66.672],[69.298,66.693],[69.39,66.706]]],[[[70.648,66.722],[70.62,66.715],[70.618,66.715],[70.599,66.713],[70.599,66.713],[70.596,66.713],[70.595,66.716],[70.594,66.718],[70.602,66.721],[70.614,66.721],[70.621,66.724],[70.628,66.725],[70.636,66.727],[70.649,66.727],[70.651,66.725],[70.648,66.722]]],[[[70.595,66.737],[70.623,66.734],[70.533,66.731],[70.595,66.737]]],[[[69.455,66.728],[69.452,66.702],[69.402,66.734],[69.455,66.728]]],[[[71.611,66.736],[71.609,66.729],[71.602,66.73],[71.598,66.734],[71.586,66.736],[71.579,66.741],[71.585,66.745],[71.594,66.745],[71.607,66.742],[71.611,66.736]]],[[[69.452,66.749],[69.462,66.743],[69.431,66.744],[69.431,66.744],[69.425,66.743],[69.414,66.742],[69.398,66.743],[69.391,66.748],[69.397,66.751],[69.408,66.752],[69.452,66.749]]],[[[70.391,66.731],[70.546,66.722],[70.5,66.703],[70.583,66.685],[70.372,66.669],[70.17,66.711],[70.313,66.726],[70.265,66.732],[70.327,66.753],[70.391,66.731]]],[[[69.629,66.749],[69.753,66.751],[70.172,66.654],[70.125,66.638],[70.133,66.621],[70.082,66.631],[70.096,66.61],[69.953,66.643],[70.036,66.6],[69.84,66.62],[69.589,66.716],[69.605,66.757],[69.629,66.749]]],[[[69.689,66.674],[69.771,66.632],[70.165,66.543],[70.069,66.534],[70.129,66.517],[70.057,66.491],[70,66.533],[69.632,66.587],[69.592,66.642],[69.531,66.665],[69.566,66.677],[69.482,66.752],[69.544,66.768],[69.552,66.719],[69.689,66.674]]],[[[69.666,66.766],[69.676,66.762],[69.677,66.761],[69.653,66.762],[69.65,66.76],[69.649,66.76],[69.649,66.757],[69.649,66.755],[69.644,66.752],[69.639,66.755],[69.64,66.758],[69.631,66.764],[69.628,66.767],[69.622,66.77],[69.646,66.769],[69.646,66.769],[69.665,66.766],[69.666,66.766]]],[[[69.986,66.742],[70.089,66.713],[69.923,66.713],[69.795,66.76],[69.986,66.742]]],[[[69.707,66.763],[69.699,66.762],[69.66,66.772],[69.607,66.774],[69.6,66.775],[69.598,66.776],[69.6,66.777],[69.607,66.78],[69.63,66.78],[69.661,66.776],[69.715,66.774],[69.722,66.771],[69.707,66.763]]],[[[69.293,66.797],[69.534,66.786],[69.332,66.726],[69.156,66.786],[69.293,66.797]]],[[[69.593,66.796],[69.7,66.78],[69.54,66.8],[69.593,66.796]]],[[[69.762,66.783],[69.732,66.782],[69.701,66.786],[69.685,66.798],[69.684,66.802],[69.695,66.804],[69.711,66.802],[69.731,66.796],[69.745,66.788],[69.762,66.783]]],[[[69.185,66.805],[69.167,66.799],[69.162,66.799],[69.143,66.808],[69.15,66.808],[69.185,66.805]]],[[[71.547,66.798],[71.543,66.797],[71.536,66.803],[71.532,66.807],[71.529,66.81],[71.527,66.815],[71.526,66.816],[71.525,66.818],[71.535,66.817],[71.542,66.81],[71.542,66.805],[71.542,66.804],[71.547,66.798]]],[[[69.208,66.835],[69.408,66.848],[69.639,66.799],[69.075,66.822],[69.119,66.856],[69.208,66.835]]],[[[71.503,66.877],[71.552,66.865],[71.513,66.855],[71.562,66.848],[71.537,66.832],[71.597,66.823],[71.496,66.83],[71.557,66.739],[71.627,66.711],[71.601,66.7],[71.624,66.677],[71.598,66.636],[71.399,66.605],[71.34,66.62],[71.414,66.632],[71.271,66.638],[71.216,66.607],[71.232,66.597],[71.076,66.625],[71.1,66.595],[71.026,66.589],[70.628,66.683],[70.712,66.709],[71.008,66.646],[70.736,66.718],[70.875,66.804],[71.081,66.796],[71.233,66.858],[71.503,66.877]]],[[[71.39,66.869],[71.354,66.87],[71.457,66.881],[71.39,66.869]]],[[[71.654,66.897],[71.643,66.896],[71.639,66.896],[71.625,66.897],[71.619,66.9],[71.624,66.903],[71.646,66.905],[71.655,66.902],[71.659,66.901],[71.659,66.901],[71.654,66.897]]],[[[77.684,67.441],[77.662,67.442],[77.699,67.454],[77.684,67.441]]],[[[77.834,67.407],[77.778,67.454],[77.826,67.475],[77.853,67.417],[77.834,67.407]]],[[[77.875,67.501],[77.83,67.493],[77.914,67.537],[77.957,67.525],[77.875,67.501]]],[[[77.736,67.461],[77.704,67.489],[77.74,67.528],[77.864,67.538],[77.736,67.461]]],[[[79.087,67.521],[79.083,67.52],[79.041,67.535],[79.021,67.549],[79.025,67.552],[79.036,67.553],[79.045,67.548],[79.053,67.544],[79.064,67.542],[79.084,67.53],[79.087,67.521]]],[[[78.732,67.518],[78.725,67.51],[78.718,67.512],[78.704,67.516],[78.695,67.519],[78.687,67.524],[78.659,67.531],[78.642,67.537],[78.633,67.55],[78.634,67.553],[78.652,67.555],[78.69,67.548],[78.72,67.539],[78.732,67.532],[78.738,67.525],[78.732,67.518]]],[[[78.644,67.525],[78.64,67.523],[78.598,67.535],[78.57,67.545],[78.57,67.545],[78.56,67.554],[78.583,67.556],[78.627,67.536],[78.644,67.525]]],[[[78.734,67.548],[78.689,67.562],[78.746,67.567],[78.734,67.548]]],[[[78.958,67.553],[78.885,67.573],[78.963,67.572],[78.958,67.553]]],[[[78.835,67.574],[78.825,67.572],[78.804,67.572],[78.79,67.577],[78.783,67.583],[78.783,67.588],[78.787,67.588],[78.808,67.586],[78.835,67.574]]],[[[67.299,68.814],[67.414,68.76],[67.149,68.801],[67.299,68.814]]],[[[65.732,69.097],[65.728,69.093],[65.706,69.101],[65.714,69.103],[65.737,69.1],[65.74,69.099],[65.732,69.097]]],[[[67.28,69.394],[67.186,69.365],[67.301,69.403],[67.28,69.394]]],[[[67.046,69.429],[67.326,69.428],[67.188,69.385],[67.163,69.348],[66.957,69.424],[66.974,69.444],[67.046,69.429]]],[[[67.609,69.477],[67.621,69.476],[67.623,69.473],[67.615,69.472],[67.606,69.475],[67.595,69.473],[67.583,69.474],[67.584,69.474],[67.593,69.477],[67.597,69.477],[67.609,69.477]]],[[[66.975,69.48],[66.952,69.487],[67.019,69.504],[66.975,69.48]]],[[[67.356,69.577],[67.394,69.525],[67.344,69.471],[67.295,69.462],[67.314,69.442],[67.171,69.437],[67.036,69.475],[67.193,69.563],[67.356,69.577]]],[[[66.56,70.594],[66.542,70.594],[66.533,70.595],[66.506,70.597],[66.512,70.602],[66.559,70.606],[66.563,70.602],[66.566,70.6],[66.56,70.594]]],[[[67.38,70.668],[67.364,70.669],[67.338,70.684],[67.338,70.687],[67.35,70.688],[67.359,70.688],[67.369,70.687],[67.375,70.683],[67.385,70.68],[67.38,70.668]]],[[[67.371,70.694],[67.346,70.697],[67.388,70.707],[67.371,70.694]]],[[[66.548,70.835],[66.472,70.827],[66.558,70.925],[66.62,70.907],[66.548,70.835]]],[[[66.637,70.931],[66.671,70.935],[66.565,70.945],[66.627,70.992],[66.711,70.969],[66.637,70.931]]],[[[66.832,70.984],[66.722,70.974],[66.667,71.03],[66.741,71.089],[66.808,71.086],[66.838,71.068],[66.773,71.05],[66.826,71.022],[66.832,70.984]]],[[[75.617,72.22],[75.6,72.215],[75.595,72.219],[75.625,72.226],[75.617,72.22]]],[[[75.687,72.202],[75.66,72.21],[75.701,72.229],[75.687,72.202]]],[[[75.641,72.21],[75.634,72.21],[75.641,72.218],[75.647,72.226],[75.658,72.232],[75.675,72.236],[75.683,72.235],[75.673,72.224],[75.668,72.219],[75.641,72.21]]],[[[77.278,72.225],[77.189,72.229],[77.299,72.238],[77.278,72.225]]],[[[76.914,72.242],[76.942,72.225],[76.9,72.217],[76.953,72.203],[76.909,72.184],[76.952,72.16],[76.867,72.217],[76.914,72.242]]],[[[77.032,72.222],[76.973,72.239],[77.029,72.243],[77.032,72.222]]],[[[77.025,72.264],[77.02,72.263],[77.005,72.264],[76.99,72.26],[76.964,72.265],[76.96,72.269],[76.968,72.272],[77.023,72.267],[77.025,72.264]]],[[[78.592,72.276],[78.586,72.276],[78.578,72.286],[78.58,72.289],[78.587,72.289],[78.596,72.279],[78.592,72.276]]],[[[78.026,72.336],[78.02,72.335],[77.986,72.335],[77.978,72.337],[77.979,72.34],[77.995,72.34],[78.005,72.343],[78.016,72.344],[78.026,72.34],[78.026,72.336]]],[[[78.428,72.376],[78.466,72.363],[78.406,72.343],[78.412,72.321],[78.278,72.353],[78.428,72.376]]],[[[75.661,72.497],[75.623,72.501],[75.677,72.507],[75.661,72.497]]],[[[78.341,72.46],[78.317,72.395],[78.328,72.457],[78.21,72.442],[78.095,72.389],[77.87,72.347],[77.802,72.285],[76.947,72.269],[76.848,72.302],[76.942,72.359],[77.228,72.434],[77.341,72.525],[77.614,72.603],[78.165,72.56],[78.286,72.514],[78.341,72.46]]],[[[72.81,72.598],[72.805,72.598],[72.796,72.606],[72.802,72.611],[72.808,72.612],[72.816,72.61],[72.815,72.606],[72.81,72.598]]],[[[72.795,72.614],[72.781,72.61],[72.771,72.61],[72.768,72.612],[72.772,72.615],[72.797,72.621],[72.8,72.618],[72.795,72.614]]],[[[72.753,72.67],[72.741,72.67],[72.737,72.674],[72.745,72.676],[72.777,72.676],[72.77,72.673],[72.754,72.67],[72.753,72.67]]],[[[72.912,72.575],[72.833,72.6],[72.804,72.677],[72.924,72.658],[72.86,72.613],[72.912,72.575]]],[[[74.697,72.839],[74.669,72.845],[74.721,72.859],[74.697,72.839]]],[[[74.84,72.86],[74.832,72.86],[74.825,72.862],[74.823,72.867],[74.827,72.871],[74.842,72.872],[74.846,72.87],[74.846,72.863],[74.84,72.86]]],[[[69.81,72.903],[69.798,72.901],[69.781,72.905],[69.775,72.909],[69.779,72.911],[69.792,72.911],[69.81,72.903]]],[[[74.748,72.909],[74.739,72.908],[74.732,72.908],[74.729,72.914],[74.741,72.919],[74.748,72.92],[74.752,72.92],[74.748,72.909]]],[[[74.714,72.915],[74.709,72.914],[74.709,72.92],[74.721,72.927],[74.724,72.927],[74.737,72.93],[74.744,72.93],[74.744,72.926],[74.725,72.921],[74.714,72.915]]],[[[74.673,72.933],[74.664,72.933],[74.661,72.937],[74.665,72.94],[74.683,72.945],[74.696,72.946],[74.698,72.943],[74.673,72.933]]],[[[67.38,70.668],[67.392,70.713],[67.354,70.72],[67.372,70.732],[67.336,70.785],[67.276,70.824],[67.148,70.831],[66.712,70.748],[66.732,70.811],[66.643,70.855],[66.763,70.899],[66.909,71.004],[66.877,71.035],[66.938,71.029],[66.894,71.043],[66.994,71.06],[66.767,71.101],[66.96,71.263],[67.38,71.346],[67.954,71.506],[68.263,71.638],[68.446,71.768],[68.552,71.889],[68.571,71.959],[68.607,71.974],[68.645,72.085],[68.729,72.102],[68.667,72.119],[68.756,72.29],[68.818,72.296],[68.765,72.301],[68.812,72.442],[68.895,72.532],[68.925,72.63],[69.008,72.631],[68.935,72.656],[69.162,72.762],[69.339,72.936],[69.611,72.949],[69.749,72.941],[69.773,72.916],[69.521,72.875],[69.596,72.85],[69.862,72.877],[71.557,72.885],[71.987,72.821],[71.918,72.796],[72.031,72.785],[72.056,72.809],[72.005,72.818],[72.074,72.82],[72.826,72.692],[72.674,72.692],[72.787,72.628],[72.676,72.591],[72.694,72.538],[72.772,72.493],[72.597,72.491],[72.776,72.483],[72.75,72.449],[72.819,72.261],[72.699,72.206],[72.7,72.12],[72.569,72.057],[72.526,72],[72.543,71.952],[72.503,71.897],[72.349,71.861],[72.323,71.814],[72.336,71.706],[72.212,71.66],[72.167,71.584],[71.929,71.537],[71.834,71.48],[71.869,71.417],[72.007,71.346],[72.042,71.286],[72.231,71.207],[72.625,71.122],[72.654,71.074],[72.59,70.997],[72.832,70.86],[72.792,70.783],[72.787,70.683],[72.706,70.576],[72.769,70.505],[72.761,70.387],[72.638,70.371],[72.432,70.266],[72.382,70.292],[72.578,70.144],[72.488,69.993],[72.609,69.907],[72.681,69.8],[72.683,69.76],[72.519,69.635],[72.695,69.465],[72.625,69.411],[72.51,69.431],[72.643,69.284],[72.511,69.205],[72.487,69.092],[72.583,68.924],[72.652,68.873],[73.475,68.577],[73.57,68.515],[73.604,68.457],[73.577,68.404],[73.558,68.436],[73.575,68.471],[73.464,68.45],[73.426,68.366],[73.094,68.213],[73.113,68.149],[73.043,68.079],[73.215,67.902],[73.194,67.832],[73.085,67.795],[73.131,67.702],[73.101,67.68],[73.102,67.716],[72.877,67.681],[72.889,67.627],[72.604,67.578],[72.564,67.497],[72.426,67.449],[72.464,67.378],[72.403,67.306],[72.216,67.315],[72.148,67.285],[72.23,67.224],[72.25,67.179],[72.23,67.129],[72.103,67.15],[71.924,67.111],[72.045,67.092],[72.014,67.064],[72.061,67.038],[71.982,67.029],[71.826,66.954],[71.792,66.912],[71.832,66.884],[71.728,66.897],[71.745,66.876],[71.69,66.868],[71.72,66.905],[71.705,66.929],[71.586,66.938],[71.534,66.904],[71.403,66.968],[71.329,66.943],[71.486,66.899],[71.202,66.868],[71.062,66.807],[70.872,66.816],[70.789,66.769],[70.507,66.73],[70.312,66.761],[70.116,66.735],[69.947,66.857],[69.904,66.852],[69.88,66.822],[69.899,66.81],[69.692,66.807],[69.33,66.853],[69.122,66.914],[69.009,66.868],[68.896,66.868],[68.836,66.901],[68.775,66.871],[69.097,66.856],[69.068,66.814],[68.931,66.771],[69.177,66.754],[69.132,66.616],[69.203,66.575],[69.474,66.483],[69.827,66.452],[69.949,66.389],[70.391,66.32],[70.995,66.351],[71.419,66.336],[71.723,66.293],[71.822,66.234],[71.982,66.247],[72,66.223],[72.104,66.223],[72.252,66.25],[72.264,66.284],[72.327,66.287],[72.431,66.347],[72.37,66.46],[72.321,66.482],[72.401,66.484],[72.322,66.495],[72.434,66.534],[72.498,66.591],[72.544,66.578],[72.565,66.601],[72.926,66.639],[73.043,66.723],[73.506,66.823],[73.629,66.88],[73.637,66.928],[73.872,66.987],[73.882,67.048],[73.935,67.07],[73.915,67.1],[73.967,67.186],[73.92,67.251],[73.934,67.288],[74.144,67.44],[74.728,67.668],[74.779,67.743],[74.798,68.028],[74.647,68.212],[74.312,68.37],[74.461,68.496],[74.439,68.663],[74.485,68.713],[74.759,68.799],[76.087,68.989],[76.555,68.988],[76.655,68.855],[76.594,68.787],[76.612,68.754],[76.993,68.62],[77.04,68.592],[77.042,68.554],[77.147,68.571],[77.313,68.491],[77.207,68.473],[77.251,68.377],[77.121,68.292],[77.167,68.257],[77.313,68.241],[77.184,68.108],[77.188,67.943],[77.273,67.885],[77.197,67.81],[77.094,67.82],[77.044,67.787],[77.148,67.73],[77.526,67.646],[77.681,67.578],[77.603,67.327],[77.636,67.322],[77.626,67.356],[77.657,67.405],[77.717,67.438],[77.913,67.362],[77.858,67.475],[77.982,67.514],[78.214,67.559],[78.333,67.522],[78.512,67.532],[78.458,67.545],[78.503,67.551],[78.723,67.494],[78.83,67.413],[79.076,67.353],[79.212,67.28],[79.381,67.279],[79.374,67.243],[79.645,67.155],[80.008,67.125],[79.865,67.155],[80.01,67.152],[79.954,67.169],[79.681,67.158],[79.404,67.242],[79.401,67.28],[79.233,67.284],[79.096,67.361],[78.9,67.398],[78.746,67.505],[78.773,67.561],[79.032,67.529],[79.251,67.464],[79.368,67.37],[79.504,67.354],[79.522,67.279],[79.542,67.331],[79.494,67.372],[79.384,67.378],[79.172,67.512],[78.809,67.61],[78.842,67.631],[78.708,67.633],[78.662,67.595],[78.567,67.584],[78.466,67.606],[78.606,67.612],[78.608,67.65],[78.462,67.643],[78.411,67.676],[78.385,67.627],[78.327,67.654],[78.091,67.632],[77.987,67.675],[77.845,67.662],[77.961,67.698],[77.809,67.713],[77.763,67.758],[77.643,67.708],[77.456,67.748],[77.446,67.859],[77.482,67.901],[77.584,67.918],[77.503,67.936],[77.462,68.077],[77.478,68.114],[77.657,68.209],[77.991,68.223],[78.149,68.261],[78.035,68.36],[77.95,68.383],[77.857,68.456],[77.935,68.468],[77.932,68.492],[77.767,68.534],[77.718,68.601],[77.75,68.717],[77.666,68.802],[77.65,68.884],[77.605,68.905],[76.944,69.02],[76.671,69.144],[76.445,69.147],[75.964,69.257],[75.513,69.265],[75.194,69.168],[75.153,69.144],[75.164,69.119],[74.793,69.101],[74.522,69.151],[74.31,69.147],[73.963,69.083],[73.891,69.096],[73.804,69.156],[73.778,69.206],[73.884,69.321],[73.91,69.426],[73.833,69.521],[73.606,69.636],[73.54,69.72],[73.544,69.766],[73.66,69.818],[73.677,69.876],[73.756,69.948],[73.731,69.969],[73.798,70.061],[73.694,70.106],[74.204,70.402],[74.267,70.454],[74.312,70.595],[74.228,70.683],[73.906,70.849],[73.889,70.877],[73.927,70.944],[73.738,71.024],[73.589,71.19],[73.313,71.318],[72.989,71.399],[73.118,71.48],[73.422,71.587],[73.544,71.687],[73.546,71.719],[73.482,71.764],[73.551,71.804],[74.528,71.987],[74.994,72.171],[75.073,72.287],[75.065,72.436],[74.966,72.637],[74.768,72.8],[74.986,72.868],[75.425,72.754],[75.471,72.729],[75.332,72.732],[75.29,72.694],[75.633,72.535],[75.495,72.516],[75.476,72.485],[75.537,72.427],[75.542,72.376],[75.624,72.318],[75.597,72.316],[75.661,72.297],[75.681,72.262],[75.508,72.199],[75.467,72.155],[75.453,72.083],[75.37,72.013],[75.424,71.98],[75.375,71.937],[75.281,71.933],[75.293,71.954],[75.253,71.934],[75.272,71.881],[75.221,71.827],[75.216,71.775],[75.264,71.72],[75.467,71.634],[75.405,71.58],[75.492,71.515],[75.395,71.479],[75.387,71.433],[75.304,71.443],[75.202,71.414],[75.281,71.333],[75.392,71.289],[75.797,71.211],[77.776,71.111],[77.898,71.034],[77.92,70.957],[78.394,70.894],[78.446,70.965],[78.433,70.999],[78.272,71.048],[78.22,71.103],[78.277,71.239],[78.016,71.261],[77.942,71.227],[77.897,71.263],[77.961,71.332],[77.883,71.338],[77.84,71.331],[77.893,71.312],[77.71,71.292],[77.71,71.257],[77.531,71.304],[77.471,71.298],[77.537,71.283],[77.373,71.302],[77.196,71.353],[77.143,71.411],[76.894,71.423],[76.33,71.561],[76.293,71.59],[76.304,71.657],[76.168,71.738],[76.078,71.867],[75.993,71.878],[76.473,72.022],[76.885,72.056],[77.602,71.817],[77.828,71.812],[78.105,71.861],[78.247,71.951],[78.217,72],[78.04,72.089],[77.735,72.098],[77.524,72.056],[77.392,72.084],[77.51,72.18],[77.453,72.209],[77.684,72.188],[77.87,72.304],[78.077,72.353],[78.276,72.346],[78.605,72.274],[78.414,72.332],[78.531,72.372],[78.721,72.266],[78.704,72.209],[79.005,72.113],[79.296,72.046],[79.824,72.051],[80.435,71.922],[80.498,71.871],[80.471,71.847],[80.253,71.825],[80.232,71.752],[80.171,71.693],[80.037,71.63],[79.847,71.601],[79.448,71.598],[79.467,71.501],[79.436,71.467],[79.353,71.456],[79.33,71.418],[79.401,71.314],[79.703,71.254],[79.952,71.133],[80.641,71.044],[80.717,70.997],[80.746,70.869],[80.854,70.794],[80.767,70.693],[80.941,70.628],[80.775,70.475],[80.944,70.397],[80.898,70.371],[80.618,70.418],[80.281,70.399],[80.275,70.365],[79.779,70.199],[79.629,70.099],[79.612,70.127],[79.464,70.143],[79.419,70.12],[79.41,70.052],[79.212,69.942],[78.999,69.869],[79.035,69.813],[79.152,69.736],[79.117,69.651],[79.513,69.621],[79.577,69.57],[79.62,69.466],[79.702,69.4],[79.779,69.395],[79.888,69.327],[80.007,69.304],[80.314,69.313],[80.705,69.281],[81.032,69.192],[81.155,69.188],[81.391,69.239],[81.627,69.235],[81.712,69.266],[81.745,69.313],[81.723,69.375],[81.794,69.417],[82.079,69.343],[82.078,69.289],[81.927,69.214],[81.947,69.177],[82.473,69.127],[82.521,69.102],[82.542,69.079],[82.433,69.03],[82.57,68.936],[82.641,68.8],[82.883,68.712],[82.945,68.606],[82.721,68.551],[82.782,68.417],[82.746,68.296],[82.761,68.261],[82.595,68.217],[82.564,68.132],[82.423,68.067],[82.409,67.924],[82.242,67.903],[82.105,67.927],[81.784,67.883],[81.954,67.749],[82.095,67.71],[82.115,67.682],[82.099,67.642],[82.137,67.608],[82.415,67.499],[82.422,67.462],[82.34,67.398],[82.363,67.288],[82.175,67.201],[83.062,66.882],[83.08,66.825],[83.24,66.784],[83.294,66.689],[83.352,66.652],[83.314,66.603],[83.108,66.5],[83.117,66.455],[83.375,66.33],[83.605,66.143],[83.467,66.103],[83.465,66.054],[83.372,66.014],[83.405,65.967],[83.54,65.895],[83.573,65.787],[83.756,65.737],[83.96,65.757],[84.311,65.657],[84.358,65.611],[84.179,65.567],[84.413,65.535],[84.513,65.505],[84.584,65.447],[84.571,65.39],[84.653,65.269],[84.414,65.175],[84.339,65.105],[84.449,64.994],[84.382,64.933],[84.423,64.907],[84.715,64.894],[85.076,64.923],[85.101,64.891],[85.018,64.849],[85.161,64.827],[85.255,64.78],[85.353,64.772],[85.563,64.837],[85.855,64.756],[85.872,64.634],[85.921,64.572],[85.818,64.492],[85.915,64.403],[85.89,64.365],[85.966,64.266],[85.984,64.191],[85.949,64.166],[85.961,64.052],[85.357,63.838],[85.326,63.802],[85.315,63.668],[85.122,63.579],[85.151,63.532],[85.346,63.483],[85.456,63.37],[85.611,63.361],[85.565,63.249],[85.587,63.204],[85.534,63.17],[85.616,63.076],[85.591,63.026],[85.535,63.005],[85.509,62.923],[85.352,62.861],[85.278,62.777],[85.043,62.668],[84.96,62.579],[84.97,62.54],[84.918,62.447],[84.586,62.265],[84.515,62.178],[84.326,62.268],[84.308,62.334],[84.22,62.381],[84.11,62.376],[83.924,62.517],[83.802,62.541],[83.622,62.478],[83.608,62.53],[83.454,62.457],[83.224,62.489],[83.103,62.533],[83.076,62.605],[82.798,62.646],[82.792,62.757],[82.4,62.752],[82.128,62.822],[82.041,62.815],[81.931,62.696],[81.852,62.685],[81.757,62.711],[81.618,62.807],[81.515,62.787],[81.35,62.836],[81.302,62.865],[81.338,62.918],[81.067,63.047],[80.989,63.134],[80.952,63.138],[80.651,63.085],[80.64,63.012],[80.605,62.988],[80.501,62.983],[80.505,62.963],[80.229,62.845],[79.963,62.814],[79.929,62.796],[79.838,62.589],[79.163,62.575],[78.8,62.609],[78.27,62.569],[78.049,62.521],[77.838,62.567],[77.241,62.79],[77.153,62.844],[77.043,62.968],[76.966,63.003],[76.741,63.038],[76.577,63.034],[76.336,62.97],[76.242,63.03],[75.799,63.121],[75.042,63.05],[74.531,63.033],[74.307,63.146],[74.172,63.178],[73.531,63.179],[73.425,63.207],[73.291,63.308],[73.215,63.326],[73.152,63.411],[72.99,63.417],[72.934,63.411],[72.748,63.291],[72.22,63.295],[72.089,63.243],[71.679,63.197],[71.567,63.411],[71.557,63.569],[71.435,63.665],[71.359,63.688],[70.936,63.694],[70.89,63.806],[70.652,64.005],[70.813,64.088],[70.8,64.145],[70.754,64.182],[70.503,64.243],[70.336,64.332],[69.877,64.302],[69.83,64.359],[69.467,64.353],[69.341,64.414],[69.12,64.426],[68.952,64.402],[69.047,64.318],[68.958,64.257],[68.974,64.2],[68.948,64.17],[68.513,64.272],[67.807,64.028],[67.737,64.085],[67.281,64.057],[67.228,64.129],[66.975,64.159],[66.879,64.203],[66.84,64.256],[66.957,64.413],[66.948,64.445],[66.825,64.507],[66.403,64.45],[66.179,64.527],[65.559,64.495],[64.688,64.377],[64.583,64.388],[64.489,64.354],[64.102,64.355],[63.863,64.271],[63.684,64.254],[63.508,64.321],[63.494,64.384],[63.435,64.441],[63.068,64.514],[62.886,64.474],[62.592,64.557],[62.562,64.609],[62.784,64.675],[62.874,64.773],[62.742,64.906],[62.818,64.982],[62.875,65.291],[62.458,65.402],[62.436,65.487],[62.301,65.603],[62.063,65.702],[62.775,65.856],[62.79,65.91],[62.896,65.965],[62.835,66.022],[63.016,66.111],[63.064,66.186],[63.157,66.237],[63.324,66.229],[63.24,66.323],[63.312,66.356],[63.338,66.422],[63.394,66.455],[63.61,66.479],[63.81,66.537],[64.025,66.643],[64.287,66.643],[64.367,66.689],[64.564,66.728],[64.602,66.791],[64.883,66.822],[65.119,66.901],[65.054,67.07],[65.185,67.097],[65.319,67.191],[65.585,67.267],[65.75,67.362],[65.918,67.38],[66.137,67.452],[66.152,67.496],[66.064,67.561],[65.825,67.595],[65.982,67.668],[66.204,67.646],[66.267,67.671],[66.203,67.748],[66.026,67.807],[66.113,67.853],[66.128,67.897],[66.07,67.947],[65.575,67.906],[65.381,67.974],[65.344,68.07],[65.333,68.285],[65.485,68.364],[65.486,68.409],[65.675,68.478],[65.711,68.53],[65.572,68.65],[65.617,68.704],[65.443,68.739],[65.444,68.785],[65.309,68.816],[65.118,68.807],[64.884,68.888],[64.807,68.901],[64.77,68.866],[64.646,68.902],[64.684,68.93],[64.6,69.008],[64.795,69.075],[64.754,69.133],[64.831,69.218],[64.944,69.257],[65.102,69.255],[65.476,69.154],[66.202,69.074],[66.41,69.002],[66.566,68.909],[66.169,69.064],[65.855,69.076],[65.774,69.086],[65.785,69.109],[65.569,69.131],[65.807,69.048],[65.903,69.056],[66.238,68.979],[66.3,68.988],[66.314,68.954],[66.388,68.929],[67.167,68.815],[67.069,68.79],[67.078,68.757],[67.233,68.678],[67.426,68.645],[67.846,68.471],[67.724,68.488],[67.801,68.449],[67.782,68.443],[67.798,68.427],[67.893,68.447],[68.229,68.36],[68.21,68.355],[68.274,68.308],[68.179,68.278],[68.205,68.262],[68.192,68.215],[68.303,68.188],[68.255,68.137],[68.512,68.248],[68.607,68.252],[68.536,68.269],[68.618,68.305],[68.585,68.312],[68.599,68.361],[68.921,68.607],[69.038,68.777],[69.131,68.81],[69.113,68.859],[68.973,68.881],[69.05,68.893],[69.072,68.933],[68.77,68.901],[68.486,68.968],[68.319,69.106],[68.116,69.221],[68.025,69.337],[68.122,69.373],[68.127,69.48],[68.157,69.518],[68.041,69.515],[68.026,69.493],[68.067,69.482],[67.983,69.469],[67.81,69.503],[67.524,69.611],[67.391,69.601],[67.047,69.691],[66.98,69.672],[67.027,69.635],[66.902,69.613],[66.966,69.654],[66.876,69.616],[66.889,69.576],[67.003,69.524],[66.935,69.505],[66.846,69.555],[66.808,69.703],[66.827,69.845],[66.887,69.96],[66.955,70.023],[67.032,70.012],[66.956,69.996],[66.968,69.962],[67.116,69.944],[67.293,69.964],[67.436,70.024],[67.366,70.105],[67.299,70.123],[67.252,70.211],[67.128,70.212],[67.225,70.372],[67.362,70.446],[67.209,70.528],[67.264,70.573],[67.26,70.606],[67.38,70.668]]],[[[74.67,72.954],[74.639,72.941],[74.635,72.945],[74.659,72.956],[74.67,72.957],[74.67,72.954]]],[[[71.784,73.049],[71.779,73.047],[71.77,73.049],[71.765,73.06],[71.77,73.063],[71.778,73.063],[71.788,73.056],[71.784,73.049]]],[[[71.681,73.081],[71.656,73.07],[71.656,73.079],[71.678,73.082],[71.681,73.081]]],[[[71.724,73.086],[71.758,73.084],[71.683,73.07],[71.724,73.086]]],[[[74.678,73.092],[74.891,73.041],[74.7,73.067],[74.66,73.025],[74.678,73.014],[74.657,72.97],[74.605,72.927],[74.673,72.87],[74.599,72.843],[74.531,72.857],[74.573,72.872],[74.373,72.888],[74.344,72.917],[74.264,72.914],[74.074,72.987],[74.182,73.078],[74.304,73.109],[74.678,73.092]]],[[[71.594,73.143],[71.579,73.14],[71.558,73.141],[71.553,73.145],[71.562,73.148],[71.569,73.148],[71.579,73.149],[71.588,73.148],[71.597,73.148],[71.599,73.145],[71.594,73.143]]],[[[71.526,73.151],[71.513,73.15],[71.496,73.151],[71.492,73.154],[71.495,73.157],[71.516,73.158],[71.53,73.156],[71.533,73.154],[71.526,73.151]]],[[[76.689,73.133],[76.332,73.129],[76.173,73.152],[76.11,73.194],[76.616,73.167],[76.689,73.133]]],[[[75.973,73.145],[75.943,73.161],[75.988,73.207],[75.954,73.167],[75.973,73.145]]],[[[71.3,73.296],[71.426,73.339],[71.626,73.219],[71.646,73.167],[71.361,73.163],[71.085,73.105],[70.897,73.114],[70.423,73.016],[70.181,73.02],[70.081,73.077],[70.077,73.052],[70.011,73.05],[70.107,73.004],[69.936,73.009],[69.92,73.04],[70.026,73.252],[70.03,73.336],[69.987,73.386],[70.307,73.451],[70.832,73.493],[70.991,73.481],[71.272,73.428],[71.261,73.412],[71.37,73.376],[71.391,73.327],[71.3,73.296]]],[[[76.355,73.495],[76.636,73.448],[76.746,73.402],[76.312,73.486],[76.048,73.493],[76.126,73.52],[76.355,73.495]]],[[[75.953,73.526],[76.088,73.52],[75.863,73.481],[75.896,73.445],[75.876,73.433],[75.567,73.429],[75.569,73.482],[75.425,73.43],[75.402,73.374],[75.367,73.38],[75.411,73.45],[75.581,73.51],[75.953,73.526]]]]}},{"type":"Feature","properties":{"id":"83","name":"Yaroslavl’"},"geometry":{"type":"Polygon","coordinates":[[[39.039,58.948],[39.1,58.925],[39.155,58.955],[39.528,58.872],[39.661,58.889],[39.727,58.815],[39.841,58.83],[39.882,58.768],[40.137,58.663],[40.149,58.633],[40.089,58.624],[40.119,58.589],[40.322,58.528],[40.358,58.553],[40.463,58.521],[40.52,58.56],[40.564,58.538],[40.789,58.558],[40.84,58.547],[40.84,58.514],[41.038,58.515],[41.087,58.498],[41.114,58.417],[41.218,58.348],[40.88,58.178],[40.921,58.123],[40.76,58.062],[40.787,57.997],[40.771,57.953],[40.621,57.893],[40.699,57.792],[40.61,57.699],[40.694,57.617],[40.665,57.587],[40.593,57.608],[40.569,57.577],[40.524,57.6],[40.535,57.552],[40.455,57.541],[40.475,57.497],[40.415,57.479],[40.447,57.399],[40.406,57.396],[40.446,57.362],[40.432,57.329],[40.499,57.283],[40.418,57.258],[40.175,57.27],[40.277,57.237],[40.208,57.213],[40.209,57.181],[40.046,57.204],[39.914,57.158],[39.819,57.089],[39.793,57.103],[39.648,57.055],[39.653,57.025],[39.539,56.992],[39.618,56.947],[39.466,56.889],[39.499,56.868],[39.466,56.837],[39.414,56.837],[39.438,56.761],[39.357,56.688],[39.366,56.633],[39.399,56.632],[39.371,56.582],[39.333,56.576],[39.348,56.543],[39.278,56.53],[39.141,56.586],[39.089,56.55],[38.945,56.549],[38.863,56.6],[38.783,56.607],[38.622,56.547],[38.557,56.559],[38.543,56.633],[38.272,56.802],[38.224,56.799],[38.225,56.847],[38.187,56.867],[38.237,56.94],[38.151,56.963],[38.327,57.017],[38.267,57.089],[38.31,57.098],[38.314,57.126],[38.253,57.137],[38.258,57.16],[38.223,57.173],[38.226,57.23],[38.301,57.223],[38.375,57.28],[38.335,57.361],[38.255,57.361],[38.226,57.328],[38.144,57.314],[38.073,57.326],[37.894,57.435],[37.871,57.579],[37.741,57.632],[37.681,57.715],[37.604,57.762],[37.41,57.799],[37.488,57.856],[37.428,57.857],[37.426,57.89],[37.569,57.891],[37.508,57.92],[37.375,57.913],[37.385,57.95],[37.575,57.987],[37.614,58.053],[37.729,58.061],[37.601,58.165],[37.476,58.167],[37.438,58.217],[37.361,58.227],[37.491,58.296],[37.428,58.334],[37.493,58.383],[37.644,58.4],[37.666,58.429],[37.627,58.49],[37.664,58.511],[37.705,58.492],[37.712,58.601],[37.746,58.643],[37.911,58.62],[37.898,58.6],[37.95,58.582],[37.984,58.622],[37.956,58.64],[38.038,58.651],[37.973,58.686],[37.969,58.724],[38.003,58.702],[38.047,58.735],[38.466,58.709],[38.581,58.729],[38.587,58.765],[38.666,58.767],[38.712,58.761],[38.706,58.741],[38.833,58.754],[38.918,58.73],[38.973,58.754],[38.955,58.784],[39.022,58.872],[38.966,58.928],[39.039,58.948]]]}},{"type":"Feature","properties":{"id":"84","name":"Yevrey"},"geometry":{"type":"Polygon","coordinates":[[[132.387,49.32],[132.467,49.28],[132.553,49.312],[132.651,49.293],[132.739,49.323],[132.787,49.242],[133.022,49.23],[133.143,49.186],[133.199,49.081],[133.239,48.904],[133.402,48.79],[133.732,48.692],[134.164,48.645],[134.315,48.747],[134.381,48.744],[134.442,48.69],[134.503,48.682],[134.51,48.637],[134.56,48.605],[134.597,48.636],[134.69,48.593],[134.769,48.622],[134.843,48.608],[134.891,48.594],[134.899,48.53],[134.858,48.473],[134.758,48.431],[134.517,48.479],[134.444,48.465],[134.306,48.378],[134.049,48.333],[134.011,48.311],[134.011,48.279],[133.896,48.261],[133.87,48.186],[133.781,48.199],[133.501,48.074],[133.16,48.106],[133.031,48.056],[133.008,48.018],[132.877,48],[132.805,47.927],[132.67,47.947],[132.666,47.885],[132.562,47.715],[132.318,47.752],[132.245,47.705],[132,47.705],[131.966,47.664],[131.804,47.67],[131.695,47.707],[131.589,47.66],[131.445,47.742],[131.253,47.734],[131.096,47.681],[130.954,47.72],[130.952,47.819],[130.895,47.896],[130.678,48.043],[130.651,48.102],[130.826,48.3],[130.732,48.422],[130.756,48.493],[130.62,48.486],[130.6,48.579],[130.524,48.614],[130.676,48.85],[130.649,48.878],[130.565,48.868],[130.788,48.978],[130.959,48.994],[131.097,49.197],[131.222,49.261],[131.481,49.226],[131.753,49.343],[131.855,49.327],[131.906,49.285],[131.973,49.296],[131.966,49.368],[132.019,49.389],[132.041,49.459],[132.149,49.489],[132.377,49.413],[132.407,49.369],[132.387,49.32]]]}},{"type":"Feature","properties":{"id":"85","name":"Zabaikalskiy Krai"},"geometry":{"type":"MultiPolygon","coordinates":[[[[107.705,49.956],[107.693,49.955],[107.714,49.961],[107.705,49.956]]],[[[117.85,58.412],[118.003,58.374],[118.188,58.379],[118.297,58.337],[118.445,58.226],[118.636,58.177],[119.089,58.224],[119.137,58.127],[119.107,58.096],[119.133,58.048],[119.078,57.984],[119.081,57.904],[119.044,57.792],[119.004,57.768],[119.007,57.727],[119.113,57.697],[119.146,57.649],[119.127,57.568],[119.183,57.513],[119.239,57.538],[119.245,57.601],[119.312,57.616],[119.446,57.579],[119.397,57.499],[119.391,57.418],[119.512,57.33],[119.524,57.267],[119.663,57.164],[119.602,57.12],[119.595,57.056],[119.637,56.981],[119.781,56.906],[119.791,56.876],[119.623,56.786],[119.634,56.754],[119.821,56.698],[119.839,56.673],[119.781,56.651],[119.773,56.606],[119.929,56.54],[119.945,56.496],[120.281,56.457],[120.256,56.39],[120.356,56.369],[120.354,56.316],[120.49,56.276],[120.46,56.247],[120.18,56.222],[120.058,56.156],[120.039,56.077],[120.071,56.012],[120.073,55.911],[120.108,55.891],[120.287,55.931],[120.356,55.89],[120.442,55.897],[120.521,55.932],[120.612,55.932],[120.689,55.98],[120.769,55.981],[120.832,56.025],[121.205,56.019],[121.25,55.983],[121.248,55.868],[121.302,55.828],[121.272,55.745],[121.343,55.608],[121.311,55.557],[121.372,55.508],[121.552,55.485],[121.629,55.518],[121.681,55.609],[121.827,55.592],[121.965,55.468],[121.987,55.391],[121.914,55.212],[122.042,55.195],[121.954,55.145],[121.953,55.022],[121.899,54.967],[121.71,54.873],[121.672,54.784],[121.681,54.739],[121.745,54.777],[121.864,54.792],[121.896,54.748],[121.863,54.67],[121.983,54.525],[122.093,54.49],[122.079,54.451],[121.895,54.4],[121.827,54.401],[121.792,54.453],[121.701,54.419],[121.658,54.373],[121.732,54.199],[121.635,54.123],[121.626,54.044],[121.727,53.955],[121.754,53.988],[121.797,53.974],[121.891,53.85],[121.945,53.82],[121.93,53.761],[121.967,53.713],[121.931,53.671],[121.965,53.636],[121.952,53.553],[122.004,53.533],[122.052,53.421],[121.859,53.423],[121.439,53.323],[121.318,53.322],[121.218,53.281],[121.122,53.273],[121.077,53.302],[120.871,53.286],[120.681,53.174],[120.627,53.104],[120.529,53.071],[120.28,52.866],[120.027,52.772],[120.056,52.705],[120.024,52.632],[120.061,52.584],[120.182,52.577],[120.27,52.62],[120.445,52.642],[120.721,52.543],[120.679,52.508],[120.693,52.483],[120.644,52.365],[120.61,52.345],[120.621,52.313],[120.754,52.25],[120.737,52.207],[120.778,52.158],[120.741,52.078],[120.686,52.054],[120.708,51.998],[120.646,51.928],[120.557,51.912],[120.538,51.879],[120.474,51.883],[120.454,51.844],[120.174,51.682],[120.092,51.677],[120.097,51.647],[120.037,51.596],[120.035,51.54],[119.971,51.491],[119.987,51.453],[119.9,51.385],[119.928,51.355],[119.88,51.341],[119.868,51.297],[119.806,51.283],[119.787,51.244],[119.809,51.22],[119.759,51.218],[119.773,51.171],[119.745,51.09],[119.687,51.019],[119.616,51.005],[119.514,50.907],[119.48,50.739],[119.28,50.61],[119.259,50.517],[119.231,50.503],[119.241,50.451],[119.204,50.41],[119.158,50.418],[119.116,50.385],[119.178,50.346],[119.343,50.348],[119.368,50.317],[119.316,50.277],[119.36,50.229],[119.364,50.175],[119.293,50.079],[119.197,50.012],[119.117,50.013],[119.041,49.977],[118.563,49.926],[118.488,49.872],[118.484,49.834],[118.387,49.824],[118.379,49.776],[118.228,49.728],[118.159,49.661],[118.015,49.612],[117.855,49.505],[117.478,49.628],[117.274,49.632],[116.933,49.725],[116.707,49.834],[116.612,49.938],[116.234,50.032],[116.057,50.008],[115.759,49.887],[115.401,49.902],[115.238,49.979],[114.964,50.193],[114.709,50.253],[114.507,50.237],[114.347,50.283],[114.034,50.186],[113.869,50.085],[113.779,50.09],[113.493,49.975],[113.198,49.813],[113.106,49.678],[113.101,49.614],[112.966,49.586],[112.782,49.5],[112.716,49.492],[112.513,49.546],[111.936,49.396],[111.716,49.407],[111.502,49.344],[111.38,49.373],[111.106,49.274],[110.955,49.184],[110.766,49.145],[110.596,49.162],[110.399,49.258],[110.327,49.192],[110.234,49.165],[109.887,49.21],[109.843,49.191],[109.702,49.232],[109.54,49.226],[109.485,49.288],[109.219,49.361],[108.556,49.334],[108.368,49.443],[108.284,49.529],[108.147,49.556],[108.025,49.615],[108.013,49.675],[107.946,49.677],[107.982,49.744],[107.947,49.855],[107.976,49.92],[107.821,49.934],[107.718,50.01],[107.72,50.067],[107.784,50.114],[107.905,50.146],[107.984,50.266],[108.066,50.258],[108.194,50.332],[108.306,50.344],[108.459,50.411],[108.607,50.386],[108.655,50.459],[108.512,50.468],[108.431,50.541],[108.193,50.593],[108.09,50.659],[108.114,50.705],[108.247,50.749],[108.295,51.008],[108.442,51.032],[108.549,51.094],[108.372,51.182],[108.456,51.279],[108.485,51.392],[108.585,51.395],[108.595,51.484],[108.712,51.434],[109.056,51.445],[109.069,51.408],[109.247,51.35],[109.632,51.427],[109.803,51.542],[109.966,51.594],[110.352,51.587],[110.413,51.515],[110.657,51.497],[110.811,51.569],[110.841,51.663],[110.971,51.72],[111.042,51.8],[111.621,51.94],[111.904,52.178],[112.036,52.238],[112.057,52.279],[112.15,52.295],[112.193,52.26],[112.407,52.232],[112.453,52.245],[112.519,52.333],[112.602,52.355],[112.926,52.344],[113.124,52.447],[113.566,52.476],[113.774,52.627],[114.066,52.678],[114.234,52.822],[114.25,52.927],[114.292,52.94],[114.325,53.066],[114.131,53.107],[114.196,53.146],[114.176,53.207],[114.102,53.202],[113.944,53.276],[113.943,53.355],[113.846,53.411],[113.844,53.615],[113.983,53.714],[114.321,53.782],[114.351,53.815],[114.497,53.815],[114.617,53.948],[114.856,54.001],[115.224,54.194],[115.459,54.27],[115.568,54.391],[116.282,54.514],[116.496,54.501],[116.712,54.538],[116.812,54.614],[116.812,54.672],[116.867,54.696],[116.95,54.874],[116.825,55.08],[116.62,55.162],[116.413,55.337],[116.184,55.329],[115.96,55.372],[115.925,55.46],[115.927,55.656],[115.872,55.703],[115.855,55.776],[115.848,55.836],[115.883,55.905],[115.799,56.01],[115.813,56.08],[115.864,56.128],[115.857,56.162],[115.714,56.351],[115.714,56.413],[115.799,56.425],[115.787,56.46],[115.737,56.479],[115.69,56.568],[115.524,56.6],[115.462,56.635],[115.468,56.658],[115.626,56.726],[115.596,56.869],[115.803,56.958],[116.025,56.891],[116.074,56.846],[116.138,56.833],[116.307,56.87],[116.465,56.792],[116.716,56.784],[116.765,56.76],[116.871,56.802],[116.977,56.794],[116.961,56.833],[117.096,56.83],[117.148,56.904],[117.262,56.965],[117.403,56.854],[117.472,56.874],[117.537,56.849],[117.581,56.898],[117.556,56.948],[117.609,56.963],[117.664,57.08],[117.577,57.166],[117.684,57.191],[117.726,57.264],[117.793,57.283],[117.622,57.33],[117.559,57.326],[117.543,57.283],[117.428,57.239],[117.365,57.268],[117.421,57.314],[117.403,57.351],[117.322,57.347],[117.322,57.454],[117.238,57.485],[117.204,57.53],[117.26,57.563],[117.286,57.627],[117.167,57.632],[117.114,57.679],[117.169,57.735],[117.133,57.8],[117.072,57.823],[117.121,57.853],[117.294,57.848],[117.324,57.891],[117.373,57.898],[117.379,57.93],[117.345,57.938],[117.372,58.048],[117.407,58.071],[117.385,58.13],[117.437,58.174],[117.511,58.131],[117.574,58.144],[117.53,58.248],[117.427,58.288],[117.463,58.33],[117.622,58.365],[117.7,58.421],[117.85,58.412]]]]}},{"type":"Feature","properties":{"id":"86","name":"Donetsk People’s Republic"},"geometry":{"type":"Polygon","coordinates":[[[37.977,49.131],[38.07,49.148],[38.041,49.07],[38.077,48.998],[38.01,48.954],[38.21,48.924],[38.231,48.854],[38.279,48.839],[38.297,48.783],[38.266,48.733],[38.306,48.725],[38.249,48.667],[38.26,48.544],[38.314,48.521],[38.31,48.45],[38.399,48.442],[38.481,48.358],[38.41,48.324],[38.424,48.286],[38.566,48.278],[38.604,48.179],[38.814,48.111],[38.8,48.057],[38.84,48.028],[39.027,48.007],[39.056,47.917],[39.036,47.857],[38.831,47.848],[38.771,47.781],[38.734,47.677],[38.662,47.683],[38.562,47.627],[38.319,47.591],[38.26,47.493],[38.258,47.393],[38.189,47.301],[38.292,47.287],[38.298,47.256],[38.203,47.192],[38.217,47.103],[38.142,47.038],[38.108,47.026],[38.13,47.075],[38.072,47.1],[37.71,47.074],[37.581,47.09],[37.483,47.036],[37.335,46.882],[37.227,46.937],[37.038,46.877],[37.01,46.927],[37.114,46.966],[37.094,47],[37.118,47.028],[37.011,47.066],[36.963,47.14],[36.857,47.194],[36.939,47.209],[36.919,47.301],[37.029,47.288],[37.072,47.301],[37.114,47.371],[37.182,47.353],[37.221,47.455],[37.129,47.451],[36.944,47.57],[36.893,47.551],[36.798,47.61],[36.752,47.602],[36.72,47.658],[36.747,47.675],[36.703,47.691],[36.653,47.788],[36.584,47.791],[36.569,47.867],[36.531,47.887],[36.542,47.91],[36.634,47.922],[36.577,47.971],[36.585,48.076],[36.665,48.088],[36.839,48.034],[36.893,48.068],[36.872,48.167],[36.927,48.201],[36.904,48.298],[36.812,48.326],[36.809,48.413],[36.847,48.434],[36.835,48.476],[36.891,48.534],[36.887,48.574],[36.819,48.578],[36.795,48.535],[36.749,48.531],[36.79,48.601],[36.732,48.606],[36.69,48.778],[36.82,48.772],[36.891,48.801],[37.024,48.759],[36.998,48.791],[37.019,48.814],[37.063,48.812],[37.089,48.842],[37.177,48.828],[37.221,48.898],[37.314,48.927],[37.292,48.98],[37.369,49.049],[37.61,49.15],[37.505,49.184],[37.547,49.227],[37.771,49.204],[37.859,49.231],[37.934,49.2],[37.887,49.16],[37.977,49.131]]]}},{"type":"Feature","properties":{"id":"87","name":"Luhansk People’s Republic"},"geometry":{"type":"Polygon","coordinates":[[[38.254,50.059],[38.3,50.06],[38.376,49.975],[38.497,49.948],[38.665,49.965],[38.687,49.914],[38.852,49.866],[38.937,49.803],[39.049,49.811],[39.156,49.874],[39.261,49.745],[39.557,49.724],[39.623,49.613],[39.802,49.542],[39.998,49.608],[40.131,49.58],[40.035,49.487],[40.16,49.334],[40.142,49.246],[39.952,49.125],[39.919,49.048],[39.681,49.02],[39.674,48.97],[39.759,48.895],[39.95,48.853],[40.009,48.888],[40.054,48.869],[39.975,48.79],[39.779,48.808],[39.703,48.747],[39.632,48.587],[39.835,48.573],[39.87,48.51],[39.845,48.483],[39.924,48.376],[39.816,48.308],[39.993,48.273],[39.843,48.12],[39.843,48.036],[39.76,48.015],[39.796,47.961],[39.776,47.858],[39.734,47.816],[39.392,47.823],[39.32,47.846],[39.113,47.829],[39.036,47.857],[39.056,47.917],[39.027,48.007],[38.84,48.028],[38.8,48.057],[38.814,48.111],[38.604,48.179],[38.566,48.278],[38.427,48.282],[38.41,48.324],[38.481,48.358],[38.399,48.442],[38.305,48.455],[38.314,48.521],[38.26,48.544],[38.249,48.664],[38.306,48.725],[38.266,48.733],[38.297,48.783],[38.279,48.839],[38.231,48.854],[38.21,48.924],[38.01,48.954],[38.077,48.998],[38.041,49.07],[38.07,49.148],[37.971,49.132],[37.895,49.156],[37.891,49.184],[37.934,49.2],[37.847,49.232],[37.929,49.291],[37.885,49.313],[37.861,49.423],[37.963,49.52],[37.944,49.597],[38,49.656],[37.998,49.716],[37.94,49.727],[38.045,49.785],[38,49.823],[38.08,49.843],[38.023,49.909],[38.166,49.941],[38.174,50.06],[38.254,50.059]]]}},{"type":"Feature","properties":{"id":"88","name":"Zaporizhzhia Oblast"},"geometry":{"type":"Polygon","coordinates":[[[35.515,48.079],[35.674,48.127],[35.809,48.067],[35.964,48.089],[35.975,48.029],[36.045,48.043],[36.021,48.004],[36.053,47.993],[36.059,47.951],[36.118,47.939],[36.098,47.873],[36.061,47.874],[36.079,47.845],[36.203,47.863],[36.215,47.83],[36.286,47.813],[36.361,47.84],[36.576,47.844],[36.584,47.791],[36.653,47.788],[36.703,47.691],[36.747,47.675],[36.72,47.658],[36.752,47.602],[36.798,47.61],[36.893,47.551],[36.944,47.57],[37.129,47.451],[37.219,47.458],[37.182,47.353],[37.114,47.371],[37.072,47.301],[37.029,47.288],[36.919,47.301],[36.939,47.209],[36.857,47.194],[36.963,47.14],[37.011,47.066],[37.118,47.028],[37.094,47],[37.114,46.966],[37.01,46.927],[37.038,46.877],[36.854,46.8],[36.862,46.777],[36.769,46.637],[36.744,46.65],[36.772,46.643],[36.802,46.725],[36.696,46.78],[36.4,46.724],[36.303,46.659],[36.278,46.607],[36.189,46.669],[35.902,46.653],[35.491,46.448],[35.28,46.255],[35.346,46.361],[35.312,46.338],[35.268,46.351],[35.285,46.437],[35.215,46.463],[35.188,46.512],[35.167,46.493],[35.209,46.396],[35.105,46.295],[35.06,46.306],[35.029,46.465],[34.854,46.5],[34.858,46.542],[34.762,46.547],[34.722,46.599],[34.733,46.662],[34.631,46.689],[34.63,46.713],[34.718,46.745],[34.747,46.812],[34.797,46.84],[34.722,46.927],[34.608,46.959],[34.56,47.012],[34.54,47.1],[34.499,47.141],[34.505,47.247],[34.475,47.274],[34.506,47.314],[34.298,47.272],[34.204,47.478],[34.595,47.569],[34.916,47.531],[34.93,47.571],[34.895,47.597],[34.944,47.746],[34.886,47.76],[34.902,47.831],[34.808,47.878],[34.82,47.907],[34.916,47.947],[34.813,48.016],[34.84,48.041],[34.846,48.121],[34.886,48.081],[35.029,48.119],[35.245,48.13],[35.515,48.079]]]}},{"type":"Feature","properties":{"id":"89","name":"Kherson Oblast"},"geometry":{"type":"Polygon","coordinates":[[[33.333,47.496],[33.563,47.575],[33.589,47.56],[33.584,47.515],[33.643,47.488],[33.902,47.514],[34.204,47.478],[34.298,47.272],[34.506,47.314],[34.475,47.274],[34.505,47.247],[34.499,47.141],[34.54,47.1],[34.56,47.012],[34.608,46.959],[34.722,46.927],[34.797,46.84],[34.747,46.812],[34.718,46.745],[34.63,46.713],[34.631,46.689],[34.733,46.662],[34.722,46.599],[34.762,46.547],[34.858,46.542],[34.854,46.5],[35.029,46.465],[35.06,46.306],[35.105,46.295],[35.031,46.252],[34.894,46.252],[34.812,46.177],[34.874,45.926],[34.978,45.763],[34.799,45.81],[34.802,45.901],[34.634,45.985],[34.563,45.994],[34.51,45.947],[34.469,45.946],[34.347,46.056],[34.183,46.067],[33.839,46.201],[33.739,46.185],[33.614,46.226],[33.637,46.141],[33.55,46.136],[33.531,46.107],[33.558,46.087],[33.496,46.068],[33.516,46.046],[33.424,46.053],[33.358,46.104],[33.29,46.095],[33.316,46.131],[33.215,46.128],[33.235,46.224],[33.175,46.153],[33.123,46.136],[33.023,46.17],[33.018,46.128],[32.766,46.136],[32.503,46.076],[32.262,46.128],[32.242,46.177],[32.269,46.205],[32.129,46.21],[32.05,46.266],[32.018,46.258],[31.886,46.32],[31.882,46.279],[31.772,46.303],[31.817,46.348],[31.968,46.351],[32.062,46.394],[32.008,46.449],[31.816,46.483],[31.852,46.522],[32.112,46.512],[32.361,46.467],[32.427,46.499],[32.408,46.517],[32.436,46.543],[32.646,46.65],[32.409,46.569],[32.336,46.562],[32.248,46.607],[32.146,46.56],[32.118,46.607],[32.009,46.64],[31.966,46.727],[32.155,46.742],[32.229,46.808],[32.351,46.796],[32.389,46.84],[32.523,46.833],[32.543,46.874],[32.709,46.824],[32.941,46.862],[32.807,46.882],[33.01,46.936],[32.957,46.954],[32.951,46.986],[32.975,47],[33.025,46.97],[33.062,47.015],[32.922,47.077],[32.915,47.104],[32.976,47.187],[33.036,47.178],[33.136,47.224],[33.105,47.272],[33.121,47.349],[33.026,47.409],[33.059,47.452],[33.085,47.415],[33.13,47.423],[33.089,47.583],[33.283,47.539],[33.333,47.496]],[[35.039,46.086],[34.982,46.078],[35.044,46.142],[35.2,46.183],[35.28,46.255],[35.162,46.128],[35.039,46.086]],[[32.639,46.06],[32.979,46.053],[33.057,46.025],[32.619,46.06],[32.639,46.06]],[[32.153,46.156],[31.58,46.263],[31.522,46.313],[31.504,46.373],[31.554,46.296],[31.618,46.259],[32.153,46.156]]]}}]}